.venv/bin/python -m pytest -q --tb=short tests/test_cli_loader.py tests/test_scratchpad_loader.py tests/test_virtual_wire_round_trip.py tests/test_strict_ready.py tests/test_strict_ready_gate.py tests/test_porting_workbench.py tests/test_porting_inventory.py tests/test_cli_misc.py tests/test_cli_sources_workflows_nodes.py tests/test_porting_convert.py tests/test_plugin_discovery.py tests/test_agent_acceptance.py tests/test_comfy_nodes_agent_backend_spine.py tests/test_porting_edit_apply.py tests/test_porting_edit_ops.py tests/test_porting_edit_corpus.py tests/test_porting_ui_materialize.py \
		--cov=vibecomfy \
		--cov-report=term-missing \
		--cov-report=xml \
		--cov-fail-under=0
..................................................ssss.................. [ 12%]
........................................................................ [ 24%]
........................................................................ [ 37%]
........................................................................ [ 49%]
........................................................................ [ 62%]
........................................................................ [ 74%]
...........................................................ss..sss...... [ 86%]
........................................................................ [ 99%]
....                                                                     [100%]
=============================== warnings summary ===============================
.venv/lib/python3.11/site-packages/_pytest/config/__init__.py:1434
  /Users/peteromalley/Documents/reigh-workspace/vibecomfy-oracle-onboard/.venv/lib/python3.11/site-packages/_pytest/config/__init__.py:1434: PytestConfigWarning: Unknown config option: timeout
  
    self._warn_or_fail_if_strict(f"Unknown config option: {key}\n")

tests/test_cli_loader.py::test_load_workflow_any_accepts_slash_ready_id
  /Users/peteromalley/Documents/reigh-workspace/vibecomfy-oracle-onboard/vibecomfy/templates.py:477: UserWarning: ReadyMetadata.build requirements['models'] differs from MODELS-derived model assets
    derived_requirements = _requirements_with_models(requirements, model_assets)

tests/test_virtual_wire_round_trip.py::test_default_convert_round_trip
  /Users/peteromalley/Documents/reigh-workspace/vibecomfy-oracle-onboard/tests/test_virtual_wire_round_trip.py:188: UserWarning: emit_ui_json: schema-less node 1(CheckpointLoaderSimple); emitting best-effort slots. Pass strict=True to hard-fail.
    ref_ui = emit_ui_json(wf, include_virtual_wires=True)

tests/test_virtual_wire_round_trip.py::test_default_convert_round_trip
  /Users/peteromalley/Documents/reigh-workspace/vibecomfy-oracle-onboard/tests/test_virtual_wire_round_trip.py:188: UserWarning: emit_ui_json: schema-less node 5(KSampler); emitting best-effort slots. Pass strict=True to hard-fail.
    ref_ui = emit_ui_json(wf, include_virtual_wires=True)

tests/test_virtual_wire_round_trip.py::test_default_convert_round_trip
  /Users/peteromalley/Documents/reigh-workspace/vibecomfy-oracle-onboard/tests/test_virtual_wire_round_trip.py:188: UserWarning: emit_ui_json: schema-less node 6(SaveImage); emitting best-effort slots. Pass strict=True to hard-fail.
    ref_ui = emit_ui_json(wf, include_virtual_wires=True)

tests/test_virtual_wire_round_trip.py::test_default_convert_round_trip
  /Users/peteromalley/Documents/reigh-workspace/vibecomfy-oracle-onboard/tests/test_virtual_wire_round_trip.py:188: UserWarning: emit_ui_json: schema-less node 10(SetNode); emitting best-effort slots. Pass strict=True to hard-fail.
    ref_ui = emit_ui_json(wf, include_virtual_wires=True)

tests/test_virtual_wire_round_trip.py::test_default_convert_round_trip
  /Users/peteromalley/Documents/reigh-workspace/vibecomfy-oracle-onboard/tests/test_virtual_wire_round_trip.py:188: UserWarning: emit_ui_json: schema-less node 11(GetNode); emitting best-effort slots. Pass strict=True to hard-fail.
    ref_ui = emit_ui_json(wf, include_virtual_wires=True)

tests/test_virtual_wire_round_trip.py::test_default_convert_round_trip
  /Users/peteromalley/Documents/reigh-workspace/vibecomfy-oracle-onboard/tests/test_virtual_wire_round_trip.py:188: UserWarning: emit_ui_json: schema-less node 12(SetNode); emitting best-effort slots. Pass strict=True to hard-fail.
    ref_ui = emit_ui_json(wf, include_virtual_wires=True)

tests/test_virtual_wire_round_trip.py::test_default_convert_round_trip
  /Users/peteromalley/Documents/reigh-workspace/vibecomfy-oracle-onboard/tests/test_virtual_wire_round_trip.py:188: UserWarning: emit_ui_json: schema-less node 13(GetNode); emitting best-effort slots. Pass strict=True to hard-fail.
    ref_ui = emit_ui_json(wf, include_virtual_wires=True)

tests/test_virtual_wire_round_trip.py::test_default_convert_round_trip
  /Users/peteromalley/Documents/reigh-workspace/vibecomfy-oracle-onboard/tests/test_virtual_wire_round_trip.py:188: UserWarning: emit_ui_json: schema-less node 14(Reroute); emitting best-effort slots. Pass strict=True to hard-fail.
    ref_ui = emit_ui_json(wf, include_virtual_wires=True)

tests/test_virtual_wire_round_trip.py::test_default_convert_round_trip
  /Users/peteromalley/Documents/reigh-workspace/vibecomfy-oracle-onboard/tests/test_virtual_wire_round_trip.py:242: UserWarning: emit_ui_json: schema-less node 1(CheckpointLoaderSimple); emitting best-effort slots. Pass strict=True to hard-fail.
    ui_a = emit_ui_json(

tests/test_virtual_wire_round_trip.py::test_default_convert_round_trip
  /Users/peteromalley/Documents/reigh-workspace/vibecomfy-oracle-onboard/tests/test_virtual_wire_round_trip.py:242: UserWarning: emit_ui_json: schema-less node 5(KSampler); emitting best-effort slots. Pass strict=True to hard-fail.
    ui_a = emit_ui_json(

tests/test_virtual_wire_round_trip.py::test_default_convert_round_trip
  /Users/peteromalley/Documents/reigh-workspace/vibecomfy-oracle-onboard/tests/test_virtual_wire_round_trip.py:242: UserWarning: emit_ui_json: schema-less node 6(SaveImage); emitting best-effort slots. Pass strict=True to hard-fail.
    ui_a = emit_ui_json(

tests/test_virtual_wire_round_trip.py::test_default_convert_round_trip
  /Users/peteromalley/Documents/reigh-workspace/vibecomfy-oracle-onboard/tests/test_virtual_wire_round_trip.py:254: UserWarning: emit_ui_json: schema-less node 1(CheckpointLoaderSimple); emitting best-effort slots. Pass strict=True to hard-fail.
    ref_flat = emit_ui_json(wf_reloaded, include_virtual_wires=False, prior_store=store)

tests/test_virtual_wire_round_trip.py::test_default_convert_round_trip
  /Users/peteromalley/Documents/reigh-workspace/vibecomfy-oracle-onboard/tests/test_virtual_wire_round_trip.py:254: UserWarning: emit_ui_json: schema-less node 5(KSampler); emitting best-effort slots. Pass strict=True to hard-fail.
    ref_flat = emit_ui_json(wf_reloaded, include_virtual_wires=False, prior_store=store)

tests/test_virtual_wire_round_trip.py::test_default_convert_round_trip
  /Users/peteromalley/Documents/reigh-workspace/vibecomfy-oracle-onboard/tests/test_virtual_wire_round_trip.py:254: UserWarning: emit_ui_json: schema-less node 6(SaveImage); emitting best-effort slots. Pass strict=True to hard-fail.
    ref_flat = emit_ui_json(wf_reloaded, include_virtual_wires=False, prior_store=store)

tests/test_virtual_wire_round_trip.py::test_keep_virtual_wires_round_trip
  /Users/peteromalley/Documents/reigh-workspace/vibecomfy-oracle-onboard/tests/test_virtual_wire_round_trip.py:322: UserWarning: emit_ui_json: schema-less node 1(CheckpointLoaderSimple); emitting best-effort slots. Pass strict=True to hard-fail.
    ui_b = emit_ui_json(

tests/test_virtual_wire_round_trip.py::test_keep_virtual_wires_round_trip
  /Users/peteromalley/Documents/reigh-workspace/vibecomfy-oracle-onboard/tests/test_virtual_wire_round_trip.py:322: UserWarning: emit_ui_json: schema-less node 5(KSampler); emitting best-effort slots. Pass strict=True to hard-fail.
    ui_b = emit_ui_json(

tests/test_virtual_wire_round_trip.py::test_keep_virtual_wires_round_trip
  /Users/peteromalley/Documents/reigh-workspace/vibecomfy-oracle-onboard/tests/test_virtual_wire_round_trip.py:322: UserWarning: emit_ui_json: schema-less node 6(SaveImage); emitting best-effort slots. Pass strict=True to hard-fail.
    ui_b = emit_ui_json(

tests/test_virtual_wire_round_trip.py::test_keep_virtual_wires_round_trip
  /Users/peteromalley/Documents/reigh-workspace/vibecomfy-oracle-onboard/tests/test_virtual_wire_round_trip.py:322: UserWarning: emit_ui_json: schema-less node 10(SetNode); emitting best-effort slots. Pass strict=True to hard-fail.
    ui_b = emit_ui_json(

tests/test_virtual_wire_round_trip.py::test_keep_virtual_wires_round_trip
  /Users/peteromalley/Documents/reigh-workspace/vibecomfy-oracle-onboard/tests/test_virtual_wire_round_trip.py:322: UserWarning: emit_ui_json: schema-less node 11(GetNode); emitting best-effort slots. Pass strict=True to hard-fail.
    ui_b = emit_ui_json(

tests/test_virtual_wire_round_trip.py::test_keep_virtual_wires_round_trip
  /Users/peteromalley/Documents/reigh-workspace/vibecomfy-oracle-onboard/tests/test_virtual_wire_round_trip.py:322: UserWarning: emit_ui_json: schema-less node 12(SetNode); emitting best-effort slots. Pass strict=True to hard-fail.
    ui_b = emit_ui_json(

tests/test_virtual_wire_round_trip.py::test_keep_virtual_wires_round_trip
  /Users/peteromalley/Documents/reigh-workspace/vibecomfy-oracle-onboard/tests/test_virtual_wire_round_trip.py:322: UserWarning: emit_ui_json: schema-less node 13(GetNode); emitting best-effort slots. Pass strict=True to hard-fail.
    ui_b = emit_ui_json(

tests/test_virtual_wire_round_trip.py::test_keep_virtual_wires_round_trip
  /Users/peteromalley/Documents/reigh-workspace/vibecomfy-oracle-onboard/tests/test_virtual_wire_round_trip.py:322: UserWarning: emit_ui_json: schema-less node 14(Reroute); emitting best-effort slots. Pass strict=True to hard-fail.
    ui_b = emit_ui_json(

tests/test_virtual_wire_round_trip.py::test_keep_virtual_wires_round_trip
  /Users/peteromalley/Documents/reigh-workspace/vibecomfy-oracle-onboard/tests/test_virtual_wire_round_trip.py:339: UserWarning: emit_ui_json: schema-less node 1(CheckpointLoaderSimple); emitting best-effort slots. Pass strict=True to hard-fail.
    ui_b_flat = emit_ui_json(

tests/test_virtual_wire_round_trip.py::test_keep_virtual_wires_round_trip
  /Users/peteromalley/Documents/reigh-workspace/vibecomfy-oracle-onboard/tests/test_virtual_wire_round_trip.py:339: UserWarning: emit_ui_json: schema-less node 5(KSampler); emitting best-effort slots. Pass strict=True to hard-fail.
    ui_b_flat = emit_ui_json(

tests/test_virtual_wire_round_trip.py::test_keep_virtual_wires_round_trip
  /Users/peteromalley/Documents/reigh-workspace/vibecomfy-oracle-onboard/tests/test_virtual_wire_round_trip.py:339: UserWarning: emit_ui_json: schema-less node 6(SaveImage); emitting best-effort slots. Pass strict=True to hard-fail.
    ui_b_flat = emit_ui_json(

tests/test_virtual_wire_round_trip.py::test_keep_virtual_wires_round_trip
  /Users/peteromalley/Documents/reigh-workspace/vibecomfy-oracle-onboard/tests/test_virtual_wire_round_trip.py:358: UserWarning: emit_ui_json: schema-less node 1(CheckpointLoaderSimple); emitting best-effort slots. Pass strict=True to hard-fail.
    ui_a_flat = emit_ui_json(

tests/test_virtual_wire_round_trip.py::test_keep_virtual_wires_round_trip
  /Users/peteromalley/Documents/reigh-workspace/vibecomfy-oracle-onboard/tests/test_virtual_wire_round_trip.py:358: UserWarning: emit_ui_json: schema-less node 5(KSampler); emitting best-effort slots. Pass strict=True to hard-fail.
    ui_a_flat = emit_ui_json(

tests/test_virtual_wire_round_trip.py::test_keep_virtual_wires_round_trip
  /Users/peteromalley/Documents/reigh-workspace/vibecomfy-oracle-onboard/tests/test_virtual_wire_round_trip.py:358: UserWarning: emit_ui_json: schema-less node 6(SaveImage); emitting best-effort slots. Pass strict=True to hard-fail.
    ui_a_flat = emit_ui_json(

tests/test_comfy_nodes_agent_backend_spine.py::test_handle_agent_edit_batch_python_query_feeds_render_to_next_turn
  /Users/peteromalley/Documents/reigh-workspace/vibecomfy-oracle-onboard/vibecomfy/porting/emit/emit_ready.py:1577: UserWarning: output arity disagreement for LoadImage: cached snapshot declares 2 outputs but UI declares 1; continuing with the UI output count because live/UI object_info takes precedence over stale embedded metadata.
    return check_output_arity_consensus(class_type, ui_output_count)

tests/test_porting_edit_apply.py::test_interpret_adds_node_and_emit_is_usable
  /Users/peteromalley/Documents/reigh-workspace/vibecomfy-oracle-onboard/tests/test_porting_edit_apply.py:165: UserWarning: emit_ui_json: schema-less node 4(EmptyLatentImage); emitting best-effort slots. Pass strict=True to hard-fail.
    emitted = emit_ui_json(

tests/test_porting_edit_apply.py::test_interpret_adds_node_and_emit_is_usable
  /Users/peteromalley/Documents/reigh-workspace/vibecomfy-oracle-onboard/tests/test_porting_edit_apply.py:165: UserWarning: emit_ui_json: schema-less node 6(VAEDecode); emitting best-effort slots. Pass strict=True to hard-fail.
    emitted = emit_ui_json(

tests/test_porting_edit_apply.py::test_guard_exit_ui_accepts_attributed_field_change
  /Users/peteromalley/Documents/reigh-workspace/vibecomfy-oracle-onboard/tests/test_porting_edit_apply.py:292: UserWarning: emit_ui_json: schema-less node 4(EmptyLatentImage); emitting best-effort slots. Pass strict=True to hard-fail.
    emitted = emit_ui_json(

tests/test_porting_edit_apply.py::test_guard_exit_ui_accepts_attributed_field_change
  /Users/peteromalley/Documents/reigh-workspace/vibecomfy-oracle-onboard/tests/test_porting_edit_apply.py:292: UserWarning: emit_ui_json: schema-less node 6(VAEDecode); emitting best-effort slots. Pass strict=True to hard-fail.
    emitted = emit_ui_json(

tests/test_porting_edit_apply.py::test_interpret_emit_fails_closed_when_exit_guard_rejects
  /Users/peteromalley/Documents/reigh-workspace/vibecomfy-oracle-onboard/vibecomfy/porting/edit/session.py:462: UserWarning: emit_ui_json: schema-less node 4(EmptyLatentImage); emitting best-effort slots. Pass strict=True to hard-fail.
    emitted = emit_ui_json(

tests/test_porting_edit_apply.py::test_interpret_emit_fails_closed_when_exit_guard_rejects
  /Users/peteromalley/Documents/reigh-workspace/vibecomfy-oracle-onboard/vibecomfy/porting/edit/session.py:462: UserWarning: emit_ui_json: schema-less node 6(VAEDecode); emitting best-effort slots. Pass strict=True to hard-fail.
    emitted = emit_ui_json(

-- Docs: https://docs.pytest.org/en/stable/how-to/capture-warnings.html
================================ tests coverage ================================
______________ coverage: platform darwin, python 3.11.14-final-0 _______________

Name                                                            Stmts   Miss  Cover   Missing
---------------------------------------------------------------------------------------------
vibecomfy/__init__.py                                              16      8    50%   1-85, 97-98
vibecomfy/_compile/__init__.py                                      4      4     0%   1-4
vibecomfy/_compile/_graph.py                                       27     15    44%   1-9, 32, 40, 44, 56-66, 80
vibecomfy/_compile/_helpers.py                                    144     72    50%   1-39, 43-51, 55, 63, 67, 84-96, 98-110, 115-123, 148, 156, 160-161, 169, 172, 178, 187, 191, 196, 200, 206, 210, 213-217, 221-229, 233-240, 244-251, 253, 257
vibecomfy/_compile/_resolve.py                                    244    128    48%   1-45, 79, 102-120, 127-136, 154, 161, 176, 185, 205-211, 223, 228, 235, 240, 249, 252, 257-264, 282-292, 309-321, 326, 336-344, 350, 361-369, 371-374, 378-379, 383, 387, 392-403, 407, 412-426, 437
vibecomfy/_compile/_widgets.py                                    111     83    25%   11-762, 771, 783-802, 807, 823, 831, 842-880, 882, 885-904
vibecomfy/_git_utils.py                                            49     28    43%   20, 30, 41-92, 98, 102-103, 107-111, 115, 119-123
vibecomfy/agent/deepseek_usage.py                                  50     20    60%   31, 36-37, 42-47, 62-73, 77-86
vibecomfy/analysis/__init__.py                                      4      0   100%
vibecomfy/analysis/corpus.py                                       97     69    29%   42, 70-199, 204-211
vibecomfy/analysis/fields.py                                       91     12    87%   103-104, 130, 150-151, 163-165, 182, 209, 211, 219
vibecomfy/analysis/graph.py                                       216    164    24%   28-35, 47-48, 54, 59-62, 66-85, 89-102, 115-118, 122-130, 141-156, 161, 167, 169-172, 177-193, 197-198, 222-225, 229-243, 247-262, 266-270, 274, 278, 288-300, 304, 308-311, 319-335, 339-342, 346-348, 352, 356-361, 369-380, 384-385
vibecomfy/analysis/node_coverage.py                               115     44    62%   102-125, 200-201, 217-218, 237-238, 253-263, 268-275, 282-283
vibecomfy/analysis/workflow_summary.py                             90     77    14%   202-244, 252-290, 301-321, 335-365, 374-401
vibecomfy/artifacts.py                                             39      8    79%   30, 33, 36-42
vibecomfy/blocks/__init__.py                                       74     32    57%   20-28, 31, 34-37, 40, 43, 47-56, 60-63, 92, 106-107
vibecomfy/blocks/_utils.py                                         25     18    28%   19-34, 38-40, 51-57
vibecomfy/blocks/decode.py                                         10      4    60%   16-24
vibecomfy/blocks/encoding.py                                       17      9    47%   17-33, 48-57
vibecomfy/blocks/latent.py                                         16      3    81%   25-33
vibecomfy/blocks/loaders.py                                        27      8    70%   27-48, 63-70, 81-88
vibecomfy/blocks/sampling.py                                       28     10    64%   29-37, 51-71
vibecomfy/blocks/save.py                                           21      7    67%   25-33, 47-56
vibecomfy/blocks/subgraph.py                                       29     14    52%   19-20, 35-47, 58-64
vibecomfy/blocks/video.py                                          18      6    67%   25-36
vibecomfy/cli/__init__.py                                          46     31    33%   30-59, 63-78
vibecomfy/cli/__main__.py                                           2      2     0%   2-3
vibecomfy/cli_loader.py                                            42      1    98%   39
vibecomfy/comfy_backend.py                                        136     91    33%   86-87, 113, 130-195, 201, 217-230, 235-252, 257-302, 315-318, 336, 342
vibecomfy/comfy_command.py                                         25      4    84%   15, 18, 21, 28
vibecomfy/comfy_nodes/__init__.py                                 256    177    31%   36, 58-72, 76-83, 89, 94, 109-121, 129-161, 169-195, 209-215, 231-251, 263-276, 284, 305-308, 329, 336, 348-349, 353-370, 395-517
vibecomfy/comfy_nodes/_server_compat.py                            17      5    71%   31, 38-41, 48
vibecomfy/comfy_nodes/agent/__init__.py                             9      0   100%
vibecomfy/comfy_nodes/agent/_agentic_replay_service.py            134    119    11%   10, 14-22, 26-34, 38-48, 52-57, 65-83, 92-124, 128-137, 146-167, 177-234
vibecomfy/comfy_nodes/agent/_artifact_store.py                    312     69    78%   101-102, 121, 124, 127-132, 134, 158-173, 255-259, 265, 274, 285, 289, 300, 307, 320, 324, 333, 335, 341, 349, 351, 360, 366, 372, 396-397, 420, 423-424, 426, 432, 434-439, 443-444, 446, 455, 476, 478, 487, 499-503, 530, 595, 727-739, 741-752
vibecomfy/comfy_nodes/agent/_canonical_contract_primitives.py      58      4    93%   149, 167, 172, 177
vibecomfy/comfy_nodes/agent/_frag_batch_loop.py                   438    383    13%   46-55, 82-92, 96-99, 103-138, 160-250, 259, 267-283, 287-290, 294-307, 316-338, 342-365, 369-406, 414-545, 549-592, 597-599, 603-638, 642-670, 677-684, 691-752, 758-857, 870-886, 890-925
vibecomfy/comfy_nodes/agent/_frag_batch_memory.py                 338    226    33%   20-26, 38, 40, 61, 68, 73-93, 107, 118, 123, 137, 142-143, 176, 179, 183-188, 191, 202-204, 227, 235, 256, 260-276, 289, 292, 296, 299, 303-317, 335-351, 355-367, 371-388, 392-417, 428-488, 530-602, 610-632
vibecomfy/comfy_nodes/agent/_frag_batch_reports.py                443    304    31%   63-78, 96-112, 123-155, 177, 179, 188, 200, 204, 206-210, 212, 228-232, 235-240, 274-295, 305-312, 334, 368, 370, 377-381, 385-389, 413-419, 424, 428, 438, 449, 458-466, 470-473, 477-494, 504-505, 507, 519-539, 543, 569-582, 595-617, 622-630, 635-639, 659-710, 718-747, 766-841
vibecomfy/comfy_nodes/agent/_frag_chat.py                         409    137    67%   45, 54, 56-60, 71, 107-108, 118-119, 132, 158-159, 176-177, 180, 196-199, 201, 211-212, 216-220, 236-246, 327, 347-348, 351, 412, 415-416, 432-434, 487, 509, 511, 515-529, 536, 539, 541, 543, 549, 552-578, 593, 596-628, 655-656, 688-689, 706-707, 715-716, 726-727, 753, 775-776, 786-787, 797, 800, 803
vibecomfy/comfy_nodes/agent/_frag_entrypoint.py                   331    135    59%   48-51, 78, 93, 109, 113-114, 119-121, 134-143, 154-166, 188-215, 232-237, 242-247, 249-256, 262-265, 297-312, 332-340, 342-352, 454-455, 458, 469-470, 473-474, 482, 497-537, 553-554, 567-612, 619, 629, 635, 656-664, 667, 670, 707-717, 726, 730, 740, 752, 761, 763, 767, 774, 807-810, 824, 864-868, 873-875
vibecomfy/comfy_nodes/agent/_frag_humanize.py                     692    481    30%   41-45, 70-76, 101, 109-110, 114-128, 135, 147-154, 158, 167-179, 183, 188-201, 211-229, 233-240, 244-250, 254-264, 268-279, 283-287, 291-292, 300-335, 347-360, 364-405, 409-415, 426-444, 451-454, 458-504, 510, 512, 516, 526, 528, 532, 538, 543-546, 551-552, 559, 563-569, 577-595, 599-617, 656, 664, 685-708, 715-723, 732-733, 738, 743, 754, 767, 803, 806-809, 811, 814-816, 825-849, 857-864, 877, 882-893, 900-904, 924, 979, 984, 995, 999, 1002-1005, 1007-1015, 1017-1022, 1025-1035, 1058-1217, 1226-1252, 1261-1297
vibecomfy/comfy_nodes/agent/_frag_ingest.py                       149    102    32%   38-54, 98-122, 126-176, 209-210, 233-253, 263-270, 291-315, 338-424, 469
vibecomfy/comfy_nodes/agent/_frag_narrator.py                     186     68    63%   40, 44-47, 51-54, 58-61, 65-68, 72-75, 79-82, 86-89, 93-96, 100-103, 106, 215-216, 225-226, 240, 329, 331, 334-348, 424, 435-447, 454-455, 480-481, 488-494
vibecomfy/comfy_nodes/agent/_frag_orchestration.py                201    157    22%   33-86, 89-156, 161-167, 173-187, 193-200, 208-219, 226-230, 237-247, 260-273, 302-313, 320-328, 357-388, 392-458
vibecomfy/comfy_nodes/agent/_frag_research.py                     382    295    23%   17-18, 36-85, 89, 106-120, 130, 146-175, 179-185, 189-195, 199-208, 212-218, 225-242, 246-267, 278-344, 352-359, 366-375, 402, 407, 442, 452-469, 505-520, 525-574, 578-624, 628-632, 636-642, 653, 659
vibecomfy/comfy_nodes/agent/_frag_response_contract.py            926    531    43%   38, 50-63, 67-73, 87-91, 96-112, 120-126, 150, 157-168, 187, 191-194, 230-242, 268-283, 287-305, 313-316, 320-325, 340-347, 351-357, 363, 365, 374, 378-383, 391-392, 419-420, 431, 451-453, 475-509, 519, 531, 563, 574-575, 587-609, 689-698, 708, 711, 714, 716-720, 726-736, 748-755, 777, 781-798, 803-820, 825-832, 846, 849, 852, 856-858, 880, 884-959, 983-999, 1007-1020, 1091-1093, 1105-1130, 1134, 1136-1137, 1144, 1150-1153, 1157-1167, 1175-1201, 1209, 1212, 1215, 1218, 1223-1234, 1243, 1248-1250, 1255-1266, 1270, 1289-1303, 1327-1328, 1352, 1421-1425, 1452-1489, 1502-1532, 1561, 1563, 1566, 1574, 1594, 1602, 1650, 1652, 1656, 1658, 1660-1661, 1666, 1668, 1673, 1707-1718, 1733, 1799, 1804, 1806-1807, 1809-1810, 1814-1815, 1817-1819, 1824-1825, 1827, 1843, 1853-1871, 1874-1876, 1879, 1883, 1891, 1906, 1916-2075
vibecomfy/comfy_nodes/agent/_frag_revision.py                     177    157    11%   27-40, 45-68, 72-75, 82-84, 88-91, 98-99, 117-184, 195-225, 229-236, 240-257, 261-279, 283-286, 294-318, 327-333, 352-363
vibecomfy/comfy_nodes/agent/_frag_revision_stages.py              118     93    21%   24-27, 44-67, 86-136, 152-163, 179-226, 251-252, 269-365
vibecomfy/comfy_nodes/agent/_frag_session_bundle.py               172    146    15%   39-99, 125-239, 255-266, 276-283, 287-290, 298-302, 322, 349, 365-397
vibecomfy/comfy_nodes/agent/_frag_state.py                        297     82    72%   267, 272-274, 280-307, 313-331, 339-344, 349-359, 380, 390, 397, 440, 443, 446-461, 479, 482, 486, 488, 491-496, 523, 526, 548, 551, 563, 565, 572, 584-593, 597, 605-630
vibecomfy/comfy_nodes/agent/_frag_transform_stages.py             449    153    66%   30-32, 36-42, 53-68, 72-95, 99-145, 164-177, 181-217, 245, 248, 251, 259, 268, 273, 311, 317, 329, 333, 335, 346, 364-366, 369, 376, 379, 393-394, 400-405, 421, 425, 445, 449, 452, 458, 461, 484, 488, 499, 545, 551, 573, 608-609, 613-620, 643, 669, 673, 684-696, 780, 788, 794, 797, 815, 819-820, 828, 839-873, 911, 948-964
vibecomfy/comfy_nodes/agent/_session_lock.py                      171     40    77%   25-30, 37-43, 71, 74, 77, 80, 83, 115, 122, 127-131, 152-153, 159-168, 179-180, 188-189, 215-216, 222, 271-272
vibecomfy/comfy_nodes/agent/_session_storage.py                   253    104    59%   65, 67, 70, 72, 74, 101, 111, 114-117, 122-123, 194-209, 215, 279, 283, 285, 289, 294, 298, 300, 306, 328-398, 434-450, 500-501, 504-505, 515-516
vibecomfy/comfy_nodes/agent/_session_transaction_journal.py       118     18    85%   25, 95-97, 201, 249, 307-316, 360, 364, 368, 370, 387, 391, 396, 398, 400
vibecomfy/comfy_nodes/agent/_turn_state_machine.py                160    150     6%   65-625
vibecomfy/comfy_nodes/agent/_v2_scoped_validation.py              599    184    69%   75-85, 95-96, 104-110, 116-134, 149, 153-163, 180, 188-216, 267, 281-284, 330, 347, 349-350, 362, 367, 373, 389, 398, 404, 431, 449-453, 475, 481, 485-489, 492, 513-516, 523-526, 536-541, 548-551, 571, 604, 608, 610, 613, 626, 629, 732, 750, 788, 812, 814, 919, 949-958, 962-968, 972, 988-1002, 1013-1019, 1051-1156, 1193, 1198, 1204
vibecomfy/comfy_nodes/agent/artifact_lineage.py                   116     29    75%   120, 122, 125, 127, 131, 136, 142, 147, 161, 164, 181, 201, 204, 206, 210, 229, 231, 234, 237, 241, 245, 252-253, 258, 260-262, 265, 274
vibecomfy/comfy_nodes/agent/audit.py                              245     35    86%   65, 89, 112, 118, 121-123, 128, 155-162, 210-211, 229-230, 251-253, 299, 303, 311, 319, 323-325, 367-369, 378, 404
vibecomfy/comfy_nodes/agent/authority_receipts.py                 603    172    71%   219, 288, 305, 307, 313, 325, 330, 332, 336, 340, 343, 346, 354, 357, 359, 362, 379, 381, 385, 392, 426, 431-433, 439, 450, 465, 482, 485, 489, 498-499, 512, 516, 524, 558, 561, 571, 611, 614, 623, 631, 633, 656, 660, 670, 699, 712, 718, 724-725, 747, 752, 756, 760, 771, 815, 821-824, 849, 862, 875, 879, 891-892, 901, 919, 937, 974-975, 983-984, 1011-1041, 1123-1124, 1144-1149, 1163-1168, 1274-1279, 1285, 1293, 1296-1298, 1300, 1326, 1328, 1330, 1332, 1336, 1352-1356, 1363, 1478-1570, 1603, 1605, 1621-1653
vibecomfy/comfy_nodes/agent/batch_rollback_journal.py             165     97    41%   67-68, 74, 99, 103-104, 107-108, 112-125, 133, 140-145, 174-179, 189-198, 214-227, 231-237, 247-295, 309-344
vibecomfy/comfy_nodes/agent/candidate_transaction.py              506    194    62%   149, 162, 170, 182, 188-190, 193, 197-202, 218, 234-240, 243, 246, 249-253, 264-310, 355-356, 365, 368-381, 384-394, 398, 428-429, 440-441, 460, 462, 465-468, 504, 530, 532, 545, 547, 557-559, 562, 565-566, 574, 589, 598, 606-607, 616, 619-621, 628, 630, 704, 708, 712, 717, 723, 747-761, 768-778, 803-807, 870-892, 913, 916, 925, 933, 948, 950, 953, 963, 966, 984, 987, 995-999, 1001-1008, 1011-1027, 1030, 1035, 1047-1053
vibecomfy/comfy_nodes/agent/completion_proofs.py                  109     44    60%   78-79, 87, 92, 97, 102, 110, 148-151, 158, 163, 168, 173, 178, 183, 188, 193, 200, 207, 214, 221, 227-231, 237-246, 261-275, 292, 305, 315
vibecomfy/comfy_nodes/agent/contracts.py                         1120    394    65%   156, 160-163, 184-189, 392, 495, 498-514, 527, 534, 555, 573, 591-592, 595, 618-619, 622, 635-643, 651-668, 677-678, 697-698, 701-716, 733-734, 1022, 1052, 1105, 1136, 1142, 1165, 1240, 1244, 1254-1261, 1327, 1341, 1354, 1358, 1364, 1368, 1377, 1385, 1401, 1403, 1453, 1480-1508, 1512-1516, 1520-1525, 1545, 1554, 1569, 1571-1573, 1576, 1584-1585, 1587-1589, 1601-1602, 1610-1618, 1655, 1659-1668, 1671, 1675, 1677, 1682-1687, 1689-1691, 1698-1708, 1728, 1781, 1785, 1789, 1820, 1828, 1835-1838, 1844-1857, 1859-1864, 1866, 1869-1870, 1872, 1896, 1905, 1910-1913, 1937-1938, 1956, 2023, 2029-2035, 2046-2047, 2061, 2063-2079, 2085-2093, 2100, 2129, 2141, 2147, 2154-2158, 2181-2203, 2207-2212, 2216-2224, 2228-2240, 2254-2271, 2275-2277, 2298, 2311-2318, 2326-2584, 2669-2674, 2693, 2698-2704, 2710-2735, 2739-2748, 2764-2795
vibecomfy/comfy_nodes/agent/diagnostics.py                        165     11    93%   86, 97-98, 142-143, 212-213, 426-445, 470-487
vibecomfy/comfy_nodes/agent/edit.py                                22      0   100%
vibecomfy/comfy_nodes/agent/edit_batch_repl.py                    814    441    46%   202, 232, 276, 289, 326-370, 390-408, 435, 442-450, 496, 500, 507, 513-520, 526, 530, 545-585, 593, 609-616, 621, 625, 629, 633, 651-702, 718-806, 812-816, 828-845, 879-947, 1026, 1116-1127, 1140-1164, 1205, 1245, 1264-1430, 1466-1542, 1600-1664, 1679-1681, 1727-1728, 1738, 1747-1754, 1804, 1806-1807, 1809, 1811-1812, 1827-1829, 1845, 1847-1848, 1854-1874, 1876-1907, 1931-1952, 1994-1995, 1997, 2023-2041, 2049-2051, 2062-2064, 2072-2074, 2089-2114, 2116-2125, 2148-2186, 2237-2243, 2288-2312, 2338-2363, 2367-2391
vibecomfy/comfy_nodes/agent/execution_plan.py                     639    454    29%   116-123, 127-138, 142, 152-162, 166, 175, 184, 188, 206, 235-236, 240, 244, 247, 280, 284, 287, 315, 318, 358-368, 372, 376, 379, 405, 431-447, 451, 454-470, 473-475, 479-481, 485-495, 499, 503-504, 508-509, 513-517, 521-525, 529-533, 537-539, 543, 547-553, 557-568, 577-584, 588, 595-608, 616-621, 625-637, 645-652, 656, 660-667, 675-696, 700-721, 728-742, 749-759, 766-788, 795-818, 825-841, 861-883, 890-910, 920-921, 932, 936-951, 961-964, 968, 978-984, 999-1000, 1028-1029, 1057-1059, 1070-1086, 1109-1322, 1348-1351, 1374-1383, 1393
vibecomfy/comfy_nodes/agent/execution_plan_runtime.py             124     88    29%   35, 39, 43, 47-49, 63-64, 79-81, 85-86, 98-100, 104-105, 116-118, 122-126, 130-131, 156-160, 195-198, 202-205, 212-217, 225-227, 236-239, 265-287, 312-323, 334-351, 378-386
vibecomfy/comfy_nodes/agent/executor_adapter.py                    11      0   100%
vibecomfy/comfy_nodes/agent/executor_durable.py                   186     45    76%   48, 53, 56, 94, 102, 106, 116-128, 130, 176, 178, 183, 197-206, 212, 248-255, 279-283, 301, 305, 360, 367, 378-379, 381-382, 388-390, 402, 413-414
vibecomfy/comfy_nodes/agent/executor_response.py                  113     60    47%   9, 12-14, 50-51, 72-75, 93-131, 150, 163, 172-173, 185-214
vibecomfy/comfy_nodes/agent/fixture_provider.py                   105    105     0%   37-281
vibecomfy/comfy_nodes/agent/gates.py                              202     75    63%   94-96, 101-103, 110-134, 147-161, 165-166, 189-227, 271, 396, 400, 423, 447-449, 480-521, 526-545
vibecomfy/comfy_nodes/agent/hivemind_feedback.py                  175    123    30%   36-39, 42, 69-75, 79-85, 89-102, 106-117, 124-137, 141-147, 153-161, 171-178, 188-201, 208, 212-272, 281-288, 296-301, 310-347
vibecomfy/comfy_nodes/agent/layout_operation_v1.py                194    165    15%   77-80, 84-86, 91-114, 119-122, 126-179, 185-188, 197-216, 230-236, 252-284, 300-310, 315-320, 325-328, 347-424
vibecomfy/comfy_nodes/agent/layout_reorganisation.py              241    241     0%   1-530
vibecomfy/comfy_nodes/agent/mutation_materialization_v1.py        145    120    17%   80-82, 86-105, 109-170, 174-178, 182-187, 191-199, 212-219, 230-242, 253-282, 291-311, 323-411
vibecomfy/comfy_nodes/agent/obligation_ledger.py                  288    288     0%   27-785
vibecomfy/comfy_nodes/agent/projection_registry_v1.py             699    372    47%   87, 105-106, 110-113, 117-125, 136-150, 173-177, 197-207, 227, 234, 253, 257, 264, 288, 299, 304, 310, 353-358, 379-382, 388, 393, 397, 400-405, 411, 418, 454-455, 480-483, 499, 503-525, 532-542, 548-558, 565-585, 596-642, 646, 662-704, 712, 717-718, 726, 746, 749, 753, 755, 757, 761, 764, 767, 770-788, 792-869, 881, 890-940, 945, 963, 965, 967, 971, 973, 976, 1003-1004, 1010, 1019-1028, 1031, 1035, 1037, 1039-1042, 1068, 1072, 1089, 1091-1095, 1104, 1110, 1112, 1114, 1120, 1129
vibecomfy/comfy_nodes/agent/provider.py                           927    201    78%   83, 89, 102, 106, 147, 195-197, 204-206, 261, 269, 273-276, 292-293, 297-298, 302-303, 307-308, 312-313, 317-318, 322-324, 329, 336, 338, 340, 364, 415, 424, 426, 438, 448, 686, 856, 861, 864, 912, 915, 976, 1028, 1030, 1126-1134, 1144, 1153, 1155, 1210, 1320, 1323-1325, 1355, 1363-1365, 1402-1412, 1437-1460, 1485-1507, 1552-1574, 1606, 1620-1633, 1688-1698, 1711, 1723-1726, 1738-1739, 1771, 1800-1801, 1903-1906, 1910-1915, 1931-1933, 1935, 1937, 1942, 1988, 1999-2006, 2014, 2078-2081, 2127-2128, 2165, 2181-2192, 2231, 2268, 2278, 2284-2285, 2295, 2300-2301, 2313-2338, 2361, 2365, 2387
vibecomfy/comfy_nodes/agent/reorganise.py                         259    219    15%   52, 64-298, 309-418, 438-459, 469-472, 476-477, 481, 507-533, 544-550, 574-605, 617-650, 687-693, 697-709, 713-729, 733-737, 750-757, 761-771, 775-777, 781-783, 787-789, 793
vibecomfy/comfy_nodes/agent/routes.py                            1107    922    17%   66-68, 78, 82, 86, 97-141, 149, 154, 159-164, 168-170, 174-182, 186-201, 205, 209-211, 221-240, 244-252, 261-276, 285-303, 311-330, 335-434, 454-455, 467, 471, 475, 479, 486, 494, 503-558, 605, 611, 622, 637-643, 648, 657-658, 690-702, 707, 711, 719, 721, 726, 739, 746-767, 771-772, 784-791, 820-824, 834-842, 854-875, 886-903, 907-926, 934-980, 1002, 1007-1013, 1017, 1019, 1029, 1047-1048, 1050, 1072-1080, 1089-1103, 1107-1154, 1164-1173, 1177, 1187-1209, 1217-1276, 1284-1352, 1360-1383, 1396-1443, 1462-1477, 1481-1486, 1490-1500, 1507-1515, 1519-1520, 1524-1534, 1538-1552, 1565-1580, 1588-1590, 1596-1609, 1614-1620, 1637-2135, 2146-2251
vibecomfy/comfy_nodes/agent/runtime.py                            666    203    70%   234, 238, 285-288, 293, 300-305, 313-314, 367, 377-395, 408-410, 436-437, 449-451, 459, 462, 486, 488, 490, 497, 501, 520, 526, 531-533, 555-567, 579, 594, 596, 604, 614, 623, 628, 633, 651, 682, 694, 704-709, 722, 725-729, 775, 784, 805, 823-837, 870-876, 888, 891, 896-917, 959, 982, 1054, 1133-1143, 1157, 1176, 1253, 1304-1306, 1325-1357, 1371-1403, 1418, 1421, 1442, 1455, 1457, 1465-1467, 1494-1495, 1500, 1515-1535, 1545, 1586-1608, 1636, 1674-1686, 1745, 1769, 1817, 1819
vibecomfy/comfy_nodes/agent/runtime_code.py                       178    178     0%   1-495
vibecomfy/comfy_nodes/agent/session.py                           1501    459    69%   276, 301, 313, 342-343, 362-363, 381-426, 449-452, 456, 473-480, 485-513, 518-572, 576, 580, 584, 588-606, 611-616, 624-651, 655-656, 660-673, 677-684, 696-763, 773-780, 791-810, 820-833, 837-847, 949, 964, 969, 981, 1218, 1231, 1237, 1249, 1262, 1270, 1279, 1286, 1311, 1410, 1434, 1474-1477, 1486-1495, 1500, 1532, 1539, 1547, 1550, 1558, 1561, 1567, 1583, 1608-1609, 1641, 1658, 1694, 1718-1738, 1768, 1778, 1809, 1811, 1957, 2021, 2036, 2055, 2077, 2088, 2098, 2110-2111, 2133, 2145, 2174-2206, 2231, 2293-2298, 2354-2357, 2442, 2451, 2515, 2532, 2551-2562, 2636, 2647, 2702-2703, 2725, 2737, 2744, 2751, 2803, 2806-2807, 2819, 2828, 2879, 2893-2897, 2908, 2925, 2935, 2943, 2971, 2973, 3021, 3028, 3035, 3080-3094, 3121-3221, 3398-3414, 3434, 3566, 3571-3572, 3575, 3579, 3619, 3645-3650, 3701, 3705, 3709, 3717, 3726-3754, 3759, 3776-3778, 4004-4008, 4042, 4084, 4100, 4154, 4169, 4260-4305, 4342, 4351, 4370, 4378, 4507
vibecomfy/comfy_nodes/agent/worker.py                             319    319     0%   41-671
vibecomfy/comfy_nodes/exec_examples.py                              4      0   100%
vibecomfy/comfy_nodes/exec_node.py                                153    111    27%   43-69, 73-102, 109-112, 116-128, 132-133, 144-157, 161-165, 169-172, 179-198, 230-233, 242-250
vibecomfy/commands/__init__.py                                     39      3    92%   86, 103, 110
vibecomfy/commands/_agent_edit_debug.py                           314    257    18%   65-70, 74-78, 81-84, 87, 90-91, 97-104, 107-114, 122, 149-154, 158-165, 169-187, 190-234, 237-253, 256-286, 289-294, 297-311, 314-316, 319-323, 326-338, 348-353, 356-364, 378-403, 406-431, 458-475, 478-484, 487
vibecomfy/commands/_checks.py                                     142    101    29%   54-68, 79-85, 94-113, 122-139, 148-160, 174-189, 198-200, 209-223, 232, 236-244, 253-273, 277-285, 289
vibecomfy/commands/_diagnostics.py                                 25      1    96%   35
vibecomfy/commands/_index_files.py                                 19      0   100%
vibecomfy/commands/_model_entries.py                               26     17    35%   12-18, 22-31
vibecomfy/commands/_output.py                                      21      0   100%
vibecomfy/commands/_workflow_path.py                               22      0   100%
vibecomfy/commands/agentic.py                                       8      2    75%   7-11
vibecomfy/commands/analyze.py                                     279    169    39%   30, 34-35, 39-41, 45-47, 51-53, 57-59, 63-66, 70-72, 76-78, 82-84, 88-94, 98-114, 118-124, 128-132, 136-138, 142-149, 153-157, 161-175, 179, 183-185, 189-200, 204-206, 210, 222-226, 230-234, 238-240, 244-277, 281-305, 309-319, 323-325, 329, 333, 360-373
vibecomfy/commands/analyze_names.py                               144    102    29%   97-118, 138-168, 187-207, 211-214, 218-223, 227-239, 243-252, 256-263, 267-268, 272-278, 282-288, 292-295
vibecomfy/commands/check.py                                        22      6    73%   15-16, 20-28
vibecomfy/commands/config.py                                      122     86    30%   87-118, 122-157, 162-178, 182-219
vibecomfy/commands/contract.py                                     49     14    71%   20-35, 63, 68-80
vibecomfy/commands/copy_to_recipe.py                               78      9    88%   49-51, 65-67, 88, 93, 98
vibecomfy/commands/debug.py                                        11      2    82%   9-10
vibecomfy/commands/doctor.py                                      385    309    20%   44-180, 184-185, 189, 193-198, 202-203, 207, 211-213, 217-221, 225-229, 233-246, 250, 254-315, 319-327, 331-339, 344-345, 348, 351, 354-372, 376, 386-392, 396-402, 406-413, 417, 421, 425-437, 441-464, 468-490, 494, 498-519, 523, 527, 531-574, 578, 582-603, 607-610, 614-624
vibecomfy/commands/fetch.py                                        30     16    47%   12-28
vibecomfy/commands/inspect.py                                      73      9    88%   30-32, 38, 74, 106-109
vibecomfy/commands/logs.py                                         20     10    50%   9-18
vibecomfy/commands/models.py                                       25      7    72%   11-18
vibecomfy/commands/nodes.py                                       639    275    57%   33-34, 40, 49-51, 53-57, 69-71, 73-99, 103-115, 119-121, 172-173, 177, 181, 184, 211-213, 240-241, 243-244, 253-256, 263-265, 276-278, 314, 326-328, 333-334, 336-339, 358-380, 397-398, 402-411, 415-421, 429-431, 476-478, 483-493, 497, 499, 506-517, 555-574, 595-612, 628, 640-667, 700-702, 706-781, 785-837, 841-856
vibecomfy/commands/port/__init__.py                                18      0   100%
vibecomfy/commands/port/_check.py                                  28     20    29%   19-32, 36-53
vibecomfy/commands/port/_convert.py                               118     81    31%   36-43, 47-48, 65, 67-75, 89-90, 100-106, 115-160, 164-167, 185-232
vibecomfy/commands/port/_doctor_all.py                            106     85    20%   18-47, 51-78, 100-115, 122-148, 152-158, 162-174, 178-184, 188-224, 228-230, 234-238
vibecomfy/commands/port/_export.py                                289    264     9%   24-61, 75-81, 101-196, 200-209, 213-219, 227-242, 250-252, 257, 270-271, 285-300, 329-387, 391-397, 401-637
vibecomfy/commands/port/_inventory.py                              27     21    22%   16-21, 25-67
vibecomfy/commands/port/_lint.py                                   50     41    18%   15-79
vibecomfy/commands/port/_register.py                              102      0   100%
vibecomfy/commands/port/_repair.py                                 20     14    30%   11-34
vibecomfy/commands/port/_rules.py                                  26     21    19%   11-33
vibecomfy/commands/port/_shared.py                                171    109    36%   45, 57, 60, 68, 81-82, 96-145, 149-203, 215-243, 251-252, 263-271, 280, 285-294, 317-350
vibecomfy/commands/port/_simulate.py                               40     31    22%   16-64
vibecomfy/commands/port/_validate_call.py                          33     26    21%   13-68
vibecomfy/commands/port/_widgets.py                                39     29    26%   14-42, 46-64
vibecomfy/commands/reorganise.py                                  308    238    23%   46-94, 98-140, 144-148, 158-162, 171-174, 182-190, 194-216, 223-235, 242-262, 272-281, 290-296, 300-304, 316-404, 413, 421, 447-467, 471-485, 489, 506-539, 543, 550-553, 557-560, 564-567, 571, 575-581, 585
vibecomfy/commands/run.py                                         162    127    22%   42-43, 49-184, 195-202, 214-221, 230-234, 238-251, 260
vibecomfy/commands/runpod.py                                      184    111    40%   14-20, 24-46, 50-55, 59, 63-66, 70-73, 77-81, 85-121, 125-145, 149-153, 157-216
vibecomfy/commands/runpod_setup.py                                212    156    26%   87-94, 99-106, 110-111, 129-155, 165-194, 203-209, 219-226, 230-237, 247-260, 270-283, 292-299, 309-314, 326-351, 361-382, 386-391, 395-398, 402-405
vibecomfy/commands/runtime.py                                     135     56    59%   20-26, 36-45, 54-59, 63-78, 87-93, 124, 140, 156, 166-175, 185-192, 197-198, 204, 207
vibecomfy/commands/schemas.py                                     547    474    13%   37-65, 75-96, 101-139, 143-154, 164-169, 173-189, 192-201, 205-207, 220-228, 247-296, 300-320, 343-371, 388-391, 405-505, 515-525, 535-562, 571-596, 601-617, 655-686, 698-718, 723-736, 741-743, 754-758, 779-858, 871-995
vibecomfy/commands/search.py                                       42     22    48%   15-65, 69-71
vibecomfy/commands/session.py                                     202    147    27%   28, 32-66, 70-107, 111-149, 153-160, 164-188, 192-199, 203-208, 212-220, 261-268, 272
vibecomfy/commands/sources.py                                      18      3    83%   11-17
vibecomfy/commands/test.py                                        169    138    18%   19-20, 25-29, 34-44, 48-49, 57-104, 108-139, 143-211
vibecomfy/commands/validate.py                                    130     97    25%   22-55, 60-81, 85, 94, 103, 118-120, 124, 128, 146-177, 181-197
vibecomfy/commands/watchdog.py                                     73     58    21%   18-43, 47-82
vibecomfy/commands/workflows.py                                   264     47    82%   59, 68, 82, 207, 212-223, 334, 336, 365-380, 392, 398, 448-449, 469-471, 481, 483, 522-523, 564, 609-644
vibecomfy/contracts/__init__.py                                    11      5    55%   1-115, 123
vibecomfy/contracts/diagnostic.py                                  20     20     0%   1-74
vibecomfy/contracts/doctor.py                                      75     31    59%   58-62, 79-98, 153-154, 159, 165-188, 192-213, 218-226
vibecomfy/contracts/intent_nodes.py                               483    287    41%   1-265, 269-281, 295-301, 305, 309, 318, 322-333, 344, 348, 350, 364, 366, 372-378, 384, 387, 392-399, 401-409, 416, 429, 438, 446, 453, 461, 477, 498-499, 511, 518, 537, 549-551, 564, 574, 577, 600, 608, 616, 630-633, 639, 650, 658, 663, 671, 679, 702, 715, 722, 730, 747, 770, 781, 798-840, 848-857, 879-1000, 1005, 1007-1012, 1015, 1017-1018, 1020-1021, 1024-1050, 1061-1067, 1070, 1118, 1123, 1126, 1131-1140, 1150, 1152, 1155, 1169, 1177-1187, 1194-1201, 1205, 1212-1219, 1223-1230, 1235-1293, 1297-1306, 1309, 1313, 1318-1325, 1328-1335, 1337-1344, 1349
vibecomfy/contracts/ir.py                                          27     27     0%   1-93
vibecomfy/contracts/ltx_first_last.py                             133    133     0%   1-303
vibecomfy/contracts/model.py                                      115      8    93%   18, 20, 23-26, 98, 112, 226
vibecomfy/contracts/summary.py                                     29     29     0%   1-60
vibecomfy/contracts/surface.py                                     65     15    77%   42, 44, 73-76, 81, 84-85, 88, 92, 98-99, 112-113
vibecomfy/contracts/validation.py                                  59     43    27%   1-32, 45-46, 50, 100-104, 121-152
vibecomfy/custom_node_refs.py                                     114     32    72%   31-37, 51-53, 56-58, 63-77, 84, 106-116, 121, 147, 149
vibecomfy/demo_factory/__init__.py                                 10     10     0%   6-30
vibecomfy/demo_factory/__main__.py                                  4      4     0%   2-7
vibecomfy/demo_factory/additive_judge.py                          172    172     0%   8-456
vibecomfy/demo_factory/baseline.py                                416    416     0%   7-904
vibecomfy/demo_factory/case.py                                    411    411     0%   9-889
vibecomfy/demo_factory/cli.py                                     131    131     0%   2-294
vibecomfy/demo_factory/creative.py                                387    387     0%   7-895
vibecomfy/demo_factory/deltas.py                                  696    696     0%   7-1842
vibecomfy/demo_factory/fixer.py                                    85     85     0%   8-207
vibecomfy/demo_factory/inquiry.py                                  24     24     0%   2-71
vibecomfy/demo_factory/ledger.py                                  113    113     0%   7-192
vibecomfy/demo_factory/oracle.py                                  147    147     0%   6-422
vibecomfy/demo_factory/predicates.py                              360    360     0%   6-662
vibecomfy/demo_factory/run_campaign.py                            410    410     0%   15-1482
vibecomfy/demo_factory/transcript.py                               57     57     0%   7-127
vibecomfy/diagnostics/__init__.py                                   4      0   100%
vibecomfy/diagnostics/findings.py                                  33     12    64%   19-30, 39, 43, 47, 51
vibecomfy/diagnostics/health.py                                    94     52    45%   23-31, 42, 46, 50, 53, 70, 78-91, 95-112, 116-130, 134-159, 163-170, 174, 189-193
vibecomfy/environment_diagnostics.py                               74     56    24%   13, 16, 21-34, 38-52, 56, 60-80, 84-87
vibecomfy/errors.py                                                71     65     8%   8-29, 39, 41, 44-258
vibecomfy/executor/__init__.py                                     13      7    46%   39-45
vibecomfy/executor/agent_backend.py                               132     81    39%   63, 75-81, 89, 107-120, 130-140, 148-156, 168-182, 264, 278-294, 377-473
vibecomfy/executor/agent_research_stage.py                        697    587    16%   179-183, 198-205, 216, 242-264, 274-276, 280-283, 296-311, 325-339, 355-402, 423-458, 462-487, 497-503, 534-542, 569-585, 601-615, 626-655, 684-756, 764-768, 773-789, 794-802, 807-810, 831-894, 916-1008, 1027-1073, 1079-1091, 1108, 1147-1169, 1187, 1198-1202, 1222-1224, 1244-1250, 1300-1909
vibecomfy/executor/contracts.py                                  1274    641    50%   102, 134-142, 154-156, 161-166, 177, 179, 184, 211, 214-215, 220, 223-224, 238-240, 264, 316, 373, 384, 429-430, 443-455, 460, 462, 470, 482-484, 496-529, 533, 537-542, 546-556, 560-570, 581, 662, 665, 690, 694-709, 714-760, 841, 845, 875, 877, 897, 906-910, 919-956, 970, 992, 1018-1030, 1038-1050, 1107, 1109, 1117, 1121, 1128-1157, 1161-1241, 1285-1286, 1319-1320, 1339-1340, 1366-1368, 1372, 1455-1484, 1525-1533, 1547, 1557-1568, 1592-1595, 1610, 1617-1627, 1658-1675, 1680, 1691, 1732-1736, 1745, 1757-1769, 1801-1821, 1836-1840, 1853, 1864-1879, 1906-1926, 1938-1942, 1947-1951, 1954-1968, 2015, 2035, 2044-2046, 2053-2059, 2061, 2063, 2076, 2080, 2088-2097, 2135, 2151-2173, 2216-2278, 2310-2370, 2398-2414, 2444-2447, 2451, 2484-2493, 2497, 2501-2502, 2504-2509, 2513, 2520-2529, 2559-2569, 2646-2650, 2653, 2670, 2700, 2702-2718, 2737, 2752-2772, 2777-2785, 2833-2848, 2851-2860, 2864-2866
vibecomfy/executor/core.py                                       1274    992    22%   92, 96, 100, 128, 132, 164, 170-183, 191-196, 201-204, 297, 302-312, 317, 322, 327, 363-367, 376-380, 396-409, 432-565, 579-625, 633-649, 657-675, 696-701, 707, 718-723, 741-756, 785-875, 894, 902, 907, 931, 935, 946, 953, 963-998, 1009, 1019-1088, 1109-1166, 1187-1226, 1252-1256, 1265-1338, 1375-1392, 1415-1656, 1665-1667, 1672-1680, 1689-1716, 1728-1826, 1865, 1873, 1892-1893, 1898, 1910, 1928, 1930, 1959-1960, 1973, 1986, 1990, 1998-2002, 2012, 2016-2022, 2032, 2035, 2046, 2050, 2054, 2064-2068, 2116, 2118-2120, 2129-2133, 2144-2155, 2169-2215, 2315, 2320-2326, 2348-2350, 2360-2370, 2375-2384, 2401-2412, 2417-2423, 2428-2438, 2448-2459, 2463-2470, 2475-2490, 2502-2511, 2520-2527, 2540-2573, 2590-2615, 2640-2830, 2847-2848, 2896-2910, 2929-2944, 2948-2951, 3053-3056, 3072, 3097-3115, 3139-3580, 3588-3591, 3611-3614, 3624, 3635-3647
vibecomfy/executor/edit_suggestion_tools.py                       304    304     0%   48-958
vibecomfy/executor/evidence_pack.py                               179    121    32%   23-27, 31-43, 47-54, 59-74, 80-84, 89-91, 107-112, 126-133, 136-144, 148-156, 184-204, 216-226, 230-238, 252-261, 265, 272-274, 279, 283-290, 294-310, 321-329, 332, 342-349
vibecomfy/executor/graph_facts.py                                 365    272    25%   39-40, 108-115, 126-159, 185-187, 202-210, 218-237, 241-275, 279-296, 307-314, 325, 329, 333-334, 338-339, 348-362, 372-386, 390-405, 409-417, 427-460, 468-494, 498-501, 510, 525-557, 571-579, 583, 596-639, 643-650, 654-655, 659-663, 667-672, 676-681, 690-695
vibecomfy/executor/graph_inspection.py                            616    520    16%   64-66, 96-97, 124-141, 157, 164-168, 173-180, 184-191, 195-205, 209-218, 222-248, 253-262, 266-316, 325-363, 405, 416-422, 436-442, 452-458, 462-467, 475-488, 497-519, 537-543, 555-568, 585-592, 604-633, 653-671, 688-695, 711-729, 739, 785-836, 844-848, 855-861, 871-918, 927-938, 946-1014, 1023-1040, 1049-1060, 1069-1076, 1087-1101, 1106-1121, 1145-1194, 1206-1213, 1228-1242, 1249-1256
vibecomfy/executor/hivemind_clients.py                            494    434    12%   233-237, 241, 251-253, 280-338, 346, 358-387, 397-398, 434-439, 448-454, 466, 481-491, 495-499, 503-505, 509-519, 523-526, 544-552, 572-609, 622-720, 784-790, 795-805, 810, 820, 845-943, 947-956, 965-980, 990-1014, 1025-1036, 1084-1223, 1238-1249
vibecomfy/executor/hivemind_tools.py                              216    178    18%   85, 93-97, 101-106, 110-114, 118-129, 134-151, 155, 164-166, 186-261, 299-304, 314-318, 329-336, 341-345, 371-427, 488-616, 642-690
vibecomfy/executor/layout_hints.py                                512    512     0%   19-1284
vibecomfy/executor/lookup_tools.py                                223    223     0%   28-788
vibecomfy/executor/profiler.py                                     77      8    90%   28, 31, 34, 54-56, 74-75
vibecomfy/executor/profiles.py                                     99     40    60%   52, 70-73, 87, 95, 120, 124, 139, 145, 151, 156-157, 163, 179-210, 227, 247-250, 266-270
vibecomfy/executor/prompts.py                                     333    210    37%   401, 403, 405, 407, 412, 420-487, 647-769, 788-812, 824-826, 833-848, 904, 906, 989-1009, 1052-1053, 1058-1064, 1069-1080, 1094-1119
vibecomfy/executor/provenance.py                                  148    148     0%   11-277
vibecomfy/executor/revision_evidence.py                           729    686     6%   57-273, 323-414, 427-433, 437-446, 450-462, 467-470, 477-496, 521-527, 536-544, 548-558, 564-582, 588-612, 621-635, 639-662, 670-694, 698-704, 708-709, 716-717, 731-762, 775-776, 816-1034, 1064-1073, 1078-1086, 1091-1110, 1120-1128, 1133-1146, 1151-1170, 1179-1190, 1195-1205, 1217-1220, 1226-1233, 1269-1410
vibecomfy/executor/stage_contracts.py                             145     95    34%   29-39, 53-62, 65, 75-82, 103-112, 119-128, 132-142, 180-226, 234, 237-255, 259-277
vibecomfy/executor/threaded.py                                    163    163     0%   9-494
vibecomfy/executor/tool_contracts.py                               82     43    48%   36-42, 52-56, 59, 67-74, 93-115, 118-127, 131-139
vibecomfy/executor/tool_specs.py                                  334    255    24%   48-51, 56-61, 65, 70-77, 86, 96-101, 111-119, 123-128, 137-174, 180-213, 219-260, 266-305, 311-342, 348-374, 380-410, 416-444, 450-478, 484-518, 532-542, 555-562, 572-573, 579-591, 601-602, 611-612, 621-625, 631-632, 643-644, 656-657, 667-671, 707, 709, 869, 887, 889, 893-896, 906-910, 926, 944-965, 981-996
vibecomfy/executor/web_tools.py                                   243    243     0%   37-607
vibecomfy/extras.py                                                74      7    91%   20-22, 25-27, 84, 87, 100
vibecomfy/fetch.py                                                116    101    13%   11-38, 42-52, 56-61, 65-77, 81-114, 118-134, 138-143
vibecomfy/handles.py                                               23     23     0%   1-31
vibecomfy/identity/__init__.py                                      4      0   100%
vibecomfy/identity/codec.py                                        65     29    55%   60-63, 78, 80, 84-90, 104-105, 120-131, 143-154
vibecomfy/identity/scope.py                                        42      4    90%   48, 73, 102, 120
vibecomfy/identity/uid.py                                          23      6    74%   28, 38-41, 61
vibecomfy/index_types.py                                           23      0   100%
vibecomfy/ingest/__init__.py                                       13      8    38%   37-45
vibecomfy/ingest/index.py                                          87     73    16%   11-30, 34, 38-47, 51-59, 63-68, 72-87, 91-98, 102-109, 113-117
vibecomfy/ingest/loader.py                                         11      1    91%   12
vibecomfy/ingest/normalize.py                                     935    468    50%   17, 25-27, 31, 38, 42, 46-48, 52, 59, 63, 67-69, 73, 146, 153, 156, 175, 181, 209, 336, 340-344, 368, 373, 385, 387, 400-408, 421-424, 432, 436, 439, 464, 488-500, 522-549, 561-562, 572, 588-592, 599, 603, 621-622, 624-625, 630-631, 652-676, 684, 688, 705-781, 785-791, 796-800, 813, 828, 830-833, 851-857, 859, 861, 864-865, 873-893, 911-1211, 1221, 1303, 1344, 1365, 1429, 1453, 1498, 1501-1502, 1507, 1519-1528, 1532-1548, 1555, 1558-1569, 1571, 1616, 1635, 1673, 1714, 1717, 1722-1748, 1769-1771, 1775-1777, 1781-1783, 1787-1792, 1796-1799, 1810, 1816, 1821-1822, 1832, 1835, 1851, 1854, 1858, 1880-1889, 1898-1908
vibecomfy/ingest/snapshot.py                                      227     76    67%   31-32, 62-63, 126-127, 217, 314-316, 338, 354-383, 452-527
vibecomfy/ingest/sources.py                                        20      9    55%   23-31
vibecomfy/ingest/summarize.py                                     128    128     0%   10-345
vibecomfy/ingest/workflow_source.py                               121     76    37%   24, 40, 60, 64, 67, 79-97, 101-169, 181-218, 222-229, 233-250, 254-257, 267
vibecomfy/intent/__init__.py                                        6      6     0%   1-7
vibecomfy/intent/_fixture.py                                       78     78     0%   7-150
vibecomfy/intent/_ledger.py                                        45     45     0%   44-324
vibecomfy/intent/_refusal_spine_probe.py                           25     25     0%   9-63
vibecomfy/intent/judge.py                                          58     58     0%   14-194
vibecomfy/intent/metric.py                                         38     38     0%   11-111
vibecomfy/intent/render_diff.py                                    96     96     0%   26-276
vibecomfy/intent/report.py                                         25     25     0%   10-44
vibecomfy/lens/__init__.py                                          3      0   100%
vibecomfy/lens/core.py                                            104     34    67%   24, 50, 56-59, 63, 83, 93, 101, 106, 112-119, 124, 154, 161, 165, 169, 173, 177, 181, 186, 190, 195, 199, 203, 207, 211
vibecomfy/local_library.py                                        196    123    37%   59, 72, 75-76, 79-80, 82, 90, 93, 95, 111-129, 134-154, 159-168, 178-192, 200-217, 228-249, 266-268, 277-286, 291-292, 297, 300, 311-313, 318, 321-323
vibecomfy/memory_profile.py                                        57     27    53%   45-52, 56, 59, 62, 65, 69, 73, 77, 81, 91-106
vibecomfy/metadata.py                                              36      0   100%
vibecomfy/model_assets.py                                         261    148    43%   69-86, 92-113, 137-138, 141, 148-160, 164-176, 188, 191, 226, 231-232, 235, 237, 240, 243, 249, 253, 261, 265-266, 295-300, 307-316, 321-345, 351, 357, 366-369, 379-382, 386-392, 396-402, 413-418
vibecomfy/node_packs/__init__.py                                   31      0   100%
vibecomfy/node_packs/_defs.py                                      54      4    93%   402, 417-418, 462
vibecomfy/node_packs/_git.py                                       69     69     0%   1-123
vibecomfy/node_packs/_install.py                                  394    301    24%   28-31, 127, 136, 140-147, 150-167, 170-173, 176-178, 192-299, 318-335, 342-372, 390-424, 428-449, 461-506, 522-524, 531-534, 547-557, 559-565, 576, 597-614, 616, 618-621, 643-661, 679-726, 730, 735-746, 752-766, 768-769, 772-773, 778-783, 787-789, 791-792, 798-799
vibecomfy/node_packs/_lockfile.py                                 216    113    48%   39, 41, 43, 54, 66, 83-89, 93-98, 102-136, 140-167, 175, 178, 188-191, 198-201, 212, 214, 216, 219, 248, 253-254, 258, 262-267, 280, 287-293, 297-299, 303-306, 310-316, 320-324, 328-334
vibecomfy/nodes/__init__.py                                        13      0   100%
vibecomfy/nodes/ailab_audioduration.py                             22     12    45%   35-46
vibecomfy/nodes/controlnet_aux.py                                  60     48    20%   36-49, 73-94, 113-124
vibecomfy/nodes/core.py                                         15579  14016    10%   36-49, 70-89, 110-129, 147-160, 178-187, 205-214, 232-241, 259-268, 285-296, 314-323, 342-353, 369-378, 395-402, 426-447, 466-477, 499-516, 534-543, 561-574, 591-598, 615-622, 639-646, 668-685, 707-724, 742-755, 774-785, 804-815, 836-851, 869-878, 904-929, 948-959, 978-989, 1012-1031, 1050-1061, 1080-1091, 1109-1118, 1136-1145, 1172-1199, 1223-1244, 1268-1289, 1315-1340, 1360-1373, 1400-1427, 1447-1460, 1485-1508, 1529, 1559, 1565, 1567, 1589-1602, 1617-1624, 1643-1658, 1689, 1697, 1717-1726, 1745-1756, 1775-1786, 1804-1813, 1831-1840, 1859, 1884-1895, 1913-1926, 1945-1960, 1977-1988, 2005-2016, 2035-2046, 2066-2079, 2098-2113, 2136-2159, 2178-2193, 2213, 2241, 2264-2271, 2290-2301, 2319-2328, 2347-2358, 2376-2385, 2403, 2429-2442, 2464-2481, 2502-2517, 2534-2541, 2562-2577, 2595-2604, 2624-2637, 2661-2682, 2699-2706, 2724-2733, 2750-2757, 2774-2781, 2798-2805, 2825, 2855-2868, 2887-2898, 2916-2925, 2943-2952, 2974-2991, 3013-3030, 3054-3075, 3093-3102, 3121-3132, 3152-3165, 3187-3204, 3227-3246, 3265-3276, 3294-3307, 3325-3334, 3352, 3386-3415, 3435-3448, 3472-3493, 3517-3538, 3561-3584, 3601-3608, 3626-3635, 3656-3675, 3696-3715, 3732-3739, 3757-3766, 3785-3796, 3820-3841, 3860-3871, 3892-3907, 3931-3952, 3972-3985, 4004-4015, 4035-4048, 4067-4078, 4095-4102, 4122, 4152-4165, 4187-4204, 4225-4240, 4258-4267, 4284-4291, 4311-4324, 4341-4348, 4366-4375, 4393-4402, 4420-4429, 4443-4448, 4466-4475, 4498-4517, 4545, 4578-4593, 4614-4629, 4646-4653, 4671-4680, 4703-4722, 4743-4758, 4781-4800, 4819-4830, 4854-4875, 4892-4899, 4917-4930, 4949, 4955, 4975-4984, 5003-5014, 5031-5042, 5060-5073, 5093, 5101, 5122-5133, 5150-5161, 5182, 5192, 5214-5227, 5247-5260, 5279, 5289, 5309-5318, 5334-5343, 5362-5373, 5391-5404, 5424-5437, 5455, 5463, 5486-5501, 5517-5526, 5544-5553, 5571-5580, 5602-5619, 5637-5646, 5664-5673, 5690-5701, 5720-5735, 5756-5771, 5788-5795, 5813-5822, 5837-5844, 5861-5868, 5889-5904, 5925-5940, 5959-5970, 5988-5997, 6017-6030, 6050-6063, 6084-6099, 6120-6135, 6156-6171, 6189-6198, 6217-6228, 6247-6258, 6277-6288, 6309-6324, 6342-6351, 6368-6375, 6392-6399, 6417-6426, 6446-6459, 6479-6492, 6511-6522, 6544-6561, 6583-6600, 6618, 6645-6652, 6671-6682, 6698-6707, 6724-6731, 6748-6755, 6778-6797, 6815-6824, 6847-6866, 6892-6917, 6940-6959, 6982-7001, 7021-7034, 7053-7064, 7081-7088, 7108-7121, 7140-7155, 7174-7189, 7206-7217, 7234-7241, 7265-7286, 7309-7328, 7353-7376, 7400-7421, 7439-7448, 7474-7499, 7520-7535, 7559-7580, 7608-7641, 7658-7665, 7685-7698, 7716, 7739-7746, 7764, 7793-7812, 7831-7842, 7864-7881, 7901-7914, 7934-7947, 7970-7989, 8008-8019, 8036-8043, 8062-8073, 8093-8106, 8125-8136, 8155-8166, 8186-8199, 8216-8223, 8246-8265, 8284-8295, 8315-8328, 8348-8361, 8379-8388, 8403-8410, 8428-8441, 8463-8484, 8504-8517, 8540-8563, 8585-8602, 8625-8644, 8663-8678, 8697-8708, 8729-8744, 8762-8771, 8798-8825, 8853-8882, 8912-8945, 8968-8987, 9012-9035, 9062-9089, 9109-9122, 9141-9152, 9175-9194, 9218-9239, 9257-9266, 9286-9299, 9318-9329, 9347-9356, 9375-9386, 9408-9425, 9446-9461, 9479-9488, 9506-9515, 9539-9560, 9577-9584, 9605-9620, 9667-9734, 9752-9761, 9780-9791, 9808-9815, 9832-9839, 9860-9875, 9896-9911, 9928-9935, 9952-9959, 9980-9995, 10012-10019, 10036-10043, 10063-10076, 10093-10100, 10117-10124, 10144-10157, 10179-10196, 10215-10226, 10243-10250, 10273-10292, 10313-10328, 10349-10364, 10382-10391, 10412-10427, 10446-10457, 10476-10487, 10508, 10516, 10518, 10537-10544, 10564-10577, 10601-10618, 10636-10645, 10673-10702, 10720-10729, 10748-10759, 10781-10798, 10816-10829, 10846-10853, 10874-10889, 10910-10925, 10944-10955, 10973-10982, 11002-11015, 11035-11048, 11069-11084, 11105-11120, 11138-11147, 11168-11183, 11201-11210, 11229-11240, 11261-11276, 11294-11303, 11320-11327, 11344-11351, 11368-11375, 11392-11399, 11416-11423, 11441-11450, 11468-11477, 11495-11504, 11531, 11545, 11553, 11584-11615, 11631, 11659-11680, 11698-11711, 11732-11747, 11769-11786, 11807-11822, 11845-11864, 11886-11903, 11926-11945, 11969-11990, 12016-12041, 12063-12080, 12099-12110, 12130-12143, 12166-12185, 12208-12227, 12253-12278, 12301-12320, 12345-12368, 12392-12413, 12438-12461, 12481-12494, 12517-12536, 12557-12572, 12594-12611, 12631-12644, 12665-12680, 12699-12710, 12729-12740, 12759-12770, 12792, 12826, 12842, 12844, 12846, 12869-12884, 12906-12923, 12942, 12968-12977, 12995, 13018-13025, 13042, 13068, 13096, 13127, 13135, 13162-13185, 13204-13219, 13237, 13266, 13298-13319, 13340, 13346, 13348, 13350, 13352, 13374, 13399-13414, 13430-13439, 13458-13473, 13489-13498, 13514-13523, 13539-13548, 13564-13573, 13592-13603, 13624-13639, 13659-13676, 13693-13704, 13725-13740, 13758-13771, 13788-13799, 13817-13826, 13845-13856, 13873-13884, 13900-13909, 13926-13937, 13952-13959, 13977-13986, 14002-14011, 14032-14047, 14066-14077, 14095, 14118-14125, 14143-14152, 14173-14188, 14207-14218, 14237-14248, 14268-14281, 14298-14305, 14323-14332, 14349-14356, 14374, 14397-14404, 14423-14434, 14452-14461, 14478-14485, 14502-14509, 14526-14533, 14550-14557, 14574-14581, 14598-14605, 14623, 14650-14665, 14686-14701, 14722-14737, 14756-14767, 14787, 14817-14830, 14852-14869, 14887-14896, 14910-14915, 14938-14957, 14979-14996, 15017-15032, 15052-15065, 15086-15101, 15125-15146, 15165-15176, 15201-15224, 15243-15254, 15278-15299, 15324-15347, 15367-15380, 15405-15428, 15454-15479, 15502-15521, 15538-15545, 15565-15578, 15594, 15621-15636, 15653-15660, 15677-15684, 15706-15723, 15741-15750, 15772-15789, 15806-15813, 15830-15837, 15854-15861, 15879-15888, 15911-15930, 15953-15972, 15993-16008, 16027-16038, 16061-16080, 16102-16119, 16141-16158, 16178-16191, 16210-16221, 16244-16263, 16285-16302, 16323-16338, 16356-16365, 16383-16392, 16410-16419, 16480-16575, 16596-16611, 16671-16764, 16816-16893, 16952-17043, 17094-17169, 17250-17385, 17436-17511, 17582-17697, 17781-17922, 17970-18039, 18087-18156, 18218-18315, 18363-18432, 18474-18531, 18550-18561, 18580-18591, 18655-18756, 18774-18783, 18800-18807, 18826, 18854-18867, 18887-18900, 18919-18930, 18951-18966, 18984-18997, 19016, 19042-19051, 19069-19078, 19101-19120, 19142-19159, 19182-19201, 19220-19231, 19253-19262, 19282-19295, 19314-19325, 19344-19355, 19372-19379, 19401-19418, 19437-19448, 19470-19487, 19509-19526, 19547-19562, 19589-19616, 19636-19649, 19667-19676, 19693-19700, 19724-19741, 19761-19774, 19791-19798, 19815-19826, 19843-19850, 19871-19886, 19906-19919, 19940-19955, 19978-19997, 20022-20045, 20062-20069, 20087-20096, 20120-20141, 20160-20171, 20193-20210, 20226-20235, 20253-20266, 20281-20288, 20308-20321, 20336-20343, 20363-20376, 20393-20400, 20424-20445, 20462-20469, 20493-20514, 20538-20559, 20577-20590, 20611-20626, 20647-20662, 20680-20689, 20708-20719, 20741-20758, 20775-20782, 20799-20806, 20823-20830, 20847-20854, 20871-20878, 20898-20911, 20928-20935, 20952-20959, 20976-20983, 21000-21007, 21029-21042, 21060-21069, 21089-21102, 21123-21138, 21160-21177, 21194-21201, 21222-21237, 21257-21270, 21286, 21310-21319, 21337-21346, 21363-21370, 21390-21403, 21421-21430, 21448-21457, 21475-21482, 21500-21507, 21530-21549, 21573-21594, 21611-21618, 21640-21657, 21674-21681, 21698-21705, 21722-21729, 21746-21753, 21776-21795, 21818-21837, 21859-21876, 21898-21915, 21932-21939, 21958, 21985-21996, 22014-22023, 22042-22053, 22076-22095, 22118-22137, 22158-22173, 22191-22200, 22218-22227, 22245-22254, 22277-22296, 22314-22323, 22341-22350, 22378-22407, 22424-22435, 22453-22462, 22480-22489, 22508-22519, 22536-22547, 22565-22574, 22595-22610, 22630, 22658-22667, 22685-22694, 22712-22721, 22739-22748, 22769-22784, 22806-22823, 22845-22862, 22882-22895, 22916-22931, 22962-22997, 23027-23060, 23080-23093, 23111-23120, 23140-23153, 23175-23192, 23213-23228, 23249-23264, 23283-23294, 23319-23342, 23362-23375, 23393-23402, 23425-23444, 23468-23489, 23508-23519, 23540-23555, 23572-23583, 23602-23617, 23639-23660, 23681-23700, 23725-23748, 23766-23775, 23792-23799, 23822-23845, 23865, 23903-23928, 23946-23959, 23975-23984, 24001-24012, 24030-24043, 24061-24074, 24091, 24097, 24117-24126, 24143-24150, 24169-24180, 24197-24208, 24223-24230, 24253-24276, 24305-24318, 24335-24346, 24366-24379, 24401-24418, 24436-24445, 24465, 24473, 24494-24505, 24523-24532, 24551, 24578-24589, 24609-24622, 24643-24658, 24685-24712, 24730-24739, 24758-24769, 24787-24796, 24815-24826, 24846-24859, 24880, 24888, 24890, 24913-24928, 24951-24970, 24997-25006, 25052-25061, 25092-25101, 25120-25131, 25151-25164, 25180-25189, 25207-25216, 25234-25243, 25259-25268, 25286-25295, 25314-25325, 25345-25358, 25379, 25387, 25389, 25410-25421, 25444-25463, 25484-25499, 25520-25535, 25554-25565, 25584-25595, 25614-25625, 25644-25655, 25673-25682, 25706-25727, 25744-25751, 25771-25784, 25801-25808, 25824-25833, 25849-25858, 25882-25903, 25926-25945, 25970-25993, 26016-26035, 26056-26071, 26092-26107, 26129-26146, 26163-26170, 26188-26201, 26217-26226, 26243-26254, 26270-26279, 26301-26322, 26346-26371, 26388-26395, 26415-26428, 26447-26458, 26477-26488, 26509-26524, 26546-26563, 26585-26602, 26624-26641, 26658-26665, 26686-26701, 26720-26731, 26752-26767, 26785-26794, 26813-26824, 26841-26848, 26865-26872, 26890-26899, 26917-26926, 26943-26950, 26971-26986, 27003-27010, 27027-27038, 27057-27064, 27086-27097, 27115-27124, 27143-27154, 27178-27199, 27217-27226, 27246-27259, 27280-27295, 27312-27319, 27339-27352, 27370-27379, 27397-27410, 27440, 27452, 27462, 27466, 27468, 27470, 27472, 27492-27505, 27524, 27556-27573, 27595-27616, 27641-27664, 27689-27712, 27729-27736, 27753-27760, 27778-27787, 27804-27811, 27827-27836, 27865-27896, 27924-27953, 27973-27986, 28009-28028, 28065-28112, 28138-28163, 28181-28190, 28208-28217, 28233-28238, 28259-28274, 28291-28298, 28315-28322, 28339-28346, 28363-28370, 28391-28406, 28423-28430, 28450-28463, 28481-28490, 28508-28517, 28537-28550, 28567-28574, 28592-28601, 28621-28634, 28653-28664, 28680-28689, 28710-28721, 28756-28799, 28828-28859, 28890-28925, 28949-28970, 28996-29021, 29046-29069, 29086-29093, 29111-29120, 29137-29144, 29163-29174, 29194-29207, 29230-29249, 29278-29309, 29331-29348, 29366-29375, 29394, 29400, 29421-29436, 29455-29470, 29489-29504, 29523-29534, 29552-29561, 29578-29585, 29609-29630, 29649, 29676, 29704-29717, 29735-29748, 29771, 29807-29820, 29839, 29865-29874, 29894-29907, 29929-29946, 29964, 29988-29997, 30020-30043, 30061-30070, 30084-30089, 30109-30126, 30141-30148, 30166-30179, 30205-30230, 30257-30284, 30309-30332, 30352-30365, 30383-30392, 30417-30440, 30458-30467, 30490-30509, 30534-30557, 30581-30602, 30625-30644, 30664-30677, 30698-30713, 30732-30743, 30764-30779, 30802-30821, 30842-30857, 30881-30902, 30926-30947, 30970-30989, 31008-31019, 31037-31046, 31069-31092, 31112-31129, 31152-31171, 31190-31201, 31222-31237, 31259-31276, 31297-31312, 31342-31379, 31402-31425, 31449-31474, 31498-31519, 31536-31547, 31565-31578, 31596-31609, 31634-31661, 31686-31713, 31737-31762, 31786-31811, 31834-31857, 31876-31887, 31909-31926, 31950, 31960, 31962, 31964, 31966, 32000-32029, 32058-32093, 32109-32118, 32143-32170, 32186-32195, 32215-32232, 32254-32275, 32300-32323, 32350-32381, 32406-32433, 32455-32476, 32494-32503, 32527-32548, 32575-32602, 32628-32657, 32682-32709, 32727-32736, 32755-32766, 32786-32799, 32822-32841, 32858-32865, 32885-32898, 32915-32922
vibecomfy/nodes/custom_scripts.py                                  33     22    33%   36-49, 66-73
vibecomfy/nodes/depthanythingv2.py                                 60     28    53%   35, 65, 90-97, 114-121, 139-148
vibecomfy/nodes/florence2.py                                       39     28    28%   35-46, 67-82
vibecomfy/nodes/gguf.py                                            31     20    35%   35-46, 63-70
vibecomfy/nodes/gimm_vfi.py                                        33     22    33%   33-40, 60-73
vibecomfy/nodes/index.py                                           32     24    25%   12-25, 29-38
vibecomfy/nodes/kjnodes.py                                       4287   3903     9%   47-74, 94-111, 132-145, 163-172, 191-202, 221-232, 251-262, 279-286, 313-340, 360-373, 393-406, 431-454, 480-505, 523-532, 552-565, 585, 591, 593, 614-625, 650-671, 693-710, 731-746, 775-790, 821-836, 861-880, 899-908, 928-941, 966-989, 1018-1049, 1082-1121, 1158-1205, 1225-1238, 1260-1277, 1302-1325, 1359-1376, 1401-1424, 1446-1463, 1483-1496, 1528-1553, 1576-1595, 1626-1659, 1686-1709, 1733-1752, 1785-1814, 1840-1863, 1885-1902, 1925-1944, 1965-1980, 2000-2013, 2039-2048, 2071-2090, 2115-2138, 2159-2174, 2194-2207, 2230-2249, 2266-2273, 2291-2298, 2321-2338, 2359, 2367, 2369, 2389-2396, 2416-2427, 2446-2457, 2480-2499, 2517-2526, 2545-2556, 2577-2586, 2606-2619, 2636-2643, 2664-2675, 2692-2699, 2772-2891, 2914-2933, 2978-3001, 3028-3055, 3074, 3098-3107, 3126-3137, 3155-3162, 3181-3192, 3210-3217, 3234-3245, 3263-3272, 3307, 3315, 3317, 3319, 3321, 3323, 3325, 3327, 3354-3369, 3445-3570, 3597-3624, 3642, 3671-3686, 3712-3727, 3750-3765, 3785-3798, 3824-3847, 3868-3879, 3900-3911, 3935-3956, 3976-3989, 4009-4022, 4046, 4078-4087, 4109-4126, 4149-4168, 4191-4208, 4228-4241, 4266-4289, 4308-4319, 4338-4349, 4366-4373, 4396-4415, 4437-4454, 4481-4508, 4525-4532, 4555-4574, 4601-4622, 4653, 4667, 4673, 4710-4719, 4737-4746, 4770-4787, 4830-4855, 4875-4888, 4912-4929, 4953-4974, 4997-5008, 5028-5041, 5060-5071, 5089-5098, 5126-5149, 5173-5188, 5207-5218, 5242, 5248, 5250, 5252, 5254, 5256, 5278-5287, 5351-5452, 5478-5503, 5521-5530, 5550-5563, 5587, 5593, 5595, 5597, 5599, 5601, 5603, 5630-5653, 5673, 5679, 5681, 5702-5713, 5733, 5762-5773, 5792-5803, 5825-5842, 5867-5890, 5913-5932, 5950-5959, 5985-6010, 6035-6062, 6084-6101, 6122-6133, 6153-6164, 6184-6197, 6215-6224, 6241-6248, 6266-6273, 6291-6300, 6319-6330, 6353-6372, 6391-6398, 6425-6448, 6479-6500, 6524-6541, 6561-6574, 6593-6604, 6624, 6632, 6656-6673, 6696-6715, 6759-6784, 6803-6814, 6831-6838, 6855-6862, 6882-6895, 6914-6925, 6947-6962, 6984-7001, 7018-7025, 7043-7050, 7077-7100, 7122-7139, 7160-7175, 7194-7205, 7225-7238, 7258-7269, 7291-7308, 7336-7347, 7370-7387, 7408-7423, 7441-7450, 7468-7477, 7494-7501, 7524-7533, 7553-7566, 7585-7596, 7620-7637, 7711-7742, 7760-7769, 7787-7794, 7819-7842, 7863-7878, 7895-7902, 7920-7929, 7946-7953, 7973-7986, 8010-8021, 8041-8054, 8074-8087, 8104-8111, 8128-8135, 8160-8183, 8200-8207, 8232-8255, 8272-8279, 8296-8303, 8320-8327, 8351-8372, 8394-8411, 8434-8453, 8478-8501, 8520-8531, 8550-8561, 8585-8602, 8619-8626, 8643-8654, 8710-8795, 8814-8825, 8845-8862, 8881-8892, 8914-8931, 8960-8977, 9000-9017, 9042-9065, 9084-9095, 9123-9140
vibecomfy/nodes/ltxvideo.py                                      1372   1141    17%   40-59, 78-89, 109-122, 148, 156, 158, 164, 166, 187-194, 223, 237, 239, 281-314, 331-338, 356-365, 382-389, 408-419, 437, 466-485, 504-515, 532-539, 559, 590-605, 628-647, 669-686, 709-728, 752-773, 790-797, 817-830, 857-884, 913-944, 967-986, 1004-1013, 1031-1040, 1071-1106, 1125-1136, 1156-1169, 1189, 1229-1262, 1281-1292, 1315-1334, 1357, 1369, 1371, 1402-1433, 1455, 1493-1514, 1532-1541, 1562-1577, 1597-1610, 1628-1637, 1677-1730, 1748-1757, 1780-1799, 1816-1823, 1843-1856, 1878-1895, 1920-1943, 1963-1976, 1994-2003, 2022-2033, 2052-2063, 2082-2093, 2112-2123, 2154-2189, 2207-2216, 2237, 2243, 2245, 2247, 2274-2297, 2319-2336, 2368-2405, 2430, 2444, 2446, 2448, 2470-2483, 2501-2510, 2528-2537, 2554-2561, 2578-2585, 2603-2612, 2634, 2646, 2665-2672, 2694-2711, 2765-2800, 2822-2839, 2859-2872
vibecomfy/nodes/melbandroformer.py                                 33     22    33%   33-40, 60-73
vibecomfy/nodes/qwen3tts.py                                       220    200     9%   36-49, 73-94, 114-127, 146-157, 195-244, 261-268, 289-304, 324-337, 355-364, 389-412, 433-448
vibecomfy/nodes/qwentts.py                                        270    250     7%   39-58, 90-127, 145-154, 179-202, 236-277, 299-316, 347-382, 401-412, 431-442, 467-490, 510-523
vibecomfy/nodes/rgthree.py                                        383    350     9%   32-37, 62-85, 124-175, 191-196, 212-217, 233-238, 254-259, 276-283, 300-307, 325-334, 356-373, 395-412, 428-433, 454-469, 495-520, 538-547, 563-568, 590-607, 627-640, 656-661, 680-691, 720-751, 778-805, 822-829
vibecomfy/nodes/sam2.py                                           133     90    32%   37, 47, 68-79, 111-148, 173, 181, 183, 185, 189, 191, 212-223, 246-265
vibecomfy/nodes/vibecomfy_internal.py                              22     12    45%   35-46
vibecomfy/nodes/videohelpersuite.py                               565    476    16%   33-40, 57-64, 82-91, 109-118, 136-145, 162-169, 186-193, 210-217, 236-247, 266-277, 297-310, 331-346, 367-382, 409, 421, 423, 425, 427, 429, 431, 458-481, 506-529, 555-580, 601-616, 637-652, 673-688, 706-715, 734-745, 764-775, 794-805, 823-832, 864-877, 909-922, 940-949, 981-994, 1012-1021, 1039-1048, 1066-1075, 1092-1099, 1118-1129, 1148-1159, 1176-1183, 1210, 1218, 1224, 1230, 1232, 1251-1258, 1275-1282, 1299-1306
vibecomfy/nodes/wananimatepreprocess.py                            94     40    57%   40, 50, 52, 54, 56, 78, 86, 111, 123, 125, 151-172, 189-196
vibecomfy/nodes/wanvideowrapper.py                               2785   2400    14%   38-55, 78-97, 115-124, 143-154, 173-184, 204-217, 239-256, 273-280, 298-307, 325-334, 356-373, 391-400, 418-427, 450-469, 497-526, 546-559, 577-586, 604-613, 630-637, 656-667, 687-700, 718-727, 744-751, 769-778, 801-820, 837-844, 861-868, 898-931, 950-961, 979-988, 1007-1018, 1037-1048, 1070-1085, 1104-1115, 1134-1145, 1169-1190, 1211-1226, 1248-1265, 1286-1301, 1322-1337, 1362-1385, 1404-1415, 1437-1454, 1473-1484, 1502-1511, 1538-1565, 1586-1601, 1624-1643, 1666-1685, 1708-1727, 1745-1754, 1773-1784, 1810-1835, 1857-1874, 1897-1916, 1935-1946, 1970-1991, 2012-2027, 2048-2063, 2084-2099, 2133, 2147, 2149, 2151, 2153, 2167, 2169, 2193-2210, 2227-2234, 2258, 2264, 2266, 2270, 2274, 2304, 2312, 2314, 2316, 2318, 2320, 2322, 2324, 2326, 2328, 2348-2357, 2381-2402, 2422-2435, 2458-2477, 2497-2510, 2535, 2543, 2545, 2547, 2549, 2551, 2573-2582, 2617-2660, 2680-2693, 2714-2729, 2746-2753, 2779-2804, 2827-2846, 2864-2873, 2892-2903, 2933-2966, 2984-2993, 3011-3020, 3041-3056, 3078-3095, 3122-3149, 3169-3182, 3217-3260, 3288-3317, 3346-3377, 3395-3404, 3428-3453, 3472-3483, 3540-3627, 3649-3666, 3688-3705, 3736, 3742, 3748, 3750, 3752, 3754, 3756, 3758, 3760, 3762, 3764, 3789-3804, 3825-3840, 3871, 3879, 3881, 3883, 3887, 3889, 3891, 3893, 3895, 3897, 3899, 3901, 3922-3933, 3950-3957, 3982-4005, 4022-4029, 4053-4074, 4095-4110, 4128-4137, 4155-4164, 4182-4191, 4212-4227, 4247-4260, 4279-4290, 4310-4323, 4370, 4382, 4386, 4390, 4394, 4396, 4398, 4400, 4402, 4404, 4408, 4410, 4412, 4414, 4416, 4418, 4420, 4422, 4424, 4426, 4428, 4430, 4432, 4462-4491, 4508-4515, 4561-4626, 4652-4677, 4700-4719, 4742-4761, 4783-4800, 4819, 4846, 4877-4896, 4913-4920, 4949-4966, 4984-4993, 5016-5035, 5065, 5071, 5077, 5081, 5083, 5107-5124, 5143-5154, 5180, 5184, 5186, 5188, 5190, 5192, 5194, 5196, 5198, 5200, 5220-5229, 5251-5268, 5291-5310, 5338-5367, 5388-5403, 5424-5439, 5467-5496, 5513-5520, 5544-5565, 5587, 5593, 5595, 5597, 5599, 5618-5625, 5647-5664, 5683-5694, 5713-5724
vibecomfy/ops/__init__.py                                           4      0   100%
vibecomfy/ops/_common.py                                           24     18    25%   8-14, 18-22, 26-31
vibecomfy/ops/_namespace.py                                        17      0   100%
vibecomfy/ops/image.py                                             26     10    62%   47-56
vibecomfy/ops/registry.py                                          20      0   100%
vibecomfy/ops/video.py                                             61     38    38%   29, 54-61, 79, 102-116, 125-136, 140-144, 148, 152
vibecomfy/origin.py                                                11      3    73%   21-23
vibecomfy/patches/__init__.py                                      24     19    21%   9-33
vibecomfy/patches/builtins.py                                       6      0   100%
vibecomfy/patches/controlnet.py                                   159    100    37%   34, 45, 64, 79, 97, 107-135, 146, 154, 158-209, 213, 230-237, 248-285, 304-318
vibecomfy/patches/gguf_unet.py                                     28     15    46%   21-38, 42
vibecomfy/patches/ltx_lowvram.py                                  129     15    88%   28, 88, 108-113, 118, 124, 129-131, 155, 210, 217
vibecomfy/patches/registry.py                                      20      4    80%   21-22, 27, 34
vibecomfy/patches/requirements.py                                   7      0   100%
vibecomfy/patches/resolution.py                                    35      5    86%   14, 23-24, 30-31
vibecomfy/patches/save_prefix.py                                   20     20     0%   1-31
vibecomfy/patches/seed.py                                          35     35     0%   1-50
vibecomfy/patches/types.py                                        108     39    64%   26, 28, 30, 69-70, 97, 126-134, 149-167, 173-174, 187-193
vibecomfy/porting/__init__.py                                      15      5    67%   77-80, 84
vibecomfy/porting/_provenance_utils.py                             19      0   100%
vibecomfy/porting/assets.py                                       227     55    76%   44, 126-130, 150, 174, 177, 196, 200, 220, 234, 253-265, 270-282, 319, 328, 331, 365, 367, 384, 387-389, 393-397, 407, 410, 412-413, 418, 432-433
vibecomfy/porting/authoring_names.py                               43     18    58%   11-19, 24, 36-37, 49, 55-59
vibecomfy/porting/authoring_surface.py                             25      3    88%   28, 36, 44
vibecomfy/porting/canonical_coords.py                              23     10    57%   26-35, 37
vibecomfy/porting/convert.py                                      576    158    73%   206-230, 326-331, 406-424, 494-500, 516-536, 541-558, 573-574, 583, 588, 591, 606, 609-610, 614, 618-619, 621, 629-630, 687, 712-730, 783, 812-814, 831, 841-843, 918, 923-929, 935, 942, 950, 956, 997-1029, 1084-1088, 1094-1100, 1129-1131, 1138-1139, 1147, 1199-1200, 1259-1311, 1319-1326
vibecomfy/porting/edit/__init__.py                                 15      8    47%   100-106, 110
vibecomfy/porting/edit/_describe.py                               548    432    21%   46-112, 189-194, 208, 215, 226-228, 242-273, 283-330, 352, 355-356, 367, 370, 389-391, 396-415, 421-435, 443-494, 497-510, 514-526, 529-537, 541-553, 569-584, 589, 593, 600-605, 609-619, 628-640, 644-651, 658-681, 684-702, 708, 711-714, 717-720, 727, 731, 734-740, 745-752, 755-760, 763-766, 769-777, 784-793, 800-805, 810-823, 828-843, 848-853, 866, 902-918, 922-932, 936-946, 950, 954-959
vibecomfy/porting/edit/_diff.py                                   387    202    48%   97, 104, 127-128, 132, 150, 186, 192, 194, 200-201, 214, 225, 237, 259, 262, 267, 298-301, 319-333, 344-346, 373, 402, 422, 430, 432, 434, 445-451, 461, 465, 467, 483, 498-500, 504, 506, 523-538, 541-547, 550-577, 580-583, 586-614, 620-629, 632-636, 652, 658, 663-680, 692-712, 716-725, 739-789, 794-797
vibecomfy/porting/edit/_gates.py                                  163     61    63%   45, 59-60, 72, 91, 103, 114-115, 129-130, 142, 166-167, 204-209, 224, 246, 250-253, 266, 293-300, 309-311, 327, 332, 337, 357, 387-405, 418-419, 459-462, 465, 483-485
vibecomfy/porting/edit/_interpret.py                             1134    559    51%   149, 188, 243-257, 299, 396, 408-421, 502-503, 507-508, 510-531, 558, 567, 574, 591, 593-594, 602-603, 614-627, 629-630, 644-647, 650-659, 662-668, 670-676, 678-686, 688-702, 704, 706, 710-723, 732-733, 736-749, 768-769, 773-774, 776-784, 798, 808, 817-818, 823, 841-842, 874, 882, 885, 887, 893-925, 946, 959-968, 984, 992, 1004, 1011, 1018-1023, 1038, 1060, 1068, 1079, 1092, 1103-1111, 1120-1136, 1151, 1155, 1164-1165, 1175-1178, 1188, 1200-1208, 1217, 1226, 1229, 1233, 1235, 1261, 1263-1277, 1284-1293, 1307, 1319-1322, 1332, 1342, 1350-1357, 1363-1380, 1383-1399, 1402-1404, 1408-1410, 1424, 1443-1450, 1477, 1502-1504, 1524, 1536-1604, 1620-1621, 1636-1637, 1654-1673, 1675, 1679, 1700-1705, 1724, 1729, 1731, 1735-1737, 1739, 1741, 1748, 1752-1761, 1764, 1775, 1780, 1783, 1790-1797, 1819-1828, 1843, 1871-1886, 1889, 1894, 1896, 1899, 1905-1944, 1949-2007, 2020-2066, 2085, 2159-2160, 2170-2176, 2205, 2215-2222, 2226-2229, 2236, 2245, 2250, 2266-2271, 2280, 2284
vibecomfy/porting/edit/_ir_utils.py                               637    334    48%   44-56, 76-112, 135-145, 158-212, 216-228, 232-246, 262-265, 277, 279, 291-292, 296, 306, 310-318, 322-327, 331-378, 385, 387, 389-391, 393, 405-407, 413-419, 423-426, 451, 454, 458-461, 468-471, 482-483, 488-492, 549, 565, 569, 572, 582, 586, 589, 594, 613, 633-634, 655, 665, 672, 676, 691, 698-706, 721-778, 794-798, 913, 932, 934, 946, 957, 964, 972-987, 997, 1022, 1061-1121, 1131, 1154, 1175, 1190-1195
vibecomfy/porting/edit/_op_validate.py                            195     65    67%   53, 63, 86, 95-106, 108, 115-116, 119-120, 122, 125, 130, 151, 163-165, 176-179, 190, 202-205, 217, 222, 242-243, 261, 263, 267, 271-284, 289, 293, 297, 306, 313, 319, 329, 334, 339, 356-378
vibecomfy/porting/edit/_parse.py                                  458    285    38%   54-64, 80, 83, 96, 110-111, 129, 136, 162, 165-176, 190, 202, 205, 229-240, 253-268, 273-274, 277-279, 289-325, 339-362, 371, 374, 381, 391, 393-397, 400, 411-442, 452, 455, 463, 465-467, 469, 471-473, 476, 479, 492, 494, 497, 501-514, 518-525, 527-530, 532-537, 539-543, 556-582, 587, 591, 597-598, 609, 612, 620-624, 626, 628, 633, 635, 640, 645, 647, 649, 651, 657, 664-669, 680, 682, 684, 686, 690-698, 702, 705, 708-729, 739-748, 755, 758, 761, 764-765, 773, 776-800, 806, 816-823
vibecomfy/porting/edit/_parse_execute.py                          202     76    62%   52, 60, 87-96, 123-177, 198-225, 276, 292-295, 297-299, 324-326, 372-373, 420-422, 446-476, 503-519
vibecomfy/porting/edit/_render.py                                  26      2    92%   26, 45
vibecomfy/porting/edit/_resolve.py                                695    600    14%   90-112, 116-123, 131-152, 166-173, 183-193, 203, 212-224, 294-309, 313, 317, 321, 331, 335-339, 349-357, 366-408, 421-440, 446-448, 460-462, 478-486, 494-584, 606, 627, 638, 642-647, 656, 667-668, 692-820, 850-950, 985, 1006-1010, 1013, 1023-1025, 1037-1080, 1102-1299, 1313, 1321-1325, 1335-1345, 1353-1367, 1370-1373, 1376-1377, 1380-1400, 1403-1410, 1416-1419, 1424-1426, 1431-1438, 1444-1489, 1495-1558, 1566-1579, 1587-1607, 1616-1674, 1689-1725
vibecomfy/porting/edit/_session_types.py                          216     66    69%   16-17, 30, 72-116, 226-268, 318-319, 323, 326, 329, 332
vibecomfy/porting/edit/admit.py                                   503    270    46%   60-109, 121-147, 163-184, 241, 243, 245-246, 255-258, 264, 277, 280-284, 286, 301-304, 336, 354-355, 360-361, 374, 379-383, 406, 409-423, 446, 475-481, 485-494, 498-505, 514-580, 593, 596, 604-607, 621-623, 637-639, 652-665, 694-695, 699, 704-714, 716, 727, 730, 733, 737, 743-744, 773, 794, 802, 812-815
vibecomfy/porting/edit/apply_field_aliases.py                     297    255    14%   36-53, 65-81, 91-141, 150-189, 193-200, 209-222, 232-265, 274-283, 291-304, 312-344, 352-359, 363-368, 375-385, 389-394, 398, 406-414, 418, 422, 426-428, 432-438, 442-446, 450-454, 458-466, 470-472
vibecomfy/porting/edit/apply_gate.py                              198     49    75%   63, 82-88, 108-109, 124, 132-141, 144, 154-155, 158, 172-177, 209, 257-259, 261-263, 281-285, 289, 301, 304, 313, 318-323, 333, 347, 358, 376, 398, 413-415
vibecomfy/porting/edit/checkpoint.py                              500    346    31%   64-66, 85-101, 114, 158-178, 182, 186, 190, 195-207, 217, 241, 245, 249, 264-268, 273, 275, 278, 283, 297-314, 320-324, 328-337, 341-347, 351-355, 362-380, 388-407, 416-420, 424-429, 433-437, 443-446, 450-457, 463-472, 493-550, 596-643, 701-731, 756-758, 783-822, 838-843, 853-871, 875-880, 887-901, 914-1034, 1058, 1077-1080, 1088, 1090, 1095, 1097, 1100-1118, 1124
vibecomfy/porting/edit/constants.py                                24     15    38%   27-41
vibecomfy/porting/edit/editable_surface.py                        381     88    77%   107, 128-132, 156, 209-211, 216, 218, 223-227, 243, 251, 263-264, 272, 279-284, 311, 314, 318, 324-328, 350, 377-382, 389, 391-396, 405, 422, 444, 449, 469, 472, 474, 501-512, 529, 532, 535, 545-555, 582, 603, 615-623, 640-642, 651
vibecomfy/porting/edit/grammar.py                                 203     78    62%   311, 347, 349, 353, 357, 368, 372, 375, 381, 385-388, 392-395, 408-433, 444-453, 493-494, 498-502, 507-508, 512-514, 519-522, 527-537, 541, 545
vibecomfy/porting/edit/lint.py                                    498    498     0%   48-1342
vibecomfy/porting/edit/ops.py                                     578    218    62%   269, 286-292, 318-320, 332-340, 345, 351, 353, 391, 393, 414-415, 418, 424-425, 430-431, 433, 477-487, 493, 497, 501-516, 524-558, 570, 586-591, 608-614, 642, 644, 647, 684, 701, 703-713, 738, 748-761, 780, 797-798, 804-809, 815, 827, 830-841, 849, 855, 858, 874, 878, 880, 901, 908-910, 927, 945, 947, 950, 962-1017, 1033-1110, 1139-1159, 1175-1213
vibecomfy/porting/edit/session.py                                 311    157    50%   14, 28, 31, 38, 49, 229, 267-268, 285, 296, 306-348, 353, 369-420, 425, 429, 437, 460, 477-509, 512, 527-675
vibecomfy/porting/edit/typed_tools.py                             114    114     0%   8-265
vibecomfy/porting/edit/types.py                                    28      8    71%   10, 12, 17-21, 36
vibecomfy/porting/edit/validate.py                                 84     10    88%   32, 35, 56, 118, 130, 133, 171, 178, 180, 203
vibecomfy/porting/edit/value_defaults.py                          220    117    47%   19-23, 27-31, 35-40, 48-59, 78, 81, 94, 97, 114-115, 118, 184-199, 225-228, 236-239, 244-247, 262-286, 293-299, 307-374, 377, 394-405, 419, 428-440
vibecomfy/porting/edit/widget_slots.py                             69     47    32%   13-18, 22-28, 38, 61, 64, 69-79, 83-90, 94-105
vibecomfy/porting/emit/__init__.py                                  9      0   100%
vibecomfy/porting/emit/emit_agent_edit.py                          42     16    62%   46, 66, 68-71, 78, 82-83, 92-104
vibecomfy/porting/emit/emit_constants.py                          581    307    47%   164-165, 169, 181-182, 200-206, 210, 220, 342, 345, 350, 365, 370, 372, 377, 379, 383, 391, 395, 399, 403, 410, 433-444, 455-461, 472-477, 499-520, 522, 526-527, 538-542, 546-565, 582-586, 596-599, 603-610, 616-645, 658-671, 699, 702, 710-719, 749, 752, 756, 760-764, 767, 785, 788, 792, 794, 803-819, 827-828, 833-834, 841, 844-846, 862, 865-869, 917, 921, 925, 929-950, 954-975, 979-996, 1000-1005, 1010, 1057-1059, 1066, 1069, 1080-1117, 1121-1130
vibecomfy/porting/emit/emit_kwargs.py                             569    199    65%   128-131, 139-145, 159-160, 163, 165, 184-186, 193-194, 238, 240, 248, 261, 265-266, 268, 273, 293, 302, 325-326, 328, 345, 349, 359-360, 362, 382, 400-403, 422, 428-429, 433, 435, 442-444, 457-473, 484-489, 495-496, 505-508, 529, 535-537, 542-544, 569, 572, 577, 580, 583, 587, 613, 621-652, 677-678, 687, 690, 693, 703-710, 728, 730, 740, 762-771, 775-784, 788, 839, 841-842, 847-859, 884, 907-910, 912-918, 980, 985, 987, 993, 995, 1005-1016, 1022-1026, 1028-1030, 1034-1045, 1051, 1075, 1085, 1087, 1089-1090, 1092, 1116
vibecomfy/porting/emit/emit_prepare.py                            300    106    65%   64-65, 90, 105-113, 130, 135-136, 157, 207, 212, 219, 247, 251-252, 262, 266, 285-286, 301-315, 327-331, 337-346, 351-359, 368-372, 376, 384-391, 406, 411-413, 418, 429, 432-433, 465-475, 494-503, 508, 514-523, 542, 570-571, 584, 590-593, 596, 611-614
vibecomfy/porting/emit/emit_ready.py                              863    308    64%   145-147, 187, 190, 195, 217-222, 228, 232, 234, 236, 238, 240, 242, 244, 247, 249, 271, 274, 277, 315-323, 348, 355, 357, 360-361, 385-389, 403-439, 450-451, 465, 483-498, 501-505, 538, 540, 545, 626-627, 639-659, 710, 714-716, 719-721, 733-734, 737-741, 769-770, 806-807, 823, 831, 834, 841, 844-847, 853, 873, 883-885, 906-914, 920-921, 968-969, 981-984, 994, 1002, 1008, 1013-1014, 1020-1021, 1027, 1059, 1076-1079, 1107-1128, 1138, 1150-1151, 1156, 1165, 1175, 1180, 1203, 1234-1240, 1243, 1255, 1266, 1279-1300, 1347, 1437-1447, 1479-1490, 1502-1532, 1546, 1549-1559, 1578-1588, 1592-1608, 1611-1646, 1651-1657, 1664-1692
vibecomfy/porting/emit/emit_subgraph.py                           535    456    15%   114-124, 143-148, 152-157, 161-173, 177-183, 192-205, 209-231, 235-361, 391-404, 408-425, 429-437, 444-469, 473-477, 481-487, 510-554, 556-583, 585-587, 589, 601-603, 605-614, 616-643, 656-689, 700-777, 779-803, 805-830, 838-913, 915-925, 933-949
vibecomfy/porting/emit/entrypoints.py                              25      1    96%   26
vibecomfy/porting/emit/formatting.py                               29     22    24%   11-19, 29-41, 46-47
vibecomfy/porting/emit/identity.py                                101     60    41%   25-43, 60-66, 82-104, 111-114, 117-120, 127-151
vibecomfy/porting/emit/models.py                                    3      0   100%
vibecomfy/porting/emit/naming.py                                   80     70    12%   13-18, 23-37, 42-49, 60-97, 102-138
vibecomfy/porting/emit/node_kwargs.py                             109     99     9%   22-142, 147-177
vibecomfy/porting/emit/public_inputs.py                             3      0   100%
vibecomfy/porting/emit/signatures.py                              255     58    77%   141, 156, 173-177, 180-184, 198, 214-235, 255-261, 263, 282-283, 294, 345-346, 355-356, 371, 385-400, 407, 466, 468, 471, 486, 490-498, 504, 515-520, 528
vibecomfy/porting/emit/subgraph.py                                  5      0   100%
vibecomfy/porting/emit/ui.py                                     2008    573    71%   152, 156, 158, 160, 162, 164, 238, 243, 246, 252, 258-259, 266, 269, 274, 276, 360-363, 378-380, 398, 402, 404, 483, 508-510, 513, 531-536, 563-572, 646-650, 671, 693-712, 761, 796, 802-810, 815-818, 822, 830, 881-882, 913, 917, 921-927, 942, 961, 973, 990-1014, 1049-1051, 1093, 1166-1167, 1204, 1206, 1212, 1220, 1223, 1229, 1234, 1237-1238, 1274-1279, 1283-1290, 1323, 1349-1350, 1386, 1422-1423, 1444, 1461, 1469, 1473, 1506, 1509, 1533, 1537, 1544, 1548, 1553-1554, 1559, 1570-1571, 1573, 1576, 1580, 1611, 1718, 1720, 1724, 1800, 1805-1811, 1821-1826, 1835-1836, 1855, 1860, 1883, 1886, 1921-1926, 1934-1942, 1949-1960, 1966, 1968, 1970, 1973, 1977, 2003-2011, 2037, 2049, 2076, 2078, 2080, 2082, 2084, 2095-2112, 2134-2136, 2155-2157, 2171, 2184, 2187-2188, 2191-2192, 2197-2201, 2206-2213, 2217, 2227, 2231-2232, 2252, 2278, 2303-2304, 2306, 2363, 2381-2382, 2398, 2400, 2418-2419, 2433, 2574-2579, 2594, 2621, 2626-2635, 2645-2655, 2673, 2733, 2737, 2772-2780, 2825, 2883-2892, 2924, 3015, 3053, 3078, 3090, 3119-3125, 3129-3132, 3151, 3183-3185, 3193-3194, 3200-3220, 3227-3231, 3250-3253, 3300, 3311, 3321-3322, 3324, 3358-3360, 3366-3373, 3382, 3420-3428, 3436-3440, 3462-3543, 3614, 3621, 3625, 3633-3640, 3648, 3651, 3659-3668, 3674, 3684, 3687, 3690, 3712-3713, 3733-3740, 3767-3771, 3788, 3791-3800, 3806, 3810, 3867-3871, 3876, 3907-3950, 3968-3970, 3985-4009, 4030, 4035, 4038, 4042, 4054, 4065, 4089, 4094-4123, 4125, 4127, 4149-4159, 4165, 4174-4182, 4187-4194, 4211, 4232-4241, 4245, 4252, 4263-4265, 4275-4278, 4292-4301, 4310, 4325-4327
vibecomfy/porting/emit/valueclassify.py                             3      0   100%
vibecomfy/porting/emit/wrappers.py                                  3      0   100%
vibecomfy/porting/emitter.py                                       26      1    96%   100
vibecomfy/porting/endpoint_invariant.py                           433    342    21%   57-61, 65-72, 76-85, 89-92, 96-98, 108-120, 124-129, 133-136, 145-146, 150-158, 162-169, 173-183, 187-192, 196-200, 204-208, 212-217, 221-224, 233-258, 262-277, 281-289, 307-382, 391-396, 414-417, 419-422, 430, 432, 434, 454-467, 472-486, 503-611, 621-623, 627, 644-655, 670-681, 698-718, 722-727
vibecomfy/porting/helper_resolve.py                                41     16    61%   37, 54-66, 73-85, 90-102, 105-113
vibecomfy/porting/latency.py                                       17      8    53%   21-24, 38-41
vibecomfy/porting/layout/__init__.py                                7      0   100%
vibecomfy/porting/layout/delta.py                                 283    111    61%   56-61, 97-99, 107, 114-117, 121-127, 138, 175-176, 181-182, 184-189, 192-195, 212-213, 215-217, 219-268, 272-274, 280, 291, 297-311, 315, 329-330, 350-369, 378-379, 450-454, 463-472, 633
vibecomfy/porting/layout/engine.py                                129     13    90%   107-110, 139-140, 207, 296-307
vibecomfy/porting/layout/felt.py                                   64     38    41%   54-137, 150-161
vibecomfy/porting/layout/groups.py                                 94     77    18%   70-79, 106, 112-236
vibecomfy/porting/layout/lanes.py                                  83     26    69%   82-86, 88-92, 137-138, 141, 162-186
vibecomfy/porting/layout/layering.py                              145      7    95%   99-100, 102-103, 268-269, 278
vibecomfy/porting/layout/layout_vector.py                          65     51    22%   39-75, 88-118, 132-139
vibecomfy/porting/layout/placement.py                             244    148    39%   128, 161-228, 239-293, 309-343, 350-354, 368-389, 393, 409, 414, 416-417, 420, 449
vibecomfy/porting/layout/reconcile.py                             341    225    34%   140-157, 203-205, 215-224, 233-273, 283-287, 291-293, 310-320, 325-328, 342-363, 392-439, 461-484, 494, 504-515, 559, 563-566, 577, 657, 685-698, 708, 712-756, 778-799
vibecomfy/porting/layout/sizing.py                                 21      3    86%   76-78
vibecomfy/porting/layout/types.py                                   6      0   100%
vibecomfy/porting/layout_store.py                                 235    143    39%   90-93, 122-139, 155-170, 186, 188, 200, 205, 216, 251-255, 269, 272-295, 318, 340, 343-344, 346, 357-361, 390-486
vibecomfy/porting/lint.py                                         191    155    19%   49-79, 89-135, 142-158, 165-181, 188-226, 233-279, 286-312, 319-345, 352-397, 424-449, 456, 471-473, 478-493, 498-521
vibecomfy/porting/lowering.py                                     422    317    25%   118, 170, 175-176, 184-192, 196, 205, 219-242, 253-271, 275-277, 283-298, 307, 311-314, 319-322, 341-385, 389-391, 398-423, 427-431, 439-524, 534-540, 562-606, 619-763, 796-806, 820-928, 954-1069, 1100-1218
vibecomfy/porting/manual_repair.py                                 99     48    52%   23, 35, 48, 71, 95-142, 156-162, 166-179, 183-200
vibecomfy/porting/object_info/__init__.py                           3      0   100%
vibecomfy/porting/object_info/consume.py                          308    115    63%   167-168, 178, 189, 194-200, 219-223, 227-231, 244-255, 291-353, 369-398, 409, 418-431, 439-440, 444-447, 495, 529, 543-550, 570-574, 598, 638-644, 653-659, 673-682, 694, 699, 706, 712-715, 744-746, 757-758, 763-764
vibecomfy/porting/object_info/core_regen.py                        33     33     0%   9-75
vibecomfy/porting/object_info/pinned_venv.py                       21     21     0%   3-43
vibecomfy/porting/object_info/serialize.py                        142    114    20%   56-61, 71-118, 165-236, 240-249, 261-274, 286, 296-309, 313-315, 325-333, 345-351
vibecomfy/porting/parity.py                                       162     67    59%   54, 87-108, 121, 123, 125, 127, 129, 138-139, 152, 159, 161, 170, 185, 192, 195, 226-261, 273, 279, 281, 287
vibecomfy/porting/provenance.py                                   214    214     0%   1-416
vibecomfy/porting/readability_inventory.py                        220     29    87%   148-149, 168-170, 183-184, 195, 197, 205, 207-210, 213-216, 267, 303, 311, 314, 316, 318, 335-336, 341, 359-360
vibecomfy/porting/refuse.py                                       179     99    45%   60-61, 77-79, 89-102, 107-108, 126-133, 141-143, 147-157, 161-177, 181-196, 214-218, 226, 238-242, 305, 317, 319-322, 338, 340-345, 347, 350, 359, 364-365, 368-369, 372-373, 376-396
vibecomfy/porting/render.py                                       278    278     0%   40-595
vibecomfy/porting/reorganise/__init__.py                           24      0   100%
vibecomfy/porting/reorganise/_placement.py                        372    297    20%   74-75, 78, 110, 163-309, 334-384, 407-428, 432, 436, 453-515, 519-534, 538-541, 550-561, 577-604, 611-662, 672-675, 686-697, 703-714, 731-765, 777, 783-784, 794-825, 829-844, 848-851, 855, 859, 863
vibecomfy/porting/reorganise/assess.py                            250    178    29%   71, 75, 79, 83, 87-195, 209, 215-220, 224-231, 235-241, 245-249, 255-261, 268-279, 283-285, 289-298, 305-308, 315-346, 350-356, 360-365, 369, 378-386, 390, 400-405, 412-427, 435-459, 467-471, 480-483, 487
vibecomfy/porting/reorganise/classify.py                          341    252    26%   109-113, 117-121, 141-151, 154-166, 174, 177-180, 183, 211-244, 253, 263-264, 277-311, 321-420, 434-440, 479-517, 524-580, 598, 605-613, 620-643, 647, 655-656, 660-669, 684-687, 701-720, 724-725, 735, 739-746, 752-753, 757-758
vibecomfy/porting/reorganise/compile.py                          3281   2738    17%   311-315, 319-323, 327-331, 345-359, 362, 386, 413, 416-429, 446-449, 452-464, 486-520, 523, 558-562, 566, 570, 573, 623-624, 628, 639, 664, 668, 683, 687, 691, 705-706, 732-736, 744-748, 754-760, 769-785, 788-792, 801-807, 814, 837-840, 851-854, 865, 880-881, 899-980, 1003-1004, 1017-1056, 1068-1083, 1092-1314, 1323-1358, 1365-1371, 1378-1397, 1407-1448, 1455-1466, 1473-1509, 1517-1532, 1540-1546, 1553, 1557, 1565-1593, 1597-1601, 1617-1629, 1639, 1652-1653, 1664-1676, 1680-1690, 1699-1736, 1743-1762, 1771-1783, 1790-1793, 1805-1816, 1835-1836, 1844-1847, 1855-1926, 1930-1957, 1961-1962, 1969-2010, 2018-2064, 2077, 2098-2146, 2167-2199, 2212-2215, 2232-2278, 2288-2292, 2299-2307, 2311-2316, 2324-2338, 2345-2369, 2373-2386, 2392-2405, 2409, 2425-2426, 2445, 2469-2470, 2486-2555, 2569-2572, 2582-2594, 2603-2633, 2641-2642, 2649-2655, 2663-2687, 2694-2708, 2719-2794, 2802-2810, 2814-2827, 2837-2866, 2874-2904, 2912-2928, 2940-2985, 2995-3005, 3009-3014, 3022-3030, 3038-3045, 3057-3097, 3109-3119, 3131-3132, 3140-3144, 3152-3154, 3162, 3175-3177, 3191-3192, 3205-3253, 3260, 3267-3273, 3280-3287, 3294-3309, 3317-3328, 3335-3343, 3350-3358, 3365-3373, 3380-3385, 3392-3397, 3409-3435, 3447-3459, 3467-3469, 3486-3527, 3556-3589, 3598-3599, 3609-3626, 3639-3656, 3675-3703, 3714-3717, 3724-3728, 3732-3740, 3753-3759, 3772-3830, 3834-3837, 3841, 3850-3876, 3886, 3893-3899, 3908-3912, 3921-3943, 3966-3972, 4000-4015, 4032-4035, 4042-4045, 4094-4139, 4153-4176, 4194-4546, 4557-4566, 4575, 4589, 4606-4631, 4638-4654, 4661-4684, 4692-4723, 4730-4743, 4750-4789, 4796-4814, 4821-4833, 4840-4870, 4877-4882, 4889-4902, 4909-4913, 4922-4928, 4934-4939, 4943, 4952, 4961-4963, 4970-4980, 4987-5005, 5014-5021, 5031-5072, 5078-5083, 5091-5113, 5117-5122, 5130-5140, 5148-5155, 5162-5188, 5192-5195, 5206-5212, 5220-5222, 5236-5241, 5245-5258, 5262-5267, 5271, 5282, 5286-5289, 5298, 5306-5308, 5318-5319, 5329, 5339, 5349, 5359, 5368, 5376, 5389-5420, 5429-5449, 5453, 5461-5487, 5491-5493, 5513-5551, 5559, 5568, 5575, 5591-5648, 5671-5714, 5718-5720, 5734-5736, 5757, 5773-5778, 5799-5803, 5820-5822, 5826-5828, 5842-5846, 5865-5879, 5886-5924, 5931-5939, 5947-5976, 5985-6012, 6020-6021, 6028-6031, 6045-6047, 6058-6059, 6069-6100, 6107-6110, 6117-6127, 6131-6139, 6143-6151, 6164-6212, 6225-6233, 6241-6256, 6263-6265, 6272-6290, 6297-6307, 6322-6329, 6333-6335, 6345-6347, 6360-6366, 6378, 6389-6407, 6422-6426, 6437-6457, 6467, 6476-6478, 6482-6487, 6491-6496, 6500-6504, 6508-6512, 6516, 6523-6539, 6552-6646, 6657-6668, 6680-6694, 6700-6707, 6721-6740, 6749-6779, 6788-6795, 6802-6808, 6812, 6824-6857, 6865-6889, 6907-6914, 6923-6925, 6943-6960, 6970-6993, 7001-7005, 7009-7020, 7024-7026, 7030-7040, 7044-7049, 7053-7058, 7062-7066, 7070, 7079-7081, 7089-7109, 7113-7114, 7122-7132, 7139-7143, 7147-7153, 7157-7159, 7167-7169, 7173-7176, 7180-7183, 7187-7189, 7193, 7197, 7201
vibecomfy/porting/reorganise/diagnostics.py                        44     16    64%   22-24, 38-41, 44-53, 64, 68, 75
vibecomfy/porting/reorganise/graph_facts.py                       979    604    38%   44-48, 52-56, 60, 75-86, 104-108, 111-126, 140-142, 145, 165-166, 169, 187-195, 205-206, 209, 226-227, 230, 253-267, 285, 288, 313-314, 317, 335-336, 339, 359-364, 367, 396-409, 412, 415, 442-532, 548-552, 556-559, 563, 567, 571-574, 578, 582-593, 608-628, 632-638, 642-653, 657-663, 667-675, 684-689, 693-707, 711-743, 747-752, 756-792, 822-880, 886-889, 897-927, 937-943, 947-952, 956-968, 972-982, 986-994, 998-1021, 1025, 1035, 1045, 1064-1072, 1076-1079, 1094-1101, 1109-1148, 1152-1198, 1205-1227, 1231-1236, 1240, 1244, 1257-1260, 1276-1284, 1292-1336, 1340-1343, 1347, 1354-1371, 1375-1388, 1397-1451, 1455-1465, 1473-1514, 1524-1526, 1530-1533, 1537-1548, 1556-1559, 1602, 1632, 1649, 1660, 1720, 1723-1724, 1737, 1828, 1831, 1834
vibecomfy/porting/reorganise/orchestrate.py                       794    576    27%   145-151, 155, 159, 169, 181-195, 206, 222-232, 235, 256-258, 261, 283-293, 296, 317, 326, 356, 378, 408-411, 414-428, 441, 478, 486-488, 492-494, 497, 544-557, 566-580, 587-594, 603-608, 627-721, 747, 763-794, 804-806, 824-869, 890-923, 939-954, 963-972, 979-1053, 1060-1077, 1104, 1111-1114, 1118, 1128, 1132, 1139-1149, 1163-1172, 1187-1212, 1228-1388, 1394-1400, 1407-1435, 1439-1452, 1456, 1460, 1468-1478, 1485-1489, 1495-1499, 1506-1522, 1526-1532, 1536-1545, 1552-1571, 1575-1578, 1586-1601, 1608-1626, 1630-1679, 1683-1698, 1702-1711, 1718, 1726, 1730-1738, 1750-1771, 1775-1776, 1780-1782, 1786-1790, 1794-1795, 1799-1800, 1804, 1808
vibecomfy/porting/reorganise/parse.py                             267    231    13%   184-186, 189, 193-201, 211, 215-253, 257-267, 271-281, 291-310, 320-322, 332-341, 351-364, 380-406, 415-423, 432-447, 451-495, 499-528, 532-606, 610-651, 655-720
vibecomfy/porting/reorganise/plan_types.py                        327    129    61%   222-226, 230-234, 238, 253-256, 259, 273-277, 280-293, 304-305, 308-316, 330-331, 334-348, 360-362, 365-375, 387-388, 391-399, 424-429, 432-452, 468-469, 472, 495-499, 506, 525-528, 540-543, 546-554, 565-567, 570, 589-596, 599-609
vibecomfy/porting/reorganise/projection.py                        233    181    22%   58-67, 83-84, 88, 95-151, 158-176, 183-209, 216-229, 236-255, 262-325, 333-442, 446-452, 456-458, 462-464, 468, 472, 476, 480, 484-488, 492-497
vibecomfy/porting/reorganise/report.py                             26     12    54%   16, 29-30, 47-48, 70-91, 100
vibecomfy/porting/reorganise/validate.py                          348    297    15%   83-195, 204, 214-241, 245-262, 273-375, 393-406, 415-434, 452-478, 500-570, 588-651, 672-685, 706-707, 718-741, 752-766, 785-794, 816-827, 833-839, 846-848, 863-883, 887-893, 897, 901-905, 909-911, 915, 919-921, 925-927, 938, 948
vibecomfy/porting/reorganise/visualize.py                         132    116    12%   16-96, 100-124, 128-136, 140-143, 152-155, 159-178, 182-183, 187-195, 199-208, 212-213
vibecomfy/porting/report.py                                        95     10    89%   14-15, 43, 56, 70, 84, 114, 127-137
vibecomfy/porting/resolution.py                                   309    232    25%   61-68, 76-85, 96-121, 154, 157, 160, 163, 166, 216, 225-230, 234-239, 243-248, 252-255, 259, 275, 304-317, 332-337, 347-352, 367-372, 387-392, 413-470, 485-496, 517-614, 641-687, 706-720
vibecomfy/porting/rules_registry.py                                20      5    75%   310-313, 318
vibecomfy/porting/simulate.py                                     111     72    35%   53, 73-75, 86-89, 94-100, 121-261
vibecomfy/porting/strict_ready.py                                 222     18    92%   99, 102-103, 128, 131, 137, 142, 373, 377, 387-388, 394, 396, 417, 437, 468-470
vibecomfy/porting/widget_shape_fence.py                           184     75    59%   127-137, 154, 173, 192, 215, 226-237, 261-282, 298-300, 307, 309, 316, 318, 325, 348-356, 371, 374-385, 398-405, 453
vibecomfy/porting/widgets/__init__.py                               5      0   100%
vibecomfy/porting/widgets/aliases.py                              231     76    67%   34-40, 46-52, 65, 69, 79-81, 88-89, 98-99, 119, 126, 141-166, 170-176, 188, 191-192, 213, 228, 231, 319, 330, 334-335, 340-341, 344, 350-356, 362, 366, 368, 375, 384, 387-388
vibecomfy/porting/widgets/compact_resolver.py                     406     84    79%   56, 58, 100, 208-216, 227, 241-250, 283, 287, 302, 310-311, 316, 348, 372, 375, 383-392, 417-419, 454-458, 461-463, 497, 503, 521, 524-530, 551, 558, 564-567, 571-585, 596, 643, 646-647, 655-656
vibecomfy/porting/widgets/schema.py                                19     14    26%   23-32, 49-58
vibecomfy/porting/widgets/settings_contract.py                    167    119    29%   97-110, 115-125, 130-151, 164-175, 186-225, 253-292, 312-313, 320-322, 326-335
vibecomfy/porting/workbench.py                                    506    103    80%   181, 193, 301, 379, 415, 422, 426, 466, 470, 521, 524, 526, 560, 570-572, 587, 614-619, 645-650, 660, 672-713, 752-756, 760-761, 770-778, 788, 951, 955, 968-970, 989, 1000-1001, 1007-1008, 1045, 1047, 1052, 1067, 1104-1105, 1109-1113, 1182, 1191-1195, 1201-1208, 1244, 1249-1250
vibecomfy/porting/wrappers/__init__.py                              3      0   100%
vibecomfy/porting/wrappers/codegen.py                             251    205    18%   132-152, 167-177, 204-225, 229-239, 243-260, 264-280, 284-292, 296-324, 328, 332-337, 341-350, 354-366, 371-383, 387-390, 396-403, 412-422, 426-434, 438-440, 444-448, 452-453, 457-460, 470-495, 511-530
vibecomfy/porting/wrappers/discovery.py                           323    266    18%   131-158, 177-193, 201-204, 209, 226-235, 247-262, 271-308, 317-331, 341-374, 396-416, 425-449, 472-503, 507-540, 549-551, 555-557, 561-569, 573-584, 593-603
vibecomfy/registry/__init__.py                                     10      4    60%   33-37
vibecomfy/registry/library.py                                      47     28    40%   22-23, 28-48, 67, 70, 72-76, 79
vibecomfy/registry/models_loader.py                               454    286    37%   90, 98-124, 128-132, 136-157, 161-163, 167-173, 177-186, 191, 196, 205, 209, 218, 224, 227, 233, 235, 255, 265-291, 299, 303, 305-312, 314-318, 321, 325, 337-338, 346, 348, 351, 353, 357-359, 363-385, 389-394, 398-417, 421-428, 432-439, 443-449, 453-455, 459-466, 470-477, 481-490, 494-500, 504-514, 518-529, 533-539, 543-546, 550-562, 568, 576, 582, 584, 589-597, 601-608, 612
vibecomfy/registry/pack_resolver.py                               937    743    21%   93-96, 143-144, 147-157, 171-178, 182-193, 196, 218-221, 224, 246-252, 261-267, 271, 276-279, 294, 300-314, 319-325, 329-332, 337-351, 356-376, 380, 385-408, 426-433, 437-444, 454, 460-476, 488-492, 500-502, 512, 519-534, 538-539, 544-549, 563-613, 623, 645-727, 745-748, 751-752, 756, 759-776, 779-781, 784-808, 811-861, 870-882, 885-889, 901-904, 907-908, 912, 927-946, 954-966, 969-975, 980-1029, 1045-1047, 1054-1160, 1169-1202, 1206-1214, 1218-1241, 1253-1269, 1273-1277, 1288-1302, 1306-1307, 1317-1325, 1329, 1333-1338, 1342-1345, 1349-1358, 1362-1380, 1384-1399, 1403-1423, 1427-1434, 1438, 1442-1454, 1458-1462, 1466-1472, 1476-1486, 1490-1501, 1528-1552, 1556-1573, 1577, 1590, 1594-1602, 1606, 1610-1613, 1622, 1638-1649, 1662-1666, 1670, 1674, 1678, 1682, 1686, 1690, 1694-1695, 1699, 1703
vibecomfy/registry/ready.py                                       227     41    82%   36-38, 82, 84-85, 120, 136, 139, 144-146, 169-170, 180-182, 219, 221, 223, 225, 229, 231, 239, 247, 262-270, 284, 298, 304-305, 324, 333-334, 376
vibecomfy/registry/ready_template.py                              221    101    54%   21-27, 53-54, 62, 75-76, 93-131, 135-138, 142-148, 152, 161, 165-166, 183-184, 188, 195-201, 261-265, 287, 296, 312-313, 341-364, 417, 419-430, 434-455, 462-466
vibecomfy/registry/static_contract.py                             615    163    73%   46-47, 75, 92, 109-111, 113-115, 251-253, 278, 283-294, 302, 306, 342-348, 380, 386, 389, 398, 403-404, 414-442, 450-471, 490, 519-521, 523-528, 532-541, 547, 549, 570, 572, 586-587, 613-620, 632-638, 671, 675, 681-684, 686-689, 694-695, 719, 726-728, 745-748, 751, 764-767, 770, 798, 806, 815-816, 821, 827, 851-852, 856-865, 872-873, 876, 880, 892, 899, 907-908, 917-918, 921, 930, 948, 951-953, 958, 961, 967, 973
vibecomfy/router/__init__.py                                        3      0   100%
vibecomfy/router/_core.py                                          50     29    42%   27, 39, 51-73, 83-96, 100-102
vibecomfy/router/_rules.py                                         36      1    97%   46
vibecomfy/runtime/__init__.py                                       3      0   100%
vibecomfy/runtime/attempt.py                                       97     39    60%   69-71, 81, 94-95, 102, 127, 148-150, 154-168, 172, 196-216, 223
vibecomfy/runtime/client.py                                        51     39    24%   9-14, 22-28, 33, 36-41, 44-47, 51-57, 60-63, 66-69
vibecomfy/runtime/drift.py                                        148     77    48%   66, 86-87, 94-95, 126-127, 142-202, 223, 230-231, 262, 268-277, 285, 291-327, 341-344
vibecomfy/runtime/ensure_env.py                                   402    402     0%   1-940
vibecomfy/runtime/eval/__init__.py                                  5      0   100%
vibecomfy/runtime/eval/core.py                                    146     85    42%   74-83, 94, 124-125, 132, 134, 138, 140, 142, 145, 147, 149, 151, 153, 175-188, 196-215, 243-244, 282-332, 341, 376-395
vibecomfy/runtime/eval/plan.py                                    109     76    30%   40, 59-87, 95-110, 114-126, 134-157, 161-168, 175, 179-180, 184
vibecomfy/runtime/eval/preview_types.py                            25      5    80%   79-83
vibecomfy/runtime/eval/prompt.py                                   95     67    29%   27-35, 45-76, 89, 93-119, 123-129, 133-134, 138-143
vibecomfy/runtime/execution.py                                     57     39    32%   14, 25-31, 35-45, 49-52, 56-65, 78-91
vibecomfy/runtime/model_policy.py                                  47     29    38%   28-32, 36-39, 49-69, 73-81, 85-86
vibecomfy/runtime/prompt.py                                        77     77     0%   1-158
vibecomfy/runtime/run.py                                           75     49    35%   48-51, 66-127, 148, 174-186, 200, 215-220, 229
vibecomfy/runtime/schema_probe.py                                 285    206    28%   74-78, 87-97, 101, 111-116, 120-123, 127, 131, 139-142, 148-152, 159-178, 191-196, 199, 208-215, 252-303, 308, 328-351, 372-377, 391-404, 418-419, 453-478, 517-558, 584, 614-661, 689-704, 722
vibecomfy/runtime/server.py                                        27     17    37%   19-39
vibecomfy/runtime/server_process.py                                14      7    50%   24-30
vibecomfy/runtime/session.py                                      955    753    21%   51-59, 63-65, 69, 77-84, 115-120, 129, 131, 154-158, 176-177, 181-184, 191-193, 201, 212, 215, 218, 221, 226-232, 235-239, 242-247, 261-326, 338-428, 437-439, 442-445, 448-459, 462-477, 482-490, 493-497, 500-508, 522-547, 559-644, 653-655, 658-666, 669-682, 685-690, 694-711, 715-767, 771-772, 776-780, 784-791, 796-821, 825-828, 833-851, 855-859, 870-871, 884-926, 930, 934-938, 947-987, 997-1013, 1025-1054, 1058-1060, 1072-1078, 1097-1132, 1182, 1186, 1188, 1190, 1192, 1194, 1196, 1199, 1227-1229, 1232-1233, 1249, 1251, 1259, 1261, 1271-1287, 1291-1298, 1302-1305, 1316-1317, 1322-1336, 1340-1346, 1350-1362, 1366-1401, 1405-1410, 1414, 1418-1442, 1446-1451, 1455-1457, 1463-1500, 1504, 1508-1517, 1521-1529, 1540-1541, 1555-1569, 1579-1588, 1592-1610
vibecomfy/runtime/watchdog.py                                     343    254    26%   114, 118-132, 143, 147-150, 155-164, 168, 172, 201-231, 236-241, 244-257, 264-269, 289, 293, 297, 307-336, 345-356, 365-432, 441-455, 458-476, 485-565, 570-578, 581-583, 586-589, 608-623, 635-643
vibecomfy/schema/__init__.py                                        6      0   100%
vibecomfy/schema/cache.py                                         167    116    31%   34, 36-44, 55, 62-63, 67-68, 74, 77-78, 83, 87-89, 102-140, 150-197, 217-253, 257, 261-264, 268-271, 275-279, 283-292, 301
vibecomfy/schema/call_validation.py                                82     57    30%   18, 34, 48-130, 134-143, 147-153, 157-160, 164, 168-169
vibecomfy/schema/ensure_capture.py                                147    147     0%   10-328
vibecomfy/schema/extract.py                                       387    387     0%   27-998
vibecomfy/schema/on_demand.py                                     150    150     0%   23-264
vibecomfy/schema/provider.py                                      952    499    48%   73, 95, 139, 147-149, 165, 190-203, 207, 210, 213, 216, 219, 224, 237-238, 248-255, 291, 306-307, 339-340, 342, 344, 348, 376, 384, 387, 396, 399-406, 412-414, 422-424, 428-466, 486, 506, 526, 543-558, 570, 613-614, 617, 620-624, 627-632, 648, 653-661, 690-697, 711, 714, 737-764, 767, 770, 800, 805, 809-810, 841-846, 892, 899, 905, 924-1014, 1018-1023, 1033-1074, 1077-1096, 1099-1125, 1128-1150, 1184-1188, 1191, 1194, 1197-1203, 1206-1212, 1215-1228, 1231-1248, 1251, 1254-1256, 1265, 1267, 1269, 1271, 1273, 1277, 1320-1375, 1385-1397, 1422-1427, 1432-1438, 1444, 1450-1453, 1457-1462, 1469-1470, 1476-1477, 1497, 1522-1523, 1563-1602, 1607-1626, 1630-1634, 1638-1655, 1659-1660, 1664-1673, 1686-1704, 1707-1755, 1766-1771
vibecomfy/schema/types.py                                         428    170    60%   42-44, 56-57, 94, 97, 197, 199, 301, 303, 357, 410-448, 497, 506, 529-552, 573-627, 629, 640, 652-664, 669, 671-678, 762-803, 812-820, 825-829, 833-834, 846, 849, 874, 892, 896-925, 944, 966, 979, 983, 991, 994, 997, 1004
vibecomfy/schema/validate.py                                      537    279    48%   20-24, 29-56, 195-198, 227, 234, 237, 258, 262, 279-288, 334, 353-360, 378, 399, 410, 413, 416-417, 424-440, 444, 478, 481-490, 506-508, 512, 541-548, 551, 563-569, 594-597, 600-606, 610-612, 626-630, 633, 636, 639, 643-646, 650, 658-665, 669-675, 689-690, 693-695, 719-779, 793-819, 826, 830, 856-859, 868, 880-890, 900, 903, 905-933, 937-944, 953-991, 995-998, 1002-1003, 1012-1013, 1029-1030, 1033-1036, 1042, 1048, 1081, 1097, 1109, 1114, 1119, 1122-1131, 1135-1145, 1151-1153, 1164, 1172, 1174, 1215, 1234-1248
vibecomfy/scratchpad_loader.py                                     35      9    74%   28, 35, 48, 59-62, 82-83
vibecomfy/search/__init__.py                                        5      0   100%
vibecomfy/search/aliases.py                                        41     29    29%   54, 58, 62-68, 72-79, 83, 87-92, 96-100
vibecomfy/search/bootstrap.py                                      38     27    29%   22-23, 27-42, 46-49, 53-63
vibecomfy/search/index.py                                         358    293    18%   64-76, 80-93, 97-118, 122-134, 146-173, 177-199, 203-239, 243-347, 351-417, 421-424, 428-441, 449-458, 462-469, 473-478, 482-484, 492-509, 517-530, 534, 538-540, 544, 548, 552-563, 567-571, 590-603, 607-615, 619-623, 627-631, 635-643, 647-655, 659-663
vibecomfy/search/scorer.py                                         70     56    20%   17-60, 70-82, 86-89, 93-108, 112-116
vibecomfy/security/__init__.py                                      5      5     0%   9-28
vibecomfy/security/_seed.py                                        11     11     0%   14-385
vibecomfy/security/agent_generated_loader.py                      161    108    33%   9-192, 205, 217, 225, 237-238, 250, 271-320, 332, 334-339, 342, 345, 348-349, 357-358, 361-362, 364-365, 367-373, 376, 378-380, 382-383, 386, 390, 392, 398, 401, 413, 422
vibecomfy/security/capabilities.py                                 34     26    24%   9-53, 66, 72
vibecomfy/security/gate.py                                         84     66    21%   25-41, 59-72, 76-87, 92-109, 114, 119, 143, 183-291
vibecomfy/security/loader_provenance.py                            26      6    77%   36-37, 50-51, 56-57
vibecomfy/security/provenance.py                                   48     33    31%   32-72, 83-96, 106, 110, 120, 124, 134, 139, 143-167
vibecomfy/templates.py                                            533    139    74%   50, 56, 59-66, 120-124, 157, 160, 164-165, 176, 196, 202, 204-208, 210, 225-226, 233, 238-248, 268, 274-275, 286-294, 299-307, 312, 317, 320, 338, 344-347, 365, 380, 383, 394-399, 406-407, 435, 437, 440, 507-508, 536, 567-568, 591-593, 598-601, 606, 636, 638, 642, 646-658, 662-665, 680, 693-697, 702-712, 717-719, 730, 757, 794, 814, 821, 827, 834-835, 838, 842, 867, 875-876, 879, 882, 889-890, 899-900, 902, 928, 930, 943, 968
vibecomfy/testing/__init__.py                                      14     14     0%   17-53
vibecomfy/testing/_helpers.py                                      42     42     0%   7-99
vibecomfy/testing/_pytest_plugin.py                                38     29    24%   7-24, 31-44, 54, 61-84
vibecomfy/testing/_schema.py                                        9      9     0%   10-31
vibecomfy/testing/_stub_schema.py                                  18     18     0%   15-58
vibecomfy/testing/assertions.py                                   105    105     0%   13-507
vibecomfy/testing/canonical.py                                     72      3    96%   47, 68, 145
vibecomfy/testing/dry_run.py                                       93     93     0%   16-178
vibecomfy/testing/fixtures.py                                      54     54     0%   6-120
vibecomfy/testing/smoke_fixtures.py                               144    144     0%   24-293
vibecomfy/testing/snapshot.py                                     126    126     0%   25-299
vibecomfy/testing/snapshot_registry.py                              3      3     0%   13-18
vibecomfy/utils.py                                                 37     17    54%   21, 50-70
vibecomfy/workflow.py                                             882    509    42%   1-59, 63-76, 83, 94-142, 150-162, 165, 167-170, 178-193, 200-258, 271-336, 349-404, 424, 450, 466, 489, 492, 496, 503-507, 516, 519-547, 549, 551, 559, 562-563, 572-575, 578, 584-593, 611, 629, 688, 691, 698, 716, 720, 722, 724, 727, 732, 734, 736, 738, 741, 744, 748, 752-823, 826, 843, 845, 855, 880, 883, 886, 901, 904, 906, 915, 924, 928-933, 937-953, 961, 968-970, 976-978, 985-987, 1029-1039, 1053-1072, 1080-1097, 1103-1104, 1128, 1139-1142, 1144, 1148-1149, 1151-1152, 1159-1161, 1165, 1169-1189, 1192, 1197-1201, 1213, 1234-1237, 1251, 1255, 1264, 1280, 1286-1291, 1293, 1297, 1303, 1307, 1315, 1320-1324, 1331-1332, 1334, 1344, 1352-1353, 1363, 1387, 1401-1408, 1421, 1423, 1427, 1446-1486, 1497-1505, 1523, 1541-1543, 1561-1574, 1603-1604, 1621, 1637, 1682, 1690, 1698, 1704
vibecomfy/workflow_context.py                                      18      2    89%   21, 37
---------------------------------------------------------------------------------------------
TOTAL                                                          113133  76380    32%

1 empty file skipped.
Coverage XML written to file coverage.xml
571 passed, 9 skipped, 37 warnings in 132.49s (0:02:12)
