TAP version 13
# Subtest: formatActivityHeadline — answer-only turn: falls back to done() message
ok 1 - formatActivityHeadline — answer-only turn: falls back to done() message
  ---
  duration_ms: 5.332792
  ...
# Subtest: formatActivityHeadline — edit-plus-done uses last substantive statement
ok 2 - formatActivityHeadline — edit-plus-done uses last substantive statement
  ---
  duration_ms: 0.575584
  ...
# Subtest: formatOutcomeCounts — answer-only
ok 3 - formatOutcomeCounts — answer-only
  ---
  duration_ms: 0.476916
  ...
# Subtest: formatOutcomeCounts — edit-plus-done with applied count
ok 4 - formatOutcomeCounts — edit-plus-done with applied count
  ---
  duration_ms: 1.818917
  ...
# Subtest: formatOutcomeCounts — clarify
ok 5 - formatOutcomeCounts — clarify
  ---
  duration_ms: 0.319375
  ...
# Subtest: formatOutcomeCounts — error with diagnostics
ok 6 - formatOutcomeCounts — error with diagnostics
  ---
  duration_ms: 2.576625
  ...
# Subtest: formatOutcomeCounts — budget_exhausted
ok 7 - formatOutcomeCounts — budget_exhausted
  ---
  duration_ms: 6.100792
  ...
# Subtest: formatStatementAction — handles null/empty
ok 8 - formatStatementAction — handles null/empty
  ---
  duration_ms: 1.617875
  ...
# Subtest: formatStatementAction — humanized labels
ok 9 - formatStatementAction — humanized labels
  ---
  duration_ms: 3.628958
  ...
# Subtest: canonical derivation — answer-only yields 'answered' outcome, no graph changes
ok 10 - canonical derivation — answer-only yields 'answered' outcome, no graph changes
  ---
  duration_ms: 1.280375
  ...
# Subtest: canonical derivation — edit-plus-done excludes done() from latest substantive
ok 11 - canonical derivation — edit-plus-done excludes done() from latest substantive
  ---
  duration_ms: 3.779375
  ...
# Subtest: canonical derivation — clarify has correct kind and fully-done phase_progress
ok 12 - canonical derivation — clarify has correct kind and fully-done phase_progress
  ---
  duration_ms: 1.498084
  ...
# Subtest: canonical derivation — error has diagnostics in outcome and canonical
ok 13 - canonical derivation — error has diagnostics in outcome and canonical
  ---
  duration_ms: 0.691458
  ...
# Subtest: canonical derivation — budget_exhausted has budget info
ok 14 - canonical derivation — budget_exhausted has budget info
  ---
  duration_ms: 1.549792
  ...
# Subtest: DOM: Decide secondary text renders from progress label and clears on next phase
ok 15 - DOM: Decide secondary text renders from progress label and clears on next phase
  ---
  duration_ms: 1918.234333
  ...
# Subtest: DOM: phase strip present while pending and legacy activity rows stay hidden
ok 16 - DOM: phase strip present while pending and legacy activity rows stay hidden
  ---
  duration_ms: 1568.54875
  ...
# Subtest: DOM: pending bubble details include per-action rows, counts, diagnostics, no unsafe fields
ok 17 - DOM: pending bubble details include per-action rows, counts, diagnostics, no unsafe fields
  ---
  duration_ms: 1329.111458
  ...
# Subtest: DOM: answer-only renders 'Answered without graph changes' in chat, no not-landed leak, no candidate controls
ok 18 - DOM: answer-only renders 'Answered without graph changes' in chat, no not-landed leak, no candidate controls
  ---
  duration_ms: 1098.718834
  ...
# Subtest: DOM: edit-plus-done surfaces done_summary, done() not the visible latest, applied count correct
ok 19 - DOM: edit-plus-done surfaces done_summary, done() not the visible latest, applied count correct
  ---
  duration_ms: 1306.330208
  ...
# Subtest: DOM: failed/clarify/budget-exhausted canonical outcomes lead with correct copy
ok 20 - DOM: failed/clarify/budget-exhausted canonical outcomes lead with correct copy
  ---
  duration_ms: 1236.384583
  ...
# Subtest: DOM: respond-route turn renders as normal assistant message, no candidate controls
ok 21 - DOM: respond-route turn renders as normal assistant message, no candidate controls
  ---
  duration_ms: 1539.537375
  ...
# Subtest: DOM: research-route turn renders as normal assistant message, no candidate controls
ok 22 - DOM: research-route turn renders as normal assistant message, no candidate controls
  ---
  duration_ms: 1046.469625
  ...
# Subtest: DOM: multi-turn chat renders respond → revise → research chronologically
ok 23 - DOM: multi-turn chat renders respond → revise → research chronologically
  ---
  duration_ms: 1027.658833
  ...
# Subtest: DOM: candidate-route controls are preserved for revise route
ok 24 - DOM: candidate-route controls are preserved for revise route
  ---
  duration_ms: 441.439875
  ...
# Subtest: DOM: all non-applyable routes (clarify, inspect, respond, research) suppress candidate controls
ok 25 - DOM: all non-applyable routes (clarify, inspect, respond, research) suppress candidate controls
  ---
  duration_ms: 606.189458
  ...
# Subtest: DOM: explicit threaded mode renders neutral Working… with zero staged chrome
ok 26 - DOM: explicit threaded mode renders neutral Working… with zero staged chrome
  ---
  duration_ms: 1637.388708
  ...
# Subtest: DOM: unset agent mode shows the same honest neutral chrome until a choice exists
ok 27 - DOM: unset agent mode shows the same honest neutral chrome until a choice exists
  ---
  duration_ms: 1489.45925
  ...
# Subtest: DOM: real Settings onchange repaints chrome both directions mid-flight, keyed DOM reused
ok 28 - DOM: real Settings onchange repaints chrome both directions mid-flight, keyed DOM reused
  ---
  duration_ms: 1089.67625
  ...
# [vibecomfy] Candidate transaction authority is missing. Apply and Reject are disabled until the session is reconciled.
# [vibecomfy] Candidate transaction authority is missing. Apply and Reject are disabled until the session is reconciled.
# [vibecomfy] Candidate transaction authority is invalid. Apply is disabled; Reject can safely discard the candidate.
# [vibecomfy] Candidate transaction authority is missing. Apply and Reject are disabled until the session is reconciled.
# Subtest: agent_candidate_actions exposes the candidate action owner API
ok 29 - agent_candidate_actions exposes the candidate action owner API
  ---
  duration_ms: 27.893041
  ...
# Subtest: applyEligibility preserves canonical active eligibility behavior
ok 30 - applyEligibility preserves canonical active eligibility behavior
  ---
  duration_ms: 16.16075
  ...
# Subtest: candidateActionState keeps active and historical candidate semantics
ok 31 - candidateActionState keeps active and historical candidate semantics
  ---
  duration_ms: 18.666375
  ...
# Subtest: candidateActionState suspends stale candidate actions while durable authority rehydrates
ok 32 - candidateActionState suspends stale candidate actions while durable authority rehydrates
  ---
  duration_ms: 6.577375
  ...
# Subtest: candidateActionState disables Apply but keeps malformed V2 candidates rejectable
ok 33 - candidateActionState disables Apply but keeps malformed V2 candidates rejectable
  ---
  duration_ms: 2.220375
  ...
# Subtest: candidateActionState preserves optional reorganise candidate eligibility and stale history
ok 34 - candidateActionState preserves optional reorganise candidate eligibility and stale history
  ---
  duration_ms: 20.135667
  ...
# Subtest: disabledApplyEligibility and no-candidate action states remain immutable payload builders
ok 35 - disabledApplyEligibility and no-candidate action states remain immutable payload builders
  ---
  duration_ms: 1.956834
  ...
# Subtest: exported helper APIs preserve normalization and bubble candidate detection
ok 36 - exported helper APIs preserve normalization and bubble candidate detection
  ---
  duration_ms: 0.37975
  ...
# Subtest: PANEL_STATE exports frozen phase taxonomy matching the contract
ok 37 - PANEL_STATE exports frozen phase taxonomy matching the contract
  ---
  duration_ms: 3.551833
  ...
# Subtest: composer buttons hide undo while processing and hide reset controls while reviewing
ok 38 - composer buttons hide undo while processing and hide reset controls while reviewing
  ---
  duration_ms: 14.189292
  ...
# Subtest: composer apply display state ignores flattened apply aliases without a canonical candidate
ok 39 - composer apply display state ignores flattened apply aliases without a canonical candidate
  ---
  duration_ms: 6.746417
  ...
# Subtest: composer apply display state projects canonical candidate, stage, and route state
ok 40 - composer apply display state projects canonical candidate, stage, and route state
  ---
  duration_ms: 7.890958
  ...
# Subtest: LIFECYCLE_STATE_FIELDS exports frozen array with 69 field names
ok 41 - LIFECYCLE_STATE_FIELDS exports frozen array with 69 field names
  ---
  duration_ms: 0.4145
  ...
# Subtest: createAgentEditState initializes all 69 lifecycle fields to defaults
ok 42 - createAgentEditState initializes all 69 lifecycle fields to defaults
  ---
  duration_ms: 0.586167
  ...
# Subtest: createAgentEditState returns independent objects on each call
ok 43 - createAgentEditState returns independent objects on each call
  ---
  duration_ms: 0.338834
  ...
# Subtest: normalizeDeltaOpsFromSubmit returns null for non-object input
ok 44 - normalizeDeltaOpsFromSubmit returns null for non-object input
  ---
  duration_ms: 2.229625
  ...
# Subtest: normalizeDeltaOpsFromSubmit returns null when accepted_batch is absent
ok 45 - normalizeDeltaOpsFromSubmit returns null when accepted_batch is absent
  ---
  duration_ms: 7.128667
  ...
# Subtest: normalizeDeltaOpsFromSubmit returns null when accepted_batch is not an array
ok 46 - normalizeDeltaOpsFromSubmit returns null when accepted_batch is not an array
  ---
  duration_ms: 7.341042
  ...
# Subtest: normalizeDeltaOpsFromSubmit returns empty array for empty accepted_batch
ok 47 - normalizeDeltaOpsFromSubmit returns empty array for empty accepted_batch
  ---
  duration_ms: 1.91075
  ...
# Subtest: normalizeDeltaOpsFromSubmit extracts ops from accepted_batch statements
ok 48 - normalizeDeltaOpsFromSubmit extracts ops from accepted_batch statements
  ---
  duration_ms: 6.432333
  ...
# Subtest: normalizeDeltaOpsFromSubmit skips statements without an object op
ok 49 - normalizeDeltaOpsFromSubmit skips statements without an object op
  ---
  duration_ms: 12.20825
  ...
# Subtest: normalizeDeltaOpsFromSubmit returns empty array when no statements have an object op
ok 50 - normalizeDeltaOpsFromSubmit returns empty array when no statements have an object op
  ---
  duration_ms: 22.443167
  ...
# Subtest: OK_CANDIDATE_RESPONSE extracts and stores deltaOps from V2 submit result
ok 51 - OK_CANDIDATE_RESPONSE extracts and stores deltaOps from V2 submit result
  ---
  duration_ms: 66.963833
  ...
# Subtest: a new candidate cannot inherit transaction receipts from the previous turn
ok 52 - a new candidate cannot inherit transaction receipts from the previous turn
  ---
  duration_ms: 41.198333
  ...
# Subtest: REQUIRES_CUSTOM_NODES_RESPONSE stores evidence and keeps apply controls disabled
ok 53 - REQUIRES_CUSTOM_NODES_RESPONSE stores evidence and keeps apply controls disabled
  ---
  duration_ms: 60.104
  ...
# Subtest: NODE_PACK_INSTALL_STARTED builds POST obligation and tracks install progress states
ok 54 - NODE_PACK_INSTALL_STARTED builds POST obligation and tracks install progress states
  ---
  duration_ms: 2.9575
  ...
# Subtest: NODE_PACK_INSTALL_SUCCEEDED restart_required keeps resolver evidence for restart guidance
ok 55 - NODE_PACK_INSTALL_SUCCEEDED restart_required keeps resolver evidence for restart guidance
  ---
  duration_ms: 0.406292
  ...
# Subtest: OK_CANDIDATE_RESPONSE gates Apply on apply eligibility plus candidate presence
ok 56 - OK_CANDIDATE_RESPONSE gates Apply on apply eligibility plus candidate presence
  ---
  duration_ms: 5.271625
  ...
# Subtest: OK_CANDIDATE_RESPONSE reduces canonical candidate, identity, stage, and field selectors
ok 57 - OK_CANDIDATE_RESPONSE reduces canonical candidate, identity, stage, and field selectors
  ---
  duration_ms: 22.347375
  ...
# Subtest: OK_CANDIDATE_RESPONSE keeps optional reorganise candidates applyable and latest
ok 58 - OK_CANDIDATE_RESPONSE keeps optional reorganise candidates applyable and latest
  ---
  duration_ms: 16.616083
  ...
# Subtest: CHAT_REHYDRATE_RESTORE_LATEST_CANDIDATE gates restored actions on eligibility plus candidate presence
ok 59 - CHAT_REHYDRATE_RESTORE_LATEST_CANDIDATE gates restored actions on eligibility plus candidate presence
  ---
  duration_ms: 38.739541
  ...
# Subtest: CHAT_REHYDRATE_RESTORE_LATEST_CANDIDATE can restore from canonical latest-candidate payload
ok 60 - CHAT_REHYDRATE_RESTORE_LATEST_CANDIDATE can restore from canonical latest-candidate payload
  ---
  duration_ms: 21.987125
  ...
# Subtest: CHAT_REHYDRATE_RESTORE_LATEST_CANDIDATE refuses when requestScopeId mismatches chatScopeId (delayed rehydrate race)
ok 61 - CHAT_REHYDRATE_RESTORE_LATEST_CANDIDATE refuses when requestScopeId mismatches chatScopeId (delayed rehydrate race)
  ---
  duration_ms: 0.278292
  ...
# Subtest: CHAT_REHYDRATE_RESTORE_LATEST_CANDIDATE refuses when candidateSessionId mismatches panel sessionId (cross-session boundary)
ok 62 - CHAT_REHYDRATE_RESTORE_LATEST_CANDIDATE refuses when candidateSessionId mismatches panel sessionId (cross-session boundary)
  ---
  duration_ms: 0.159708
  ...
# Subtest: CHAT_REHYDRATE_RESTORE_LATEST_CANDIDATE succeeds when scope and session boundaries match
ok 63 - CHAT_REHYDRATE_RESTORE_LATEST_CANDIDATE succeeds when scope and session boundaries match
  ---
  duration_ms: 0.723125
  ...
# Subtest: CHAT_REHYDRATE_RESTORE_LATEST_CANDIDATE succeeds when candidateSessionId matches panel session even with different explicit sessionId
ok 64 - CHAT_REHYDRATE_RESTORE_LATEST_CANDIDATE succeeds when candidateSessionId matches panel session even with different explicit sessionId
  ---
  duration_ms: 0.297792
  ...
# Subtest: CHAT_REHYDRATE_RESTORE_LATEST_CANDIDATE backward-compatible when requestScopeId is absent
ok 65 - CHAT_REHYDRATE_RESTORE_LATEST_CANDIDATE backward-compatible when requestScopeId is absent
  ---
  duration_ms: 19.935583
  ...
# Subtest: CHAT_REHYDRATE_RESTORE_LATEST_CANDIDATE backward-compatible when candidateSessionId is absent
ok 66 - CHAT_REHYDRATE_RESTORE_LATEST_CANDIDATE backward-compatible when candidateSessionId is absent
  ---
  duration_ms: 105.684375
  ...
# Subtest: CHAT_REHYDRATE_RESTORE_LATEST_CANDIDATE refuses cross-scope when panel has no sessionId (scope guard takes priority)
ok 67 - CHAT_REHYDRATE_RESTORE_LATEST_CANDIDATE refuses cross-scope when panel has no sessionId (scope guard takes priority)
  ---
  duration_ms: 0.727834
  ...
# Subtest: CHAT_REHYDRATE_RESTORE_LATEST_CANDIDATE respects existing phase guards alongside scope guards
ok 68 - CHAT_REHYDRATE_RESTORE_LATEST_CANDIDATE respects existing phase guards alongside scope guards
  ---
  duration_ms: 0.47525
  ...
# Subtest: canonical candidate review apply path preserves stage through review then clears candidate state
ok 69 - canonical candidate review apply path preserves stage through review then clears candidate state
  ---
  duration_ms: 10.5975
  ...
# Subtest: canonical candidate reject and new-conversation clear remove review state without losing durable baseline sync
ok 70 - canonical candidate reject and new-conversation clear remove review state without losing durable baseline sync
  ---
  duration_ms: 20.630542
  ...
# Subtest: transition table: canonical stage snapshots project into reducer debug state
ok 71 - transition table: canonical stage snapshots project into reducer debug state
  ---
  duration_ms: 4.849167
  ...
# Subtest: transition table: candidate review moves through apply, reject, and clear states
ok 72 - transition table: candidate review moves through apply, reject, and clear states
  ---
  duration_ms: 3.270542
  ...
# Subtest: transition table: durable turn identity avoids missing-id and collision duplicates
ok 73 - transition table: durable turn identity avoids missing-id and collision duplicates
  ---
  duration_ms: 0.725041
  ...
# Subtest: transition table: chat rehydrate reconciles fresh, stale, missing-session, and no-session states
ok 74 - transition table: chat rehydrate reconciles fresh, stale, missing-session, and no-session states
  ---
  duration_ms: 2.655458
  ...
# Subtest: chat rehydrate atomically replaces a stale candidate with durable rollback disposition
ok 75 - chat rehydrate atomically replaces a stale candidate with durable rollback disposition
  ---
  duration_ms: 1.6545
  ...
# Subtest: chat rehydrate start immediately suspends candidate actions until authority resolves
ok 76 - chat rehydrate start immediately suspends candidate actions until authority resolves
  ---
  duration_ms: 0.299958
  ...
# Subtest: OK_CANDIDATE_RESPONSE preserves deltaOps through review (survives non-clearing transitions)
ok 77 - OK_CANDIDATE_RESPONSE preserves deltaOps through review (survives non-clearing transitions)
  ---
  duration_ms: 1.10475
  ...
# Subtest: OK_CANDIDATE_RESPONSE sets deltaOps to null when submit result has malformed accepted_batch
ok 78 - OK_CANDIDATE_RESPONSE sets deltaOps to null when submit result has malformed accepted_batch
  ---
  duration_ms: 0.750084
  ...
# Subtest: OK_CANDIDATE_RESPONSE sets deltaOps to empty when accepted_batch statements have no object op
ok 79 - OK_CANDIDATE_RESPONSE sets deltaOps to empty when accepted_batch statements have no object op
  ---
  duration_ms: 0.374709
  ...
# Subtest: terminal submit responses without session metadata do not trigger chat rehydrate
ok 80 - terminal submit responses without session metadata do not trigger chat rehydrate
  ---
  duration_ms: 1.067792
  ...
# Subtest: CHAT_REHYDRATE_RESTORE_LATEST_CANDIDATE extracts deltaOps from baseline.raw
ok 81 - CHAT_REHYDRATE_RESTORE_LATEST_CANDIDATE extracts deltaOps from baseline.raw
  ---
  duration_ms: 0.949417
  ...
# Subtest: deltaOps survives the full review cycle from OK_CANDIDATE_RESPONSE through non-clearing transitions
ok 82 - deltaOps survives the full review cycle from OK_CANDIDATE_RESPONSE through non-clearing transitions
  ---
  duration_ms: 0.559292
  ...
# Subtest: SUBMIT_START clears deltaOps via INVALIDATE_CANDIDATE
ok 83 - SUBMIT_START clears deltaOps via INVALIDATE_CANDIDATE
  ---
  duration_ms: 0.633417
  ...
# Subtest: SUBMIT_ABORT clears deltaOps (cancel)
ok 84 - SUBMIT_ABORT clears deltaOps (cancel)
  ---
  duration_ms: 2.128834
  ...
# Subtest: STOP_ABORT clears deltaOps
ok 85 - STOP_ABORT clears deltaOps
  ---
  duration_ms: 0.681417
  ...
# Subtest: REJECT_SUCCESS clears deltaOps via INVALIDATE_CANDIDATE
ok 86 - REJECT_SUCCESS clears deltaOps via INVALIDATE_CANDIDATE
  ---
  duration_ms: 1.324625
  ...
# Subtest: REBASELINE_SUCCESS clears deltaOps directly
ok 87 - REBASELINE_SUCCESS clears deltaOps directly
  ---
  duration_ms: 0.425
  ...
# Subtest: INVALIDATE_CANDIDATE clears deltaOps alongside other candidate fields
ok 88 - INVALIDATE_CANDIDATE clears deltaOps alongside other candidate fields
  ---
  duration_ms: 0.183875
  ...
# Subtest: deltaOps is cleared and then repopulated across a submit→review→clear→new submit lifecycle
ok 89 - deltaOps is cleared and then repopulated across a submit→review→clear→new submit lifecycle
  ---
  duration_ms: 3.477333
  ...
# Subtest: INIT transition returns render:true and does not mutate state
ok 90 - INIT transition returns render:true and does not mutate state
  ---
  duration_ms: 0.202125
  ...
# Subtest: SYNC_BASELINE mirrors authoritative baseline fields from payload
ok 91 - SYNC_BASELINE mirrors authoritative baseline fields from payload
  ---
  duration_ms: 0.625625
  ...
# Subtest: SYNC_BASELINE accepts normalized camelCase authority fields
ok 92 - SYNC_BASELINE accepts normalized camelCase authority fields
  ---
  duration_ms: 0.163541
  ...
# Subtest: SYNC_BASELINE with omitted payload defaults to empty object and returns render:true
ok 93 - SYNC_BASELINE with omitted payload defaults to empty object and returns render:true
  ---
  duration_ms: 0.849125
  ...
# Subtest: SYNC_BASELINE with null payload returns render:false
ok 94 - SYNC_BASELINE with null payload returns render:false
  ---
  duration_ms: 0.160542
  ...
# Subtest: SYNC_BASELINE with string payload returns render:false
ok 95 - SYNC_BASELINE with string payload returns render:false
  ---
  duration_ms: 0.523459
  ...
# Subtest: SYNC_BASELINE with empty payload object returns render:true and leaves defaults
ok 96 - SYNC_BASELINE with empty payload object returns render:true and leaves defaults
  ---
  duration_ms: 0.183084
  ...
# Subtest: SYNC_BASELINE coerces non-string baseline_turn_id to null
ok 97 - SYNC_BASELINE coerces non-string baseline_turn_id to null
  ---
  duration_ms: 0.128416
  ...
# Subtest: SYNC_BASELINE coerces non-string baseline_graph_hash to null
ok 98 - SYNC_BASELINE coerces non-string baseline_graph_hash to null
  ---
  duration_ms: 0.107083
  ...
# Subtest: SYNC_BASELINE coerces non-string baseline_graph_hash_kind to null
ok 99 - SYNC_BASELINE coerces non-string baseline_graph_hash_kind to null
  ---
  duration_ms: 0.111125
  ...
# Subtest: SYNC_BASELINE coerces non-number baseline_graph_hash_version to null
ok 100 - SYNC_BASELINE coerces non-number baseline_graph_hash_version to null
  ---
  duration_ms: 0.143041
  ...
# Subtest: SYNC_BASELINE coerces non-string baseline_source to 'none'
ok 101 - SYNC_BASELINE coerces non-string baseline_source to 'none'
  ---
  duration_ms: 0.097958
  ...
# Subtest: SYNC_BASELINE coerces non-string baseline_rebaseline_id to null
ok 102 - SYNC_BASELINE coerces non-string baseline_rebaseline_id to null
  ---
  duration_ms: 0.094417
  ...
# Subtest: SYNC_BASELINE coerces non-string baseline_graph_source_path to null
ok 103 - SYNC_BASELINE coerces non-string baseline_graph_source_path to null
  ---
  duration_ms: 0.089125
  ...
# Subtest: SYNC_BASELINE partial payload updates only provided keys
ok 104 - SYNC_BASELINE partial payload updates only provided keys
  ---
  duration_ms: 0.105125
  ...
# Subtest: SYNC_BASELINE infers baseline_source=turn when action=accept ok=true without explicit source
ok 105 - SYNC_BASELINE infers baseline_source=turn when action=accept ok=true without explicit source
  ---
  duration_ms: 0.125542
  ...
# Subtest: SYNC_BASELINE infers baseline_source=turn from existing baseline data when no source given
ok 106 - SYNC_BASELINE infers baseline_source=turn from existing baseline data when no source given
  ---
  duration_ms: 0.596708
  ...
# Subtest: SYNC_BASELINE infers baseline_source=rebaseline when no turnId but has hash and rebaselineId
ok 107 - SYNC_BASELINE infers baseline_source=rebaseline when no turnId but has hash and rebaselineId
  ---
  duration_ms: 0.189083
  ...
# Subtest: SYNC_BASELINE infers baseline_source=none when all baseline fields are null
ok 108 - SYNC_BASELINE infers baseline_source=none when all baseline fields are null
  ---
  duration_ms: 0.478792
  ...
# Subtest: SYNC_BASELINE explicit baseline_source overrides inference
ok 109 - SYNC_BASELINE explicit baseline_source overrides inference
  ---
  duration_ms: 4.418333
  ...
# Subtest: INVALIDATE_CANDIDATE clears all candidate review fields with render:true by default
ok 110 - INVALIDATE_CANDIDATE clears all candidate review fields with render:true by default
  ---
  duration_ms: 8.061541
  ...
# Subtest: INVALIDATE_CANDIDATE respects repaint:false in payload
ok 111 - INVALIDATE_CANDIDATE respects repaint:false in payload
  ---
  duration_ms: 0.3375
  ...
# Subtest: INVALIDATE_CANDIDATE clears transient preview diff caches
ok 112 - INVALIDATE_CANDIDATE clears transient preview diff caches
  ---
  duration_ms: 0.449958
  ...
# Subtest: INVALIDATE_CANDIDATE is idempotent — clearing already-cleared fields is safe
ok 113 - INVALIDATE_CANDIDATE is idempotent — clearing already-cleared fields is safe
  ---
  duration_ms: 0.216083
  ...
# Subtest: SUBMIT_START emits deterministic status dirty sections and invalidates visible candidate overlays
ok 114 - SUBMIT_START emits deterministic status dirty sections and invalidates visible candidate overlays
  ---
  duration_ms: 0.6525
  ...
# Subtest: SUBMIT_START records submit watchdog metadata when provided
ok 115 - SUBMIT_START records submit watchdog metadata when provided
  ---
  duration_ms: 0.212917
  ...
# Subtest: Submit response transitions return deterministic dirty sections and invalidation obligations
ok 116 - Submit response transitions return deterministic dirty sections and invalidation obligations
  ---
  duration_ms: 3.477833
  ...
# Subtest: STOP_ABORT increments submitEpoch and clears in-flight submit state while preserving session context
ok 117 - STOP_ABORT increments submitEpoch and clears in-flight submit state while preserving session context
  ---
  duration_ms: 21.638292
  ...
# Subtest: SUBMIT_STALE_IN_FLIGHT_RECOVERY increments submitEpoch and clears only stale submit guards
ok 118 - SUBMIT_STALE_IN_FLIGHT_RECOVERY increments submitEpoch and clears only stale submit guards
  ---
  duration_ms: 0.460958
  ...
# Subtest: SUBMIT_FINALLY clears only the matching epoch, promise, and controller owner
ok 119 - SUBMIT_FINALLY clears only the matching epoch, promise, and controller owner
  ---
  duration_ms: 0.472709
  ...
# Subtest: submit terminal transitions ignore a response from an older epoch
ok 120 - submit terminal transitions ignore a response from an older epoch
  ---
  duration_ms: 0.219875
  ...
# Subtest: NEW_CONVERSATION resets lifecycle state, increments epochs, and leaves non-lifecycle keys untouched
ok 121 - NEW_CONVERSATION resets lifecycle state, increments epochs, and leaves non-lifecycle keys untouched
  ---
  duration_ms: 0.510167
  ...
# Subtest: CHAT_REHYDRATE_START increments epoch without disturbing current candidate or failure state
ok 122 - CHAT_REHYDRATE_START increments epoch without disturbing current candidate or failure state
  ---
  duration_ms: 1.754667
  ...
# Subtest: CHAT_REHYDRATE_SUCCESS stores safe chat payload and persists confirmed session id
ok 123 - CHAT_REHYDRATE_SUCCESS stores safe chat payload and persists confirmed session id
  ---
  duration_ms: 13.205334
  ...
# Subtest: CHAT_REHYDRATE_SUCCESS restores durable baseline authority
ok 124 - CHAT_REHYDRATE_SUCCESS restores durable baseline authority
  ---
  duration_ms: 1.842375
  ...
# Subtest: reconcileChatMessages derives durable keys from normalized TurnIdentity
ok 125 - reconcileChatMessages derives durable keys from normalized TurnIdentity
  ---
  duration_ms: 0.306375
  ...
# Subtest: CHAT_REHYDRATE_RESTORE_LATEST_CANDIDATE atomically restores candidate, baseline, eligibility, and queue context
ok 126 - CHAT_REHYDRATE_RESTORE_LATEST_CANDIDATE atomically restores candidate, baseline, eligibility, and queue context
  ---
  duration_ms: 13.542917
  ...
# Subtest: CHAT_REHYDRATE_RESTORE_LATEST_CANDIDATE restores optional reorganise candidate eligibility
ok 127 - CHAT_REHYDRATE_RESTORE_LATEST_CANDIDATE restores optional reorganise candidate eligibility
  ---
  duration_ms: 23.030875
  ...
# Subtest: CHAT_REHYDRATE_NO_SESSION clears only thread-visible chat state and leaves metadata clean
ok 128 - CHAT_REHYDRATE_NO_SESSION clears only thread-visible chat state and leaves metadata clean
  ---
  duration_ms: 5.94725
  ...
# Subtest: CHAT_REHYDRATE_NO_SESSION preserves optimistic user bubble while SUBMITTING
ok 129 - CHAT_REHYDRATE_NO_SESSION preserves optimistic user bubble while SUBMITTING
  ---
  duration_ms: 20.457
  ...
# Subtest: CHAT_REHYDRATE_MISSING_SESSION preserves optimistic user bubble while SUBMITTING
ok 130 - CHAT_REHYDRATE_MISSING_SESSION preserves optimistic user bubble while SUBMITTING
  ---
  duration_ms: 3.515959
  ...
# Subtest: CHAT_REHYDRATE_NO_SESSION clears optimistic bubbles from a STALE submit epoch
ok 131 - CHAT_REHYDRATE_NO_SESSION clears optimistic bubbles from a STALE submit epoch
  ---
  duration_ms: 2.494041
  ...
# Subtest: CHAT_REHYDRATE_RESTORE_LATEST_CANDIDATE is skipped while submit/apply is active or candidate graph is missing
ok 132 - CHAT_REHYDRATE_RESTORE_LATEST_CANDIDATE is skipped while submit/apply is active or candidate graph is missing
  ---
  duration_ms: 5.198417
  ...
# Subtest: APPLY_PREFLIGHT_BLOCKED no-ops while APPLY_MISSING_FIELDS records a failure
ok 133 - APPLY_PREFLIGHT_BLOCKED no-ops while APPLY_MISSING_FIELDS records a failure
  ---
  duration_ms: 0.458958
  ...
# Subtest: APPLY_STARTED and APPLY_IN_FLIGHT capture apply phase, request debug, and promise guard
ok 134 - APPLY_STARTED and APPLY_IN_FLIGHT capture apply phase, request debug, and promise guard
  ---
  duration_ms: 0.827875
  ...
# Subtest: ACCEPT_REJECTED preserves retryable local failures but disables authoritative backend rejects
ok 135 - ACCEPT_REJECTED preserves retryable local failures but disables authoritative backend rejects
  ---
  duration_ms: 1.616791
  ...
# Subtest: STALE_CANVAS_APPLY and CANVAS_APPLY_FAILURE record distinct apply failures
ok 136 - STALE_CANVAS_APPLY and CANVAS_APPLY_FAILURE record distinct apply failures
  ---
  duration_ms: 1.807625
  ...
# Subtest: APPLY_SUCCESS atomically syncs baseline, invalidates candidate, clears queue guards, and preserves applied feedback
ok 137 - APPLY_SUCCESS atomically syncs baseline, invalidates candidate, clears queue guards, and preserves applied feedback
  ---
  duration_ms: 2.439584
  ...
# Subtest: REJECT_STARTED transitions to APPLYING, clears failure, and records debug payload
ok 138 - REJECT_STARTED transitions to APPLYING, clears failure, and records debug payload
  ---
  duration_ms: 0.242
  ...
# Subtest: REJECT_STARTED builds default debug payload from rejectBody when none provided
ok 139 - REJECT_STARTED builds default debug payload from rejectBody when none provided
  ---
  duration_ms: 0.147042
  ...
# Subtest: REJECT_FAILURE records phase=ERROR, syncs baseline from failure, and preserves audit ref
ok 140 - REJECT_FAILURE records phase=ERROR, syncs baseline from failure, and preserves audit ref
  ---
  duration_ms: 0.274333
  ...
# Subtest: REJECT_FAILURE with null failure keeps current audit ref
ok 141 - REJECT_FAILURE with null failure keeps current audit ref
  ---
  duration_ms: 4.506167
  ...
# Subtest: REJECT_FAILURE builds default debug payload from failure when none provided
ok 142 - REJECT_FAILURE builds default debug payload from failure when none provided
  ---
  duration_ms: 0.2515
  ...
# Subtest: REJECT_SUCCESS clears candidate, syncs baseline, invalidates gates, and returns queue guard obligations
ok 143 - REJECT_SUCCESS clears candidate, syncs baseline, invalidates gates, and returns queue guard obligations
  ---
  duration_ms: 1.393292
  ...
# Subtest: REJECT_SUCCESS uses default message and empty toast when not provided
ok 144 - REJECT_SUCCESS uses default message and empty toast when not provided
  ---
  duration_ms: 0.418916
  ...
# Subtest: CHAT_REHYDRATE_MISSING_SESSION clears visible chat state and forgets only the matching session id
ok 145 - CHAT_REHYDRATE_MISSING_SESSION clears visible chat state and forgets only the matching session id
  ---
  duration_ms: 1.307042
  ...
# Subtest: CHAT_REHYDRATE_FAILURE preserves chat display state and leaves current failure/candidate state intact
ok 146 - CHAT_REHYDRATE_FAILURE preserves chat display state and leaves current failure/candidate state intact
  ---
  duration_ms: 3.742959
  ...
# Subtest: Stale chat rehydrate responses are ignored without touching current session, failure, or candidate state
ok 147 - Stale chat rehydrate responses are ignored without touching current session, failure, or candidate state
  ---
  duration_ms: 1.515958
  ...
# Subtest: Unknown event returns render:false and does not mutate state
ok 148 - Unknown event returns render:false and does not mutate state
  ---
  duration_ms: 0.270791
  ...
# Subtest: Unknown event with payload returns render:false without mutation
ok 149 - Unknown event with payload returns render:false without mutation
  ---
  duration_ms: 0.138292
  ...
# Subtest: Multiple unknown events do not accumulate side effects
ok 150 - Multiple unknown events do not accumulate side effects
  ---
  duration_ms: 3.892375
  ...
# Subtest: transition with null panel returns render:false
ok 151 - transition with null panel returns render:false
  ---
  duration_ms: 0.836292
  ...
# Subtest: transition with undefined panel returns render:false
ok 152 - transition with undefined panel returns render:false
  ---
  duration_ms: 10.66975
  ...
# Subtest: transition with panel missing .state returns render:false
ok 153 - transition with panel missing .state returns render:false
  ---
  duration_ms: 0.319791
  ...
# Subtest: SYNC_BASELINE does not affect candidate fields
ok 154 - SYNC_BASELINE does not affect candidate fields
  ---
  duration_ms: 0.512708
  ...
# Subtest: INVALIDATE_CANDIDATE does not affect baseline fields
ok 155 - INVALIDATE_CANDIDATE does not affect baseline fields
  ---
  duration_ms: 0.357333
  ...
# Subtest: SYNC_BASELINE can atomically store or clear rebaseline recovery alongside baseline fields
ok 156 - SYNC_BASELINE can atomically store or clear rebaseline recovery alongside baseline fields
  ---
  duration_ms: 0.348667
  ...
# Subtest: REBASELINE_STARTED stores pending request metadata and REBASELINE_FINALLY clears the in-flight promise
ok 157 - REBASELINE_STARTED stores pending request metadata and REBASELINE_FINALLY clears the in-flight promise
  ---
  duration_ms: 0.500208
  ...
# Subtest: REBASELINE_SUCCESS syncs authoritative baseline, clears pending state, and clears stale recovery
ok 158 - REBASELINE_SUCCESS syncs authoritative baseline, clears pending state, and clears stale recovery
  ---
  duration_ms: 3.058833
  ...
# Subtest: REBASELINE_FAILURE preserves request metadata, records retry details, and syncs recovery evidence
ok 159 - REBASELINE_FAILURE preserves request metadata, records retry details, and syncs recovery evidence
  ---
  duration_ms: 9.594708
  ...
# Subtest: STALE_RECOVERY_REBASELINE success and failure transitions own recovery-specific state changes
ok 160 - STALE_RECOVERY_REBASELINE success and failure transitions own recovery-specific state changes
  ---
  duration_ms: 1.574916
  ...
# Subtest: ACCEPT_REJECTED with normalized rebaselineRecovery stores camelCase recovery from payload
ok 161 - ACCEPT_REJECTED with normalized rebaselineRecovery stores camelCase recovery from payload
  ---
  duration_ms: 0.418375
  ...
# Subtest: REBASELINE_RECOVERY_SYNC stores normalized rebaselineRecovery without rendering
ok 162 - REBASELINE_RECOVERY_SYNC stores normalized rebaselineRecovery without rendering
  ---
  duration_ms: 0.171917
  ...
# Subtest: REBASELINE_RECOVERY_SYNC extracts recovery from snake_case rebaseline_recovery in raw payload
ok 163 - REBASELINE_RECOVERY_SYNC extracts recovery from snake_case rebaseline_recovery in raw payload
  ---
  duration_ms: 0.117
  ...
# Subtest: REBASELINE_RECOVERY_SYNC extracts recovery from nested agent_failure_context.issues in raw payload
ok 164 - REBASELINE_RECOVERY_SYNC extracts recovery from nested agent_failure_context.issues in raw payload
  ---
  duration_ms: 75.495166
  ...
# Subtest: REBASELINE_RECOVERY_SYNC with null rebaselineRecovery clears existing recovery
ok 165 - REBASELINE_RECOVERY_SYNC with null rebaselineRecovery clears existing recovery
  ---
  duration_ms: 0.583833
  ...
# Subtest: SUBMIT_BACKEND_FAILURE stores rebaselineRecovery from stale failure with SUBMIT_NETWORK_FAILURE parity
ok 166 - SUBMIT_BACKEND_FAILURE stores rebaselineRecovery from stale failure with SUBMIT_NETWORK_FAILURE parity
  ---
  duration_ms: 0.899917
  ...
# Subtest: Accept-stage stale recovery full chain: ACCEPT_REJECTED → REBASELINE_RECOVERY_SYNC → STALE_RECOVERY_REBASELINE_QUEUED → STALE_RECOVERY_REBASELINE_SUCCESS
ok 167 - Accept-stage stale recovery full chain: ACCEPT_REJECTED → REBASELINE_RECOVERY_SYNC → STALE_RECOVERY_REBASELINE_QUEUED → STALE_RECOVERY_REBASELINE_SUCCESS
  ---
  duration_ms: 0.538959
  ...
# Subtest: Submit-stage stale recovery full chain: SUBMIT_BACKEND_FAILURE → REBASELINE_RECOVERY_SYNC → STALE_RECOVERY_REBASELINE_QUEUED → STALE_RECOVERY_REBASELINE_SUCCESS
ok 168 - Submit-stage stale recovery full chain: SUBMIT_BACKEND_FAILURE → REBASELINE_RECOVERY_SYNC → STALE_RECOVERY_REBASELINE_QUEUED → STALE_RECOVERY_REBASELINE_SUCCESS
  ---
  duration_ms: 3.158417
  ...
# Subtest: UNDO_LOCAL_RESTORE clears local apply feedback and queue guard state before undo rebaseline
ok 169 - UNDO_LOCAL_RESTORE clears local apply feedback and queue guard state before undo rebaseline
  ---
  duration_ms: 3.520667
  ...
# Subtest: UNDO_REBASELINE_SUCCESS pops the undo stack and syncs authoritative baseline state
ok 170 - UNDO_REBASELINE_SUCCESS pops the undo stack and syncs authoritative baseline state
  ---
  duration_ms: 0.959667
  ...
# Subtest: UNDO_REBASELINE_FAILURE preserves the undo stack and records retry evidence
ok 171 - UNDO_REBASELINE_FAILURE preserves the undo stack and records retry evidence
  ---
  duration_ms: 23.259917
  ...
# Subtest: All foundation transitions return plain obligations objects
ok 172 - All foundation transitions return plain obligations objects
  ---
  duration_ms: 17.378917
  ...
# Subtest: websocket partial followed by HTTP final reconciles without duplication
ok 173 - websocket partial followed by HTTP final reconciles without duplication
  ---
  duration_ms: 21.088291
  ...
# Subtest: active-state clearing: in_progress phases transition to all-done on completion
ok 174 - active-state clearing: in_progress phases transition to all-done on completion
  ---
  duration_ms: 3.158375
  ...
# Subtest: preservation of durable final turn details across websocket→HTTP reconciliation
ok 175 - preservation of durable final turn details across websocket→HTTP reconciliation
  ---
  duration_ms: 1.169875
  ...
# Subtest: pending-message label updates from canonical headline on each websocket progress event
ok 176 - pending-message label updates from canonical headline on each websocket progress event
  ---
  duration_ms: 6.98125
  ...
# Subtest: multi-turn lifecycle: websocket partials interleaved with HTTP finals preserve all turns
ok 177 - multi-turn lifecycle: websocket partials interleaved with HTTP finals preserve all turns
  ---
  duration_ms: 15.236625
  ...
# Subtest: multi-turn lifecycle: historical turn details survive new turn reconciliation
ok 178 - multi-turn lifecycle: historical turn details survive new turn reconciliation
  ---
  duration_ms: 2.353
  ...
# Subtest: clarify outcome lifecycle: websocket in_progress → HTTP clarify clears active state, preserves clarification
ok 179 - clarify outcome lifecycle: websocket in_progress → HTTP clarify clears active state, preserves clarification
  ---
  duration_ms: 2.210167
  ...
# Subtest: error outcome lifecycle: websocket in_progress → HTTP error clears active state, preserves diagnostics
ok 180 - error outcome lifecycle: websocket in_progress → HTTP error clears active state, preserves diagnostics
  ---
  duration_ms: 0.684833
  ...
# Subtest: budget_exhausted outcome lifecycle: websocket in_progress → HTTP budget_exhausted clears active state, preserves budget
ok 181 - budget_exhausted outcome lifecycle: websocket in_progress → HTTP budget_exhausted clears active state, preserves budget
  ---
  duration_ms: 0.59325
  ...
# Subtest: stale websocket in_progress after HTTP final terminal is rejected (terminal→active regression)
ok 182 - stale websocket in_progress after HTTP final terminal is rejected (terminal→active regression)
  ---
  duration_ms: 0.362875
  ...
# Subtest: HTTP final for same turn as existing in_progress replaces entry with terminal details intact
ok 183 - HTTP final for same turn as existing in_progress replaces entry with terminal details intact
  ---
  duration_ms: 0.450375
  ...
# Subtest: answer-only turn: websocket in_progress → HTTP done with no substantive statements preserves answer outcome
ok 184 - answer-only turn: websocket in_progress → HTTP done with no substantive statements preserves answer outcome
  ---
  duration_ms: 0.230375
  ...
# Subtest: durable details array includes identity, message, statements, and counts after HTTP reconciliation
ok 185 - durable details array includes identity, message, statements, and counts after HTTP reconciliation
  ---
  duration_ms: 0.245792
  ...
# Subtest: details are bounded: statements capped at 5, diagnostics capped at 5
ok 186 - details are bounded: statements capped at 5, diagnostics capped at 5
  ---
  duration_ms: 1.581958
  ...
# Subtest: reduceAgentActivityFeed returns frozen arrays on every valid operation
ok 187 - reduceAgentActivityFeed returns frozen arrays on every valid operation
  ---
  duration_ms: 0.273667
  ...
# Subtest: reduceAgentActivityFeed with null/undefined feed starts fresh
ok 188 - reduceAgentActivityFeed with null/undefined feed starts fresh
  ---
  duration_ms: 0.111166
  ...
# Subtest: reduceAgentActivityFeed with non-array feed treats as empty
ok 189 - reduceAgentActivityFeed with non-array feed treats as empty
  ---
  duration_ms: 0.25275
  ...
# Subtest: RENDER_SECTIONS exports frozen taxonomy with 6 sections matching the contract
ok 190 - RENDER_SECTIONS exports frozen taxonomy with 6 sections matching the contract
  ---
  duration_ms: 0.229292
  ...
# Subtest: RENDER_SECTIONS values are distinct
ok 191 - RENDER_SECTIONS values are distinct
  ---
  duration_ms: 0.26475
  ...
# Subtest: normalizeObligationDirtySections passes through obligations with no dirtySections
ok 192 - normalizeObligationDirtySections passes through obligations with no dirtySections
  ---
  duration_ms: 0.210125
  ...
# Subtest: normalizeObligationDirtySections passes through obligations with null dirtySections
ok 193 - normalizeObligationDirtySections passes through obligations with null dirtySections
  ---
  duration_ms: 0.813709
  ...
# Subtest: normalizeObligationDirtySections preserves all known sections
ok 194 - normalizeObligationDirtySections preserves all known sections
  ---
  duration_ms: 0.188125
  ...
# Subtest: normalizeObligationDirtySections preserves single section
ok 195 - normalizeObligationDirtySections preserves single section
  ---
  duration_ms: 0.087292
  ...
# Subtest: normalizeObligationDirtySections removes duplicate sections preserving first occurrence order
ok 196 - normalizeObligationDirtySections removes duplicate sections preserving first occurrence order
  ---
  duration_ms: 0.073208
  ...
# Subtest: normalizeObligationDirtySections returns empty array when all duplicates of a single section
ok 197 - normalizeObligationDirtySections returns empty array when all duplicates of a single section
  ---
  duration_ms: 0.063083
  ...
# Subtest: normalizeObligationDirtySections returns empty array when dirtySections is empty
ok 198 - normalizeObligationDirtySections returns empty array when dirtySections is empty
  ---
  duration_ms: 0.069375
  ...
# Subtest: normalizeObligationDirtySections throws for unknown section name
ok 199 - normalizeObligationDirtySections throws for unknown section name
  ---
  duration_ms: 0.119042
  ...
# Subtest: normalizeObligationDirtySections throws for mixed known and unknown sections
ok 200 - normalizeObligationDirtySections throws for mixed known and unknown sections
  ---
  duration_ms: 0.11
  ...
# Subtest: normalizeObligationDirtySections throws for non-string section entry
ok 201 - normalizeObligationDirtySections throws for non-string section entry
  ---
  duration_ms: 0.092333
  ...
# Subtest: normalizeObligationDirtySections throws for non-array dirtySections
ok 202 - normalizeObligationDirtySections throws for non-array dirtySections
  ---
  duration_ms: 0.083334
  ...
# Subtest: normalizeObligationDirtySections throws for object dirtySections
ok 203 - normalizeObligationDirtySections throws for object dirtySections
  ---
  duration_ms: 0.082625
  ...
# Subtest: normalizeObligationDirtySections preserves render:true when normalizing sections
ok 204 - normalizeObligationDirtySections preserves render:true when normalizing sections
  ---
  duration_ms: 0.080917
  ...
# Subtest: normalizeObligationDirtySections preserves render:false when normalizing sections
ok 205 - normalizeObligationDirtySections preserves render:false when normalizing sections
  ---
  duration_ms: 0.057334
  ...
# Subtest: normalizeObligationDirtySections preserves render when dirtySections is absent (empty obligations)
ok 206 - normalizeObligationDirtySections preserves render when dirtySections is absent (empty obligations)
  ---
  duration_ms: 0.073834
  ...
# Subtest: normalizeObligationDirtySections passes through non-object and null obligations unchanged
ok 207 - normalizeObligationDirtySections passes through non-object and null obligations unchanged
  ---
  duration_ms: 0.068333
  ...
# Subtest: normalizeObligationDirtySections preserves extra obligation keys beyond render and dirtySections
ok 208 - normalizeObligationDirtySections preserves extra obligation keys beyond render and dirtySections
  ---
  duration_ms: 0.098833
  ...
# Subtest: T9: NEW_CONVERSATION preserves scope identity (chatScopeId + fingerprint) while resetting chat data
ok 209 - T9: NEW_CONVERSATION preserves scope identity (chatScopeId + fingerprint) while resetting chat data
  ---
  duration_ms: 0.328666
  ...
# Subtest: SCOPE_SWITCH gives a never-seen workflow fresh state and invalidates departed async work
ok 210 - SCOPE_SWITCH gives a never-seen workflow fresh state and invalidates departed async work
  ---
  duration_ms: 3.246375
  ...
# Subtest: SCOPE_REVISION updates fingerprint without resetting same-workflow conversation state
ok 211 - SCOPE_REVISION updates fingerprint without resetting same-workflow conversation state
  ---
  duration_ms: 0.281167
  ...
# Subtest: SCOPE_REVISION refuses a stale callback from another workflow
ok 212 - SCOPE_REVISION refuses a stale callback from another workflow
  ---
  duration_ms: 0.300167
  ...
# Subtest: T9: NEW_CONVERSATION queueGuardClearScope is null when no scope is active
ok 213 - T9: NEW_CONVERSATION queueGuardClearScope is null when no scope is active
  ---
  duration_ms: 0.161625
  ...
# Subtest: T9: SUBMIT_START stamps debugPayload with scope identity
ok 214 - T9: SUBMIT_START stamps debugPayload with scope identity
  ---
  duration_ms: 0.247083
  ...
# Subtest: T9: SUBMIT_START debugPayload carries scope-only metadata when no explicit payload is provided
ok 215 - T9: SUBMIT_START debugPayload carries scope-only metadata when no explicit payload is provided
  ---
  duration_ms: 0.151875
  ...
# Subtest: T9: SUBMIT_START debugPayload is null when no scope is active and no payload is given
ok 216 - T9: SUBMIT_START debugPayload is null when no scope is active and no payload is given
  ---
  duration_ms: 0.090625
  ...
# Subtest: T9: CHAT_REHYDRATE_RESTORE_LATEST_CANDIDATE accepts same-scope candidate after new conversation preserves scope identity
ok 217 - T9: CHAT_REHYDRATE_RESTORE_LATEST_CANDIDATE accepts same-scope candidate after new conversation preserves scope identity
  ---
  duration_ms: 0.343083
  ...
# Subtest: T9: scope B state survives new conversation in scope A (scope identity + snapshot isolation)
ok 218 - T9: scope B state survives new conversation in scope A (scope identity + snapshot isolation)
  ---
  duration_ms: 0.710291
  ...
# Subtest: eventSessionMatchesActiveScope: returns true when chatScopeId is null (backward compat, no scope tracking)
ok 219 - eventSessionMatchesActiveScope: returns true when chatScopeId is null (backward compat, no scope tracking)
  ---
  duration_ms: 0.100166
  ...
# Subtest: eventSessionMatchesActiveScope: returns false for null eventSessionId when scope is active
ok 220 - eventSessionMatchesActiveScope: returns false for null eventSessionId when scope is active
  ---
  duration_ms: 0.141125
  ...
# Subtest: eventSessionMatchesActiveScope: accepts event when scoped session matches
ok 221 - eventSessionMatchesActiveScope: accepts event when scoped session matches
  ---
  duration_ms: 0.182167
  ...
# Subtest: eventSessionMatchesActiveScope: rejects event when scoped session mismatches (cross-scope event)
ok 222 - eventSessionMatchesActiveScope: rejects event when scoped session mismatches (cross-scope event)
  ---
  duration_ms: 0.105417
  ...
# Subtest: eventSessionMatchesActiveScope: rejects event when panel.sessionId set but event session differs (no scoped binding yet)
ok 223 - eventSessionMatchesActiveScope: rejects event when panel.sessionId set but event session differs (no scoped binding yet)
  ---
  duration_ms: 0.274708
  ...
# Subtest: eventSessionMatchesActiveScope: accepts event when panel.sessionId matches (no scoped binding yet)
ok 224 - eventSessionMatchesActiveScope: accepts event when panel.sessionId matches (no scoped binding yet)
  ---
  duration_ms: 0.09025
  ...
# Subtest: eventSessionMatchesActiveScope: first-allocation — accepts when SUBMITTING and no session bound anywhere
ok 225 - eventSessionMatchesActiveScope: first-allocation — accepts when SUBMITTING and no session bound anywhere
  ---
  duration_ms: 0.063417
  ...
# Subtest: eventSessionMatchesActiveScope: first-allocation — rejects when IDLE and no session bound anywhere
ok 226 - eventSessionMatchesActiveScope: first-allocation — rejects when IDLE and no session bound anywhere
  ---
  duration_ms: 0.060542
  ...
# Subtest: eventSessionMatchesActiveScope: first-allocation race — scope A active, event for scope B's session arrives
ok 227 - eventSessionMatchesActiveScope: first-allocation race — scope A active, event for scope B's session arrives
  ---
  duration_ms: 0.128208
  ...
# Subtest: eventSessionMatchesActiveScope: scoped session binding protects against cross-scope mutation
ok 228 - eventSessionMatchesActiveScope: scoped session binding protects against cross-scope mutation
  ---
  duration_ms: 0.09025
  ...
# Subtest: eventSessionMatchesActiveScope: handles undefined panelState fields gracefully
ok 229 - eventSessionMatchesActiveScope: handles undefined panelState fields gracefully
  ---
  duration_ms: 0.262792
  ...
# Subtest: eventSessionMatchesActiveScope: event for active scope accepted across all panel phases when scoped session matches
ok 230 - eventSessionMatchesActiveScope: event for active scope accepted across all panel phases when scoped session matches
  ---
  duration_ms: 0.560292
  ...
# Subtest: eventSessionMatchesActiveScope: filter-to-bind race — stale scope B event rejected even before sessionId is bound
ok 231 - eventSessionMatchesActiveScope: filter-to-bind race — stale scope B event rejected even before sessionId is bound
  ---
  duration_ms: 0.223
  ...
# Subtest: resolveActiveCanvasScope: returns null in Node.js (no app canvas)
ok 232 - resolveActiveCanvasScope: returns null in Node.js (no app canvas)
  ---
  duration_ms: 0.128542
  ...
# Subtest: resolveActiveWorkflowUuid fails closed without active or persisted UUID
ok 233 - resolveActiveWorkflowUuid fails closed without active or persisted UUID
  ---
  duration_ms: 0.249
  ...
# Subtest: resolveActiveWorkflowUuid accepts persisted workflow scope metadata
ok 234 - resolveActiveWorkflowUuid accepts persisted workflow scope metadata
  ---
  duration_ms: 0.111208
  ...
# Subtest: resolveActiveCanvasScope: uses Comfy active workflow id for empty workflow tabs
ok 235 - resolveActiveCanvasScope: uses Comfy active workflow id for empty workflow tabs
  ---
  duration_ms: 1.319125
  ...
# Subtest: assertPanelScopeMatchesActiveCanvas: both unscoped returns ok
ok 236 - assertPanelScopeMatchesActiveCanvas: both unscoped returns ok
  ---
  duration_ms: 0.637625
  ...
# Subtest: assertPanelScopeMatchesActiveCanvas: panel has scope but canvas is empty (Node.js)
ok 237 - assertPanelScopeMatchesActiveCanvas: panel has scope but canvas is empty (Node.js)
  ---
  duration_ms: 0.176333
  ...
# Subtest: assertPanelScopeMatchesActiveCanvas: includes debug metadata on mismatch
ok 238 - assertPanelScopeMatchesActiveCanvas: includes debug metadata on mismatch
  ---
  duration_ms: 0.147792
  ...
# Subtest: assertApplyScopeConsistency: no scope tracking allows apply (backward compat)
ok 239 - assertApplyScopeConsistency: no scope tracking allows apply (backward compat)
  ---
  duration_ms: 0.227167
  ...
# Subtest: assertApplyScopeConsistency: candidate scope mismatch blocks apply
ok 240 - assertApplyScopeConsistency: candidate scope mismatch blocks apply
  ---
  duration_ms: 0.109125
  ...
# Subtest: assertApplyScopeConsistency: candidate scope matches chat scope — passes check 1
ok 241 - assertApplyScopeConsistency: candidate scope matches chat scope — passes check 1
  ---
  duration_ms: 0.219833
  ...
# Subtest: assertApplyScopeConsistency: submittingScopeId fallback for candidate scope check
ok 242 - assertApplyScopeConsistency: submittingScopeId fallback for candidate scope check
  ---
  duration_ms: 0.258875
  ...
# Subtest: assertApplyScopeConsistency: candidate session mismatch blocks apply
ok 243 - assertApplyScopeConsistency: candidate session mismatch blocks apply
  ---
  duration_ms: 0.278208
  ...
# Subtest: assertApplyScopeConsistency: all scope fields null — backward compatibility allow
ok 244 - assertApplyScopeConsistency: all scope fields null — backward compatibility allow
  ---
  duration_ms: 0.123833
  ...
# Subtest: assertApplyScopeConsistency: details object contains diagnostic fields
ok 245 - assertApplyScopeConsistency: details object contains diagnostic fields
  ---
  duration_ms: 0.209708
  ...
# Subtest: assertPanelScopeMatchesActiveCanvas: graph_diverged reason is auto-switchable
ok 246 - assertPanelScopeMatchesActiveCanvas: graph_diverged reason is auto-switchable
  ---
  duration_ms: 0.105
  ...
# Subtest: assertPanelScopeMatchesActiveCanvas: panel_has_no_scope is auto-switchable
ok 247 - assertPanelScopeMatchesActiveCanvas: panel_has_no_scope is auto-switchable
  ---
  duration_ms: 0.081708
  ...
# Subtest: assertApplyScopeConsistency: refuses when candidate is from a different scope than chat
ok 248 - assertApplyScopeConsistency: refuses when candidate is from a different scope than chat
  ---
  duration_ms: 0.081208
  ...
# Subtest: assertApplyScopeConsistency: refuses when chat scope is set but candidate has no scope
ok 249 - assertApplyScopeConsistency: refuses when chat scope is set but candidate has no scope
  ---
  duration_ms: 0.089917
  ...
# Subtest: assertApplyScopeConsistency: refuses when candidate is from different session
ok 250 - assertApplyScopeConsistency: refuses when candidate is from different session
  ---
  duration_ms: 0.086375
  ...
# Subtest: normalizeDeltaOpsFromSubmit extracts ops from accepted_batch
ok 251 - normalizeDeltaOpsFromSubmit extracts ops from accepted_batch
  ---
  duration_ms: 0.110083
  ...
# Subtest: normalizeDeltaOpsFromSubmit returns null for archived flat delta_ops
ok 252 - normalizeDeltaOpsFromSubmit returns null for archived flat delta_ops
  ---
  duration_ms: 0.592334
  ...
# Subtest: normalizeDeltaOpsFromSubmit reads accepted_batch and ignores archived delta_ops
ok 253 - normalizeDeltaOpsFromSubmit reads accepted_batch and ignores archived delta_ops
  ---
  duration_ms: 0.130625
  ...
# Subtest: normalizeDeltaOpsFromSubmit sets _deltaDiagnostic on archived wrapped delta_ops
ok 254 - normalizeDeltaOpsFromSubmit sets _deltaDiagnostic on archived wrapped delta_ops
  ---
  duration_ms: 0.236792
  ...
# Subtest: normalizeDeltaOpsFromSubmit extracts add_node without uid from accepted_batch
ok 255 - normalizeDeltaOpsFromSubmit extracts add_node without uid from accepted_batch
  ---
  duration_ms: 0.233333
  ...
# Subtest: normalizeDeltaOpsFromSubmit extracts add_node without node_id from accepted_batch
ok 256 - normalizeDeltaOpsFromSubmit extracts add_node without node_id from accepted_batch
  ---
  duration_ms: 0.125583
  ...
# Subtest: normalizeDeltaOpsFromSubmit returns empty array when accepted_batch has no extractable ops
ok 257 - normalizeDeltaOpsFromSubmit returns empty array when accepted_batch has no extractable ops
  ---
  duration_ms: 0.119916
  ...
# Subtest: normalizeDeltaOpsFromSubmit passes through scoped ops for downstream scope checking
ok 258 - normalizeDeltaOpsFromSubmit passes through scoped ops for downstream scope checking
  ---
  duration_ms: 0.105125
  ...
# Subtest: normalizeDeltaOpsFromSubmit extracts accepted_batch ops without validating op names
ok 259 - normalizeDeltaOpsFromSubmit extracts accepted_batch ops without validating op names
  ---
  duration_ms: 0.207791
  ...
# Subtest: OK_CANDIDATE_RESPONSE normalizes accepted_batch into deltaOps
ok 260 - OK_CANDIDATE_RESPONSE normalizes accepted_batch into deltaOps
  ---
  duration_ms: 0.616333
  ...
# Subtest: OK_CANDIDATE_RESPONSE with canonical add_node carries uid and node_id through lifecycle
ok 261 - OK_CANDIDATE_RESPONSE with canonical add_node carries uid and node_id through lifecycle
  ---
  duration_ms: 0.680625
  ...
# Subtest: OK_CANDIDATE_RESPONSE with leniently-validated add_node (missing uid) passes ops through
ok 262 - OK_CANDIDATE_RESPONSE with leniently-validated add_node (missing uid) passes ops through
  ---
  duration_ms: 0.284792
  ...
# Subtest: OK_CANDIDATE_RESPONSE with archived wrapped delta_ops sets deltaOps null
ok 263 - OK_CANDIDATE_RESPONSE with archived wrapped delta_ops sets deltaOps null
  ---
  duration_ms: 0.335459
  ...
# Subtest: OK_CANDIDATE_RESPONSE extracts deltaOps from accepted_batch
ok 264 - OK_CANDIDATE_RESPONSE extracts deltaOps from accepted_batch
  ---
  duration_ms: 0.255083
  ...
# Subtest: APPLY_PREFLIGHT_BLOCKED is a no-op stub (render:false, preserves phase)
ok 265 - APPLY_PREFLIGHT_BLOCKED is a no-op stub (render:false, preserves phase)
  ---
  duration_ms: 0.1135
  ...
# Subtest: CANVAS_APPLY_FAILURE transitions to ERROR phase
ok 266 - CANVAS_APPLY_FAILURE transitions to ERROR phase
  ---
  duration_ms: 0.137458
  ...
# Subtest: APPLY_PREFLIGHT_BLOCKED on empty delta ops is a no-op stub
ok 267 - APPLY_PREFLIGHT_BLOCKED on empty delta ops is a no-op stub
  ---
  duration_ms: 0.084208
  ...
# Subtest: ACCEPT_REJECTED transitions to ERROR phase
ok 268 - ACCEPT_REJECTED transitions to ERROR phase
  ---
  duration_ms: 0.10425
  ...
# Subtest: SUBMIT_RELOAD_ORPHAN_RECOVERY transitions wedged SUBMITTING state to ERROR with recovery failure envelope
ok 269 - SUBMIT_RELOAD_ORPHAN_RECOVERY transitions wedged SUBMITTING state to ERROR with recovery failure envelope
  ---
  duration_ms: 0.541458
  ...
# Subtest: SUBMIT_RELOAD_ORPHAN_RECOVERY is a no-op when phase is not SUBMITTING
ok 270 - SUBMIT_RELOAD_ORPHAN_RECOVERY is a no-op when phase is not SUBMITTING
  ---
  duration_ms: 0.0895
  ...
# Subtest: SUBMIT_RELOAD_ORPHAN_RECOVERY is a no-op when an in-flight submit exists (legitimate active submit)
ok 271 - SUBMIT_RELOAD_ORPHAN_RECOVERY is a no-op when an in-flight submit exists (legitimate active submit)
  ---
  duration_ms: 0.105334
  ...
# Subtest: SUBMIT_RELOAD_ORPHAN_RECOVERY is a no-op when submitStartedAtMs is finite (legitimate timed submit)
ok 272 - SUBMIT_RELOAD_ORPHAN_RECOVERY is a no-op when submitStartedAtMs is finite (legitimate timed submit)
  ---
  duration_ms: 0.081625
  ...
# Subtest: SUBMIT_RELOAD_ORPHAN_RECOVERY defense-in-depth: handles missing panel gracefully
ok 273 - SUBMIT_RELOAD_ORPHAN_RECOVERY defense-in-depth: handles missing panel gracefully
  ---
  duration_ms: 0.563792
  ...
# Subtest: SUBMIT_RELOAD_ORPHAN_RECOVERY resolves identity from panel state when payload failure lacks session_id / turn_id
ok 274 - SUBMIT_RELOAD_ORPHAN_RECOVERY resolves identity from panel state when payload failure lacks session_id / turn_id
  ---
  duration_ms: 0.866333
  ...
# Subtest: normalizeDiagnostic preserves safe detail keys (choices, valid_fields, available_slots)
ok 275 - normalizeDiagnostic preserves safe detail keys (choices, valid_fields, available_slots)
  ---
  duration_ms: 0.350084
  ...
# Subtest: normalizeDiagnostic caps list-valued detail at 8 items
ok 276 - normalizeDiagnostic caps list-valued detail at 8 items
  ---
  duration_ms: 0.153291
  ...
# Subtest: normalizeDiagnostic returns no detail when no whitelisted keys present
ok 277 - normalizeDiagnostic returns no detail when no whitelisted keys present
  ---
  duration_ms: 0.391375
  ...
# Subtest: normalizeDiagnostics preserves detail across multiple entries
ok 278 - normalizeDiagnostics preserves detail across multiple entries
  ---
  duration_ms: 0.483084
  ...
# Subtest: deriveAgentActivityState surfaces diagnostic detail for error turns
ok 279 - deriveAgentActivityState surfaces diagnostic detail for error turns
  ---
  duration_ms: 1.238833
  ...
# Subtest: deriveAgentActivityState details contain diagnostic entries with curated detail
ok 280 - deriveAgentActivityState details contain diagnostic entries with curated detail
  ---
  duration_ms: 0.601708
  ...
# Subtest: deriveAgentActivityState preserves existing lifecycle ownership behavior alongside diagnostics
ok 281 - deriveAgentActivityState preserves existing lifecycle ownership behavior alongside diagnostics
  ---
  duration_ms: 0.61875
  ...
# Subtest: reduceAgentActivityFeed preserves diagnostic detail across feed entries
ok 282 - reduceAgentActivityFeed preserves diagnostic detail across feed entries
  ---
  duration_ms: 0.259708
  ...
# Subtest: deriveAgentActivityState headline never contains diagnostic detail keys
ok 283 - deriveAgentActivityState headline never contains diagnostic detail keys
  ---
  duration_ms: 0.190833
  ...
# Subtest: deriveAgentActivityState outcome summary for errors uses diagnostic message, not detail
ok 284 - deriveAgentActivityState outcome summary for errors uses diagnostic message, not detail
  ---
  duration_ms: 0.910208
  ...
# Subtest: buildSafeDetails diagnostics entries exclude raw debug/provider payloads
ok 285 - buildSafeDetails diagnostics entries exclude raw debug/provider payloads
  ---
  duration_ms: 1.068583
  ...
# Subtest: deriveAgentActivityState diagnostics detail does not trigger stale state behavior
ok 286 - deriveAgentActivityState diagnostics detail does not trigger stale state behavior
  ---
  duration_ms: 0.202708
  ...
# Subtest: deriveAgentActivityState phase_progress is never 'stale' from diagnostics
ok 287 - deriveAgentActivityState phase_progress is never 'stale' from diagnostics
  ---
  duration_ms: 0.126958
  ...
# Subtest: PREPARE_STARTED sets phase to APPLY_PREPARED and records lifecycle event
ok 288 - PREPARE_STARTED sets phase to APPLY_PREPARED and records lifecycle event
  ---
  duration_ms: 0.623916
  ...
# Subtest: PREPARE_SUCCESS records receipt and advances to APPLY_PREPARED with preparedReceipt
ok 289 - PREPARE_SUCCESS records receipt and advances to APPLY_PREPARED with preparedReceipt
  ---
  duration_ms: 0.297875
  ...
# Subtest: PREPARE_SUCCESS preserves the lease nonce from the canonical transaction and wrapped durable receipt
ok 290 - PREPARE_SUCCESS preserves the lease nonce from the canonical transaction and wrapped durable receipt
  ---
  duration_ms: 0.405875
  ...
# Subtest: PREPARE_FAILURE clears preparedReceipt and transitions to ERROR
ok 291 - PREPARE_FAILURE clears preparedReceipt and transitions to ERROR
  ---
  duration_ms: 0.299208
  ...
# Subtest: VERIFY_CANVAS_STARTED sets phase to CANVAS_VERIFIED
ok 292 - VERIFY_CANVAS_STARTED sets phase to CANVAS_VERIFIED
  ---
  duration_ms: 1.540542
  ...
# Subtest: VERIFY_CANVAS_SUCCESS records verifiedReceipt
ok 293 - VERIFY_CANVAS_SUCCESS records verifiedReceipt
  ---
  duration_ms: 116.645916
  ...
# Subtest: VERIFY_CANVAS_FAILURE clears verifiedReceipt and transitions to ERROR
ok 294 - VERIFY_CANVAS_FAILURE clears verifiedReceipt and transitions to ERROR
  ---
  duration_ms: 13.588416
  ...
# Subtest: FINALIZE_STARTED sets phase to FINALIZING
ok 295 - FINALIZE_STARTED sets phase to FINALIZING
  ---
  duration_ms: 0.450584
  ...
# Subtest: FINALIZE_SUCCESS syncs baseline and clears candidate
ok 296 - FINALIZE_SUCCESS syncs baseline and clears candidate
  ---
  duration_ms: 5.375542
  ...
# Subtest: FINALIZE_FAILURE transitions to recovery and syncs baseline from failure payload
ok 297 - FINALIZE_FAILURE transitions to recovery and syncs baseline from failure payload
  ---
  duration_ms: 34.751458
  ...
# Subtest: post-prepare compensation handlers project one actionable transcript, rollback receipt, and recovery authority
ok 298 - post-prepare compensation handlers project one actionable transcript, rollback receipt, and recovery authority
  ---
  duration_ms: 14.017917
  ...
# Subtest: compensation restore or rollback failure enters recovery without losing prepared authority
ok 299 - compensation restore or rollback failure enters recovery without losing prepared authority
  ---
  duration_ms: 18.113875
  ...
# Subtest: ROLLBACK_STARTED sets phase to ROLLBACK_PREPARED
ok 300 - ROLLBACK_STARTED sets phase to ROLLBACK_PREPARED
  ---
  duration_ms: 2.17825
  ...
# Subtest: ROLLBACK_SUCCESS records rollbackReceipt and clears candidate
ok 301 - ROLLBACK_SUCCESS records rollbackReceipt and clears candidate
  ---
  duration_ms: 0.64625
  ...
# Subtest: ROLLBACK_FAILURE preserves an actionable recovery phase
ok 302 - ROLLBACK_FAILURE preserves an actionable recovery phase
  ---
  duration_ms: 0.805417
  ...
# Subtest: RECONCILE_RECEIPTS recovers prepared state from server receipts
ok 303 - RECONCILE_RECEIPTS recovers prepared state from server receipts
  ---
  duration_ms: 2.778125
  ...
# Subtest: RECONCILE_RECEIPTS recovers canvas_verified state when verifiedReceipt present
ok 304 - RECONCILE_RECEIPTS recovers canvas_verified state when verifiedReceipt present
  ---
  duration_ms: 0.185125
  ...
# Subtest: RECONCILE_RECEIPTS recovers rollback_complete state when rollbackReceipt present
ok 305 - RECONCILE_RECEIPTS recovers rollback_complete state when rollbackReceipt present
  ---
  duration_ms: 1.226166
  ...
# Subtest: RECONCILE_RECEIPTS treats an empty candidate-ready snapshot as authoritative
ok 306 - RECONCILE_RECEIPTS treats an empty candidate-ready snapshot as authoritative
  ---
  duration_ms: 1.693792
  ...
# Subtest: RECONCILE_RECEIPTS refuses transaction evidence owned by another turn
ok 307 - RECONCILE_RECEIPTS refuses transaction evidence owned by another turn
  ---
  duration_ms: 7.376375
  ...
# Subtest: composerApplyDisplayState with V2 prepared-but-unfinalized state does not treat as generic applying
ok 308 - composerApplyDisplayState with V2 prepared-but-unfinalized state does not treat as generic applying
  ---
  duration_ms: 1.333292
  ...
# Subtest: composerApplyDisplayState with CANVAS_VERIFIED is recoverable not terminal success
ok 309 - composerApplyDisplayState with CANVAS_VERIFIED is recoverable not terminal success
  ---
  duration_ms: 0.499167
  ...
# Subtest: ROLLBACK_COMPLETE is a terminal V2 state with receipts cleared from active
ok 310 - ROLLBACK_COMPLETE is a terminal V2 state with receipts cleared from active
  ---
  duration_ms: 0.420083
  ...
# Subtest: lifecycleEvents array is append-only across multiple transitions
ok 311 - lifecycleEvents array is append-only across multiple transitions
  ---
  duration_ms: 1.852584
  ...
# Subtest: CHAT_REHYDRATE_SUCCESS replaces chatMessages atomically and does not leave duplicate optimistic entries
ok 312 - CHAT_REHYDRATE_SUCCESS replaces chatMessages atomically and does not leave duplicate optimistic entries
  ---
  duration_ms: 7.925916
  ...
# Subtest: Two consecutive CHAT_REHYDRATE_SUCCESS calls produce stable transcript with no duplication across rehydrate epochs
ok 313 - Two consecutive CHAT_REHYDRATE_SUCCESS calls produce stable transcript with no duplication across rehydrate epochs
  ---
  duration_ms: 2.693125
  ...
# Subtest: CHAT_REHYDRATE_SUCCESS with partial canonical messages (no pending turn) does not resurrect stale pending entries
ok 314 - CHAT_REHYDRATE_SUCCESS with partial canonical messages (no pending turn) does not resurrect stale pending entries
  ---
  duration_ms: 0.72825
  ...
# Subtest: Optimistic user+agent pair is atomically replaced by canonical pair without leaving any duplicates
ok 315 - Optimistic user+agent pair is atomically replaced by canonical pair without leaving any duplicates
  ---
  duration_ms: 2.249292
  ...
# Subtest: Canonical rehydrate reconciles snake_case messages against camelCase optimistic durable TurnIdentity
ok 316 - Canonical rehydrate reconciles snake_case messages against camelCase optimistic durable TurnIdentity
  ---
  duration_ms: 4.386167
  ...
# Subtest: CHAT_REHYDRATE_SUCCESS keeps chatMessages as a safe transcript compatibility mirror and splits raw diagnostics
ok 317 - CHAT_REHYDRATE_SUCCESS keeps chatMessages as a safe transcript compatibility mirror and splits raw diagnostics
  ---
  duration_ms: 3.200667
  ...
# Subtest: CHAT_REHYDRATE_SUCCESS consumes public diagnostic and audit buckets outside renderer state
ok 318 - CHAT_REHYDRATE_SUCCESS consumes public diagnostic and audit buckets outside renderer state
  ---
  duration_ms: 1.983167
  ...
# Subtest: CHAT_REHYDRATE_FAILURE preserves the existing safe transcript projection
ok 319 - CHAT_REHYDRATE_FAILURE preserves the existing safe transcript projection
  ---
  duration_ms: 0.880125
  ...
# Subtest: synthetic cancel and failure messages use safe transcript fields with raw details in explicit compartments
ok 320 - synthetic cancel and failure messages use safe transcript fields with raw details in explicit compartments
  ---
  duration_ms: 2.62425
  ...
# Subtest: CHAT_REHYDRATE_NO_SESSION clears all chat state including optimistic entries
ok 321 - CHAT_REHYDRATE_NO_SESSION clears all chat state including optimistic entries
  ---
  duration_ms: 0.742333
  ...
# Subtest: CHAT_REHYDRATE_MISSING_SESSION clears chat and nullifies sessionId when confirmed
ok 322 - CHAT_REHYDRATE_MISSING_SESSION clears chat and nullifies sessionId when confirmed
  ---
  duration_ms: 0.366167
  ...
# Subtest: panel.state.message is reset to null by INVALIDATE_CANDIDATE and does not survive accept/reject/rebaseline cleanup
ok 323 - panel.state.message is reset to null by INVALIDATE_CANDIDATE and does not survive accept/reject/rebaseline cleanup
  ---
  duration_ms: 0.2875
  ...
# Subtest: REJECT_SUCCESS clears message alongside candidate fields through INVALIDATE_CANDIDATE chaining
ok 324 - REJECT_SUCCESS clears message alongside candidate fields through INVALIDATE_CANDIDATE chaining
  ---
  duration_ms: 0.829791
  ...
# Subtest: OK_CANDIDATE_RESPONSE replaces message with the result message
ok 325 - OK_CANDIDATE_RESPONSE replaces message with the result message
  ---
  duration_ms: 2.790834
  ...
# Subtest: NOOP_RESPONSE replaces message with the result message
ok 326 - NOOP_RESPONSE replaces message with the result message
  ---
  duration_ms: 2.297958
  ...
# Subtest: APPLY_SUCCESS clears review message without adding a local confirmation
ok 327 - APPLY_SUCCESS clears review message without adding a local confirmation
  ---
  duration_ms: 1.293417
  ...
# Subtest: node pack installer posts the lifecycle request and dispatches success
ok 328 - node pack installer posts the lifecycle request and dispatches success
  ---
  duration_ms: 4.481667
  ...
# Subtest: node pack installer converts fetch failures into lifecycle failures
ok 329 - node pack installer converts fetch failures into lifecycle failures
  ---
  duration_ms: 1.006208
  ...
# Subtest: PUBLIC_OUTCOME_KINDS stays the closed public contract
ok 330 - PUBLIC_OUTCOME_KINDS stays the closed public contract
  ---
  duration_ms: 3.101292
  ...
# Subtest: normalizeAgentEditResponse preserves requires_custom_nodes resolver evidence
ok 331 - normalizeAgentEditResponse preserves requires_custom_nodes resolver evidence
  ---
  duration_ms: 9.03575
  ...
# Subtest: outcomeRequiresCustomNodes recognizes only the public custom-node outcome
ok 332 - outcomeRequiresCustomNodes recognizes only the public custom-node outcome
  ---
  duration_ms: 0.334709
  ...
# Subtest: normalizeAgentEditResponse preserves public candidate payloads and exposes camelCase readers
ok 333 - normalizeAgentEditResponse preserves public candidate payloads and exposes camelCase readers
  ---
  duration_ms: 4.693208
  ...
# Subtest: frontend canonical selectors project stable candidate, identity, stage, and field-change views
ok 334 - frontend canonical selectors project stable candidate, identity, stage, and field-change views
  ---
  duration_ms: 11.357666
  ...
# Subtest: allowLegacy=false accepts canonical-only persisted candidate fixtures
ok 335 - allowLegacy=false accepts canonical-only persisted candidate fixtures
  ---
  duration_ms: 3.741625
  ...
# Subtest: old persisted candidate fixtures require the explicit legacy adapter
ok 336 - old persisted candidate fixtures require the explicit legacy adapter
  ---
  duration_ms: 4.483833
  ...
# Subtest: frontend contract selectors cover strict canonical, legacy adapter, and absent sections
ok 337 - frontend contract selectors cover strict canonical, legacy adapter, and absent sections
  ---
  duration_ms: 21.654708
  ...
# Subtest: user failure selector exposes sanitized public failure without debug raw detail
ok 338 - user failure selector exposes sanitized public failure without debug raw detail
  ---
  duration_ms: 1.327125
  ...
# Subtest: legacy response adaptation is explicit and canonical strict mode rejects legacy inference
ok 339 - legacy response adaptation is explicit and canonical strict mode rejects legacy inference
  ---
  duration_ms: 1.695917
  ...
# Subtest: normalizeAgentEditResponse accepts canonical executor candidate envelope
ok 340 - normalizeAgentEditResponse accepts canonical executor candidate envelope
  ---
  duration_ms: 1.362125
  ...
# Subtest: normalizeAgentEditResponse gates executor candidates on apply_eligible plus candidate presence
ok 341 - normalizeAgentEditResponse gates executor candidates on apply_eligible plus candidate presence
  ---
  duration_ms: 3.621667
  ...
# Subtest: normalizeAgentEditResponse keeps canonical no-candidate envelopes non-applyable
ok 342 - normalizeAgentEditResponse keeps canonical no-candidate envelopes non-applyable
  ---
  duration_ms: 0.854125
  ...
# Subtest: normalizeAgentEditResponse infers legacy candidate outcome from direct graph payloads
ok 343 - normalizeAgentEditResponse infers legacy candidate outcome from direct graph payloads
  ---
  duration_ms: 0.838083
  ...
# Subtest: normalizeAgentEditResponse infers legacy noop outcome and suppresses candidate restoration
ok 344 - normalizeAgentEditResponse infers legacy noop outcome and suppresses candidate restoration
  ---
  duration_ms: 0.669042
  ...
# Subtest: normalizeAgentEditResponse infers legacy clarify outcome and preserves clarification metadata
ok 345 - normalizeAgentEditResponse infers legacy clarify outcome and preserves clarification metadata
  ---
  duration_ms: 1.078625
  ...
# Subtest: normalizeAgentEditResponse does not treat clarify diagnostic graphs as candidates
ok 346 - normalizeAgentEditResponse does not treat clarify diagnostic graphs as candidates
  ---
  duration_ms: 0.381292
  ...
# Subtest: normalizeAgentEditResponse does not expose candidateGraph for explicit non-candidate outcomes
ok 347 - normalizeAgentEditResponse does not expose candidateGraph for explicit non-candidate outcomes
  ---
  duration_ms: 1.533
  ...
# Subtest: normalizeAgentEditResponse infers legacy error outcomes and normalizes nested stale recovery
ok 348 - normalizeAgentEditResponse infers legacy error outcomes and normalizes nested stale recovery
  ---
  duration_ms: 1.004
  ...
# Subtest: normalizeAgentEditResponse maps internal edit outcomes onto public candidate
ok 349 - normalizeAgentEditResponse maps internal edit outcomes onto public candidate
  ---
  duration_ms: 4.87325
  ...
# Subtest: normalizeAgentEditResponse maps internal edit+clarify outcomes to candidate while preserving clarification
ok 350 - normalizeAgentEditResponse maps internal edit+clarify outcomes to candidate while preserving clarification
  ---
  duration_ms: 1.797709
  ...
# Subtest: normalizeAgentEditResponse rejects missing outcomes when legacy inference is disabled
ok 351 - normalizeAgentEditResponse rejects missing outcomes when legacy inference is disabled
  ---
  duration_ms: 0.324458
  ...
# Subtest: normalizeAgentEditResponse normalizes snake_case recovery fields to camelCase
ok 352 - normalizeAgentEditResponse normalizes snake_case recovery fields to camelCase
  ---
  duration_ms: 2.638625
  ...
# Subtest: extractRebaselineRecovery finds recovery at top-level camelCase
ok 353 - extractRebaselineRecovery finds recovery at top-level camelCase
  ---
  duration_ms: 1.1805
  ...
# Subtest: extractRebaselineRecovery finds recovery inside outcome.rebaseline_recovery
ok 354 - extractRebaselineRecovery finds recovery inside outcome.rebaseline_recovery
  ---
  duration_ms: 0.491958
  ...
# Subtest: extractRebaselineRecovery finds recovery inside agent_failure_context.issues
ok 355 - extractRebaselineRecovery finds recovery inside agent_failure_context.issues
  ---
  duration_ms: 0.462459
  ...
# Subtest: extractRebaselineRecovery finds recovery inside debug.failure.agent_failure_context
ok 356 - extractRebaselineRecovery finds recovery inside debug.failure.agent_failure_context
  ---
  duration_ms: 0.337834
  ...
# Subtest: extractRebaselineRecovery prefers top-level recovery over nested sources
ok 357 - extractRebaselineRecovery prefers top-level recovery over nested sources
  ---
  duration_ms: 0.443542
  ...
# Subtest: readCandidate returns the normalized candidate envelope
ok 358 - readCandidate returns the normalized candidate envelope
  ---
  duration_ms: 0.876209
  ...
# Subtest: normalizeAgentEditResponse handles explicit public noop outcome
ok 359 - normalizeAgentEditResponse handles explicit public noop outcome
  ---
  duration_ms: 0.86575
  ...
# Subtest: normalizeAgentEditResponse handles explicit public clarify outcome with question
ok 360 - normalizeAgentEditResponse handles explicit public clarify outcome with question
  ---
  duration_ms: 0.863333
  ...
# Subtest: normalizeAgentEditResponse handles explicit public error outcome with embedded failure hints
ok 361 - normalizeAgentEditResponse handles explicit public error outcome with embedded failure hints
  ---
  duration_ms: 0.470709
  ...
# Subtest: normalizeAgentEditResponse normalizes embedded messages array
ok 362 - normalizeAgentEditResponse normalizes embedded messages array
  ---
  duration_ms: 1.507834
  ...
# Subtest: normalizeAgentEditResponse is idempotent (double-normalize returns same result)
ok 363 - normalizeAgentEditResponse is idempotent (double-normalize returns same result)
  ---
  duration_ms: 0.388458
  ...
# Subtest: normalizeAgentEditResponse handles inspect noop with explicit no-candidate contract
ok 364 - normalizeAgentEditResponse handles inspect noop with explicit no-candidate contract
  ---
  duration_ms: 0.898459
  ...
# Subtest: normalizeAgentEditResponse handles pure clarify with explicit no-candidate eligibility
ok 365 - normalizeAgentEditResponse handles pure clarify with explicit no-candidate eligibility
  ---
  duration_ms: 0.759333
  ...
# Subtest: readCandidateGraph returns null for non-candidate outcome even with graph present
ok 366 - readCandidateGraph returns null for non-candidate outcome even with graph present
  ---
  duration_ms: 0.957625
  ...
# Subtest: readCandidate returns null for non-candidate outcome even with candidate payload
ok 367 - readCandidate returns null for non-candidate outcome even with candidate payload
  ---
  duration_ms: 1.640125
  ...
# Subtest: normalizeAgentEditResponse preserves apply eligibility for valid candidate with gate context
ok 368 - normalizeAgentEditResponse preserves apply eligibility for valid candidate with gate context
  ---
  duration_ms: 0.350708
  ...
# Subtest: normalizeAgentEditResponse handles revise candidate with full apply eligibility
ok 369 - normalizeAgentEditResponse handles revise candidate with full apply eligibility
  ---
  duration_ms: 0.428458
  ...
# Subtest: normalized projection surface stays closed: no unexpected top-level keys beyond raw/endpoint/marker
ok 370 - normalized projection surface stays closed: no unexpected top-level keys beyond raw/endpoint/marker
  ---
  duration_ms: 1.845583
  ...
# Subtest: normalized curated projection fields never carry forbidden raw/debug/provider/prompt/audit/litegraph payloads
ok 371 - normalized curated projection fields never carry forbidden raw/debug/provider/prompt/audit/litegraph payloads
  ---
  duration_ms: 11.183167
  ...
# Subtest: normalized candidateGraph projection never aliases the forbidden raw_graph payload
ok 372 - normalized candidateGraph projection never aliases the forbidden raw_graph payload
  ---
  duration_ms: 0.704666
  ...
# Subtest: readCandidateGraph/readEligibility/readTurnIdentity do not surface forbidden raw payloads
ok 373 - readCandidateGraph/readEligibility/readTurnIdentity do not surface forbidden raw payloads
  ---
  duration_ms: 18.752042
  ...
# Subtest: normalizeCanonicalAgentEditResponse keeps the curated projection leak-free for a candidate
ok 374 - normalizeCanonicalAgentEditResponse keeps the curated projection leak-free for a candidate
  ---
  duration_ms: 3.493375
  ...
# Subtest: DIAGNOSTIC_DETAIL_KEYS stays the closed public contract
ok 375 - DIAGNOSTIC_DETAIL_KEYS stays the closed public contract
  ---
  duration_ms: 0.386
  ...
# Subtest: normalizeAgentEditResponse surfaces safe diagnostics from outcome.diagnostics
ok 376 - normalizeAgentEditResponse surfaces safe diagnostics from outcome.diagnostics
  ---
  duration_ms: 1.125875
  ...
# Subtest: normalizeAgentEditResponse surfaces safe diagnostics from top-level diagnostics array
ok 377 - normalizeAgentEditResponse surfaces safe diagnostics from top-level diagnostics array
  ---
  duration_ms: 0.325292
  ...
# Subtest: normalizeAgentEditResponse caps diagnostic detail lists at DIAGNOSTIC_LIST_CAP
ok 378 - normalizeAgentEditResponse caps diagnostic detail lists at DIAGNOSTIC_LIST_CAP
  ---
  duration_ms: 4.081125
  ...
# Subtest: normalizeAgentEditResponse collects diagnostics from stageSnapshots[].issues[]
ok 379 - normalizeAgentEditResponse collects diagnostics from stageSnapshots[].issues[]
  ---
  duration_ms: 0.718542
  ...
# Subtest: normalizeAgentEditResponse collects diagnostics from change_details batch turns
ok 380 - normalizeAgentEditResponse collects diagnostics from change_details batch turns
  ---
  duration_ms: 1.973167
  ...
# Subtest: normalizeAgentEditResponse deduplicates diagnostics by code+message fingerprint
ok 381 - normalizeAgentEditResponse deduplicates diagnostics by code+message fingerprint
  ---
  duration_ms: 0.63575
  ...
# Subtest: normalizeAgentEditResponse returns null diagnostics when no source has issues
ok 382 - normalizeAgentEditResponse returns null diagnostics when no source has issues
  ---
  duration_ms: 0.209
  ...
# Subtest: normalizeAgentEditResponse diagnostics never leak raw debug/provider payloads
ok 383 - normalizeAgentEditResponse diagnostics never leak raw debug/provider payloads
  ---
  duration_ms: 0.393375
  ...
# Subtest: COMPLETION_PROOF_STATES matches Python four-state vocabulary
ok 384 - COMPLETION_PROOF_STATES matches Python four-state vocabulary
  ---
  duration_ms: 0.191625
  ...
# Subtest: COMPLETION_PROOF_DOMAINS matches Python four-domain contract
ok 385 - COMPLETION_PROOF_DOMAINS matches Python four-domain contract
  ---
  duration_ms: 0.130166
  ...
# Subtest: OBLIGATION_KINDS matches Python seven-kind contract
ok 386 - OBLIGATION_KINDS matches Python seven-kind contract
  ---
  duration_ms: 0.163417
  ...
# Subtest: OBLIGATION_STATUSES matches Python five-status contract
ok 387 - OBLIGATION_STATUSES matches Python five-status contract
  ---
  duration_ms: 0.11875
  ...
# Subtest: OBLIGATION_SEVERITIES matches Python three-severity contract
ok 388 - OBLIGATION_SEVERITIES matches Python three-severity contract
  ---
  duration_ms: 0.123709
  ...
# Subtest: PLAN_OBLIGATION_STATES matches Python three-state contract
ok 389 - PLAN_OBLIGATION_STATES matches Python three-state contract
  ---
  duration_ms: 0.118375
  ...
# Subtest: DELTA_DIAGNOSTIC_CODES includes malformed, corrupted, truncated, absent, replay mismatch
ok 390 - DELTA_DIAGNOSTIC_CODES includes malformed, corrupted, truncated, absent, replay mismatch
  ---
  duration_ms: 0.297833
  ...
# Subtest: readDeltaEnvelope extracts ops from accepted_batch
ok 391 - readDeltaEnvelope extracts ops from accepted_batch
  ---
  duration_ms: 2.31375
  ...
# Subtest: readDeltaEnvelope returns null when accepted_batch is absent
ok 392 - readDeltaEnvelope returns null when accepted_batch is absent
  ---
  duration_ms: 0.147584
  ...
# Subtest: readDeltaEnvelope returns empty ops when accepted_batch statements have no object op
ok 393 - readDeltaEnvelope returns empty ops when accepted_batch statements have no object op
  ---
  duration_ms: 0.3065
  ...
# Subtest: readIdempotencyKey extracts key from top-level snake_case
ok 394 - readIdempotencyKey extracts key from top-level snake_case
  ---
  duration_ms: 0.249375
  ...
# Subtest: readIdempotencyKey extracts key from top-level camelCase
ok 395 - readIdempotencyKey extracts key from top-level camelCase
  ---
  duration_ms: 0.543791
  ...
# Subtest: readIdempotencyKey extracts key from candidate.turn_identity
ok 396 - readIdempotencyKey extracts key from candidate.turn_identity
  ---
  duration_ms: 0.78275
  ...
# Subtest: readIdempotencyKey extracts key from debug.turn_identity
ok 397 - readIdempotencyKey extracts key from debug.turn_identity
  ---
  duration_ms: 0.253792
  ...
# Subtest: readIdempotencyKey prefers top-level over nested sources
ok 398 - readIdempotencyKey prefers top-level over nested sources
  ---
  duration_ms: 0.128875
  ...
# Subtest: readIdempotencyKey returns null when absent
ok 399 - readIdempotencyKey returns null when absent
  ---
  duration_ms: 0.235041
  ...
# Subtest: readObligationArtifacts returns both task_satisfaction and obligation_ledger
ok 400 - readObligationArtifacts returns both task_satisfaction and obligation_ledger
  ---
  duration_ms: 0.206459
  ...
# Subtest: readObligationArtifacts returns null when neither field is present
ok 401 - readObligationArtifacts returns null when neither field is present
  ---
  duration_ms: 0.110916
  ...
# Subtest: readObligationArtifacts returns only task_satisfaction when obligation_ledger absent
ok 402 - readObligationArtifacts returns only task_satisfaction when obligation_ledger absent
  ---
  duration_ms: 0.110542
  ...
# Subtest: isNonApplyableClarify returns true for pure clarify without candidate payloads
ok 403 - isNonApplyableClarify returns true for pure clarify without candidate payloads
  ---
  duration_ms: 40.471166
  ...
# Subtest: isNonApplyableClarify rejects clarify with candidate payload present
ok 404 - isNonApplyableClarify rejects clarify with candidate payload present
  ---
  duration_ms: 0.339583
  ...
# Subtest: isNonApplyableClarify rejects when clarification_required is not true
ok 405 - isNonApplyableClarify rejects when clarification_required is not true
  ---
  duration_ms: 0.116958
  ...
# Subtest: isNonApplyableClarify rejects non-clarify outcomes
ok 406 - isNonApplyableClarify rejects non-clarify outcomes
  ---
  duration_ms: 2.5185
  ...
# Subtest: isNonApplyableClarify rejects null/non-object
ok 407 - isNonApplyableClarify rejects null/non-object
  ---
  duration_ms: 2.095708
  ...
# Subtest: normalizeAgentEditResponse preserves non-applyable clarify obligations without leaking candidate
ok 408 - normalizeAgentEditResponse preserves non-applyable clarify obligations without leaking candidate
  ---
  duration_ms: 5.443083
  ...
# Subtest: generated read helpers consume authority receipt hash fields from fixture
ok 409 - generated read helpers consume authority receipt hash fields from fixture
  ---
  duration_ms: 2.057875
  ...
# Subtest: readDeltaEnvelope returns null for archived delta_ops_envelope without accepted_batch
ok 410 - readDeltaEnvelope returns null for archived delta_ops_envelope without accepted_batch
  ---
  duration_ms: 15.400541
  ...
# Subtest: readDeltaEnvelope returns null for archived envelope with null ops
ok 411 - readDeltaEnvelope returns null for archived envelope with null ops
  ---
  duration_ms: 25.909208
  ...
# Subtest: normalizeAgentEditResponse does not crash on malformed delta evidence in debug
ok 412 - normalizeAgentEditResponse does not crash on malformed delta evidence in debug
  ---
  duration_ms: 8.900042
  ...
# Subtest: readDeltaEnvelope reads cumulative multi-turn delta from accepted_batch
ok 413 - readDeltaEnvelope reads cumulative multi-turn delta from accepted_batch
  ---
  duration_ms: 1.428583
  ...
# Subtest: normalizeAgentEditResponse surfaces idempotency key from turn identity
ok 414 - normalizeAgentEditResponse surfaces idempotency key from turn identity
  ---
  duration_ms: 1.004083
  ...
# Subtest: normalizeAgentEditResponse treats executor response missing session_id as non-applyable malformed, not stale
ok 415 - normalizeAgentEditResponse treats executor response missing session_id as non-applyable malformed, not stale
  ---
  duration_ms: 5.538167
  ...
# Subtest: normalizeAgentEditResponse with null candidate and no session metadata produces noop outcome
ok 416 - normalizeAgentEditResponse with null candidate and no session metadata produces noop outcome
  ---
  duration_ms: 1.748458
  ...
# Subtest: readCandidate returns null when candidate payload lacks graph
ok 417 - readCandidate returns null when candidate payload lacks graph
  ---
  duration_ms: 1.083459
  ...
# Subtest: readCandidateGraph returns null when graph is absent from candidate payload
ok 418 - readCandidateGraph returns null when graph is absent from candidate payload
  ---
  duration_ms: 0.767125
  ...
# Subtest: readEligibility marks candidates without durable metadata non-applyable
ok 419 - readEligibility marks candidates without durable metadata non-applyable
  ---
  duration_ms: 0.830625
  ...
# Subtest: OK_CANDIDATE_RESPONSE without session_id does not trigger chat rehydrate
ok 420 - OK_CANDIDATE_RESPONSE without session_id does not trigger chat rehydrate
  ---
  duration_ms: 3.331166
  ...
# Subtest: OK_CANDIDATE_RESPONSE without turn_id still stores candidate but with null turnId
ok 421 - OK_CANDIDATE_RESPONSE without turn_id still stores candidate but with null turnId
  ---
  duration_ms: 1.307458
  ...
# Subtest: MALFORMED_CANDIDATE_RESPONSE records phase=ERROR and does not treat as stale/rebaseline
ok 422 - MALFORMED_CANDIDATE_RESPONSE records phase=ERROR and does not treat as stale/rebaseline
  ---
  duration_ms: 2.859417
  ...
# Subtest: STALE_CANVAS_APPLY records phase=ERROR with failure and invalidates candidate
ok 423 - STALE_CANVAS_APPLY records phase=ERROR with failure and invalidates candidate
  ---
  duration_ms: 1.022916
  ...
# Subtest: STALE_CANVAS_APPLY with rebaselineRecovery stores recovery payload
ok 424 - STALE_CANVAS_APPLY with rebaselineRecovery stores recovery payload
  ---
  duration_ms: 0.440917
  ...
# Subtest: STALE_CANVAS_APPLY clears synthetic agent message when none provided
ok 425 - STALE_CANVAS_APPLY clears synthetic agent message when none provided
  ---
  duration_ms: 0.334708
  ...
# Subtest: ACCEPT_REJECTED with authoritative backend reject records rebaseline recovery
ok 426 - ACCEPT_REJECTED with authoritative backend reject records rebaseline recovery
  ---
  duration_ms: 1.541834
  ...
# Subtest: normalizeAgentEditResponse extracts rebaseline recovery from stale error with structural hash drift
ok 427 - normalizeAgentEditResponse extracts rebaseline recovery from stale error with structural hash drift
  ---
  duration_ms: 0.455458
  ...
# Subtest: normalizeAgentEditResponse extracts scoped accept conflict rebaseline recovery
ok 428 - normalizeAgentEditResponse extracts scoped accept conflict rebaseline recovery
  ---
  duration_ms: 0.722667
  ...
# Subtest: normalizeAgentEditResponse preserves debug context for malformed metadata
ok 429 - normalizeAgentEditResponse preserves debug context for malformed metadata
  ---
  duration_ms: 0.582542
  ...
# Subtest: normalizeAgentEditResponse preserves debug payload in stale recovery for branch identification
ok 430 - normalizeAgentEditResponse preserves debug payload in stale recovery for branch identification
  ---
  duration_ms: 2.262791
  ...
# Subtest: normalizeAgentEditResponse distinguishes structural hash drift from live token drift in rebaseline recovery
ok 431 - normalizeAgentEditResponse distinguishes structural hash drift from live token drift in rebaseline recovery
  ---
  duration_ms: 2.011166
  ...
# Subtest: PUBLIC_OUTCOME_KINDS does not include stale or malformed as outcome kinds
ok 432 - PUBLIC_OUTCOME_KINDS does not include stale or malformed as outcome kinds
  ---
  duration_ms: 1.015083
  ...
# Subtest: normalizeAgentEditResponse with diagnostic detail does not leak detail into candidateGraph
ok 433 - normalizeAgentEditResponse with diagnostic detail does not leak detail into candidateGraph
  ---
  duration_ms: 1.249709
  ...
# Subtest: normalizeAgentEditResponse error with diagnostic detail preserves error outcome, not stale recovery
ok 434 - normalizeAgentEditResponse error with diagnostic detail preserves error outcome, not stale recovery
  ---
  duration_ms: 0.643541
  ...
# Subtest: readEligibility ignores diagnostic detail and does not mark candidate as stale
ok 435 - readEligibility ignores diagnostic detail and does not mark candidate as stale
  ---
  duration_ms: 0.927375
  ...
# Subtest: malformed V2 authority remains rejectable but never applyable
ok 436 - malformed V2 authority remains rejectable but never applyable
  ---
  duration_ms: 8.334542
  ...
# Subtest: candidate transaction vocabulary is the action authority
ok 437 - candidate transaction vocabulary is the action authority
  ---
  duration_ms: 211.079875
  ...
# Subtest: Prepare must return the exact persisted mutation plan
ok 438 - Prepare must return the exact persisted mutation plan
  ---
  duration_ms: 44.161333
  ...
# Subtest: versioned layout verification must match between candidate and prepare
ok 439 - versioned layout verification must match between candidate and prepare
  ---
  duration_ms: 27.357125
  ...
# Subtest: unknown layout verification contracts fail closed
ok 440 - unknown layout verification contracts fail closed
  ---
  duration_ms: 14.443792
  ...
# Subtest: landed plan rejects missing, reordered, or invented provenance
ok 441 - landed plan rejects missing, reordered, or invented provenance
  ---
  duration_ms: 9.309
  ...
# Subtest: browser transaction failures preserve only bounded stack evidence
ok 442 - browser transaction failures preserve only bounded stack evidence
  ---
  duration_ms: 0.380625
  ...
# Subtest: readCommitTurnIdentity returns null for non-object and safely wraps the contract selector
ok 443 - readCommitTurnIdentity returns null for non-object and safely wraps the contract selector
  ---
  duration_ms: 52.852083
  ...
# Subtest: readCommitApplyCandidate returns null for non-object and projects a canonical candidate
ok 444 - readCommitApplyCandidate returns null for non-object and projects a canonical candidate
  ---
  duration_ms: 10.524459
  ...
# Subtest: readCommitFieldChanges returns null for non-object and projects field changes
ok 445 - readCommitFieldChanges returns null for non-object and projects field changes
  ---
  duration_ms: 2.271375
  ...
# Subtest: readCommitOutcome returns null for non-object and projects outcome
ok 446 - readCommitOutcome returns null for non-object and projects outcome
  ---
  duration_ms: 4.041834
  ...
# Subtest: readCommitCustomNodeResolution returns null for non-object
ok 447 - readCommitCustomNodeResolution returns null for non-object
  ---
  duration_ms: 5.1075
  ...
# Subtest: normalizeCommitFieldChangesFromSubmit returns empty shape for non-object
ok 448 - normalizeCommitFieldChangesFromSubmit returns empty shape for non-object
  ---
  duration_ms: 0.79525
  ...
# Subtest: normalizeCommitFieldChangesFromSubmit normalizes direct and outcome changes
ok 449 - normalizeCommitFieldChangesFromSubmit normalizes direct and outcome changes
  ---
  duration_ms: 0.419458
  ...
# Subtest: normalizeCommitFieldChangesFromSubmit handles batchTurnChanges
ok 450 - normalizeCommitFieldChangesFromSubmit handles batchTurnChanges
  ---
  duration_ms: 0.831625
  ...
# Subtest: normalizeCommitApplyEligibility returns no-candidate eligibility when no graph
ok 451 - normalizeCommitApplyEligibility returns no-candidate eligibility when no graph
  ---
  duration_ms: 0.5935
  ...
# Subtest: normalizeCommitApplyEligibility returns canonical eligibility for valid input
ok 452 - normalizeCommitApplyEligibility returns canonical eligibility for valid input
  ---
  duration_ms: 2.720417
  ...
# Subtest: normalizeCommitApplyEligibility returns null when missing contract and option set
ok 453 - normalizeCommitApplyEligibility returns null when missing contract and option set
  ---
  duration_ms: 0.894625
  ...
# Subtest: outcomeRequiresClarification detects clarify outcomes
ok 454 - outcomeRequiresClarification detects clarify outcomes
  ---
  duration_ms: 0.999083
  ...
# Subtest: outcomeIsNoop detects noop outcomes
ok 455 - outcomeIsNoop detects noop outcomes
  ---
  duration_ms: 0.181416
  ...
# Subtest: clarificationMessageFromOutcome extracts message
ok 456 - clarificationMessageFromOutcome extracts message
  ---
  duration_ms: 0.496666
  ...
# Subtest: outcomeHasClarificationPrompt returns boolean
ok 457 - outcomeHasClarificationPrompt returns boolean
  ---
  duration_ms: 0.200291
  ...
# Subtest: classifyCommitOutcome returns requires_custom_nodes for custom node outcomes
ok 458 - classifyCommitOutcome returns requires_custom_nodes for custom node outcomes
  ---
  duration_ms: 0.298459
  ...
# Subtest: classifyCommitOutcome returns clarify_only for clarify without candidate graph
ok 459 - classifyCommitOutcome returns clarify_only for clarify without candidate graph
  ---
  duration_ms: 0.155166
  ...
# Subtest: classifyCommitOutcome returns edit_clarify for clarify with candidate graph
ok 460 - classifyCommitOutcome returns edit_clarify for clarify with candidate graph
  ---
  duration_ms: 0.490125
  ...
# Subtest: classifyCommitOutcome returns noop for noop outcomes
ok 461 - classifyCommitOutcome returns noop for noop outcomes
  ---
  duration_ms: 0.161375
  ...
# Subtest: classifyCommitOutcome returns candidate for candidate outcome with graph
ok 462 - classifyCommitOutcome returns candidate for candidate outcome with graph
  ---
  duration_ms: 2.074333
  ...
# Subtest: classifyCommitOutcome returns error for unclassifiable input
ok 463 - classifyCommitOutcome returns error for unclassifiable input
  ---
  duration_ms: 0.429459
  ...
# Subtest: resolveCommitCandidateGraphHash prefers explicit hash override
ok 464 - resolveCommitCandidateGraphHash prefers explicit hash override
  ---
  duration_ms: 1.007083
  ...
# Subtest: resolveCommitCandidateGraphHash falls back to candidateGraphHash
ok 465 - resolveCommitCandidateGraphHash falls back to candidateGraphHash
  ---
  duration_ms: 0.190458
  ...
# Subtest: resolveCommitCandidateGraphHash falls back to graphHash
ok 466 - resolveCommitCandidateGraphHash falls back to graphHash
  ---
  duration_ms: 0.094625
  ...
# Subtest: resolveCommitCandidateGraphHash returns null for empty input
ok 467 - resolveCommitCandidateGraphHash returns null for empty input
  ---
  duration_ms: 0.093625
  ...
# Subtest: commitOptimisticSubmit transitions panel to SUBMITTING and returns render obligations
ok 468 - commitOptimisticSubmit transitions panel to SUBMITTING and returns render obligations
  ---
  duration_ms: 2.341709
  ...
# Subtest: commitOptimisticSubmit uses auto-incremented epoch (number) and allows explicit number epoch
ok 469 - commitOptimisticSubmit uses auto-incremented epoch (number) and allows explicit number epoch
  ---
  duration_ms: 3.056375
  ...
# Subtest: commitOptimisticSubmit handles minimal payload
ok 470 - commitOptimisticSubmit handles minimal payload
  ---
  duration_ms: 0.227709
  ...
# Subtest: commitTerminalResponse handles clarify_only outcome via explicit payload
ok 471 - commitTerminalResponse handles clarify_only outcome via explicit payload
  ---
  duration_ms: 8.69575
  ...
# Subtest: commitTerminalResponse handles clarify_only with fallback message from result
ok 472 - commitTerminalResponse handles clarify_only with fallback message from result
  ---
  duration_ms: 2.145875
  ...
# Subtest: commitTerminalResponse handles requires_custom_nodes outcome
ok 473 - commitTerminalResponse handles requires_custom_nodes outcome
  ---
  duration_ms: 0.895916
  ...
# Subtest: commitTerminalResponse handles noop outcome
ok 474 - commitTerminalResponse handles noop outcome
  ---
  duration_ms: 2.315833
  ...
# Subtest: commitTerminalResponse handles candidate outcome with explicit payload overrides
ok 475 - commitTerminalResponse handles candidate outcome with explicit payload overrides
  ---
  duration_ms: 4.433084
  ...
# Subtest: commitTerminalResponse handles edit_clarify outcome with explicit overrides
ok 476 - commitTerminalResponse handles edit_clarify outcome with explicit overrides
  ---
  duration_ms: 9.437792
  ...
# Subtest: commitTerminalResponse handles explicit failure payload
ok 477 - commitTerminalResponse handles explicit failure payload
  ---
  duration_ms: 3.427625
  ...
# Subtest: commitTerminalResponse handles malformed/unclassifiable envelopes as errors
ok 478 - commitTerminalResponse handles malformed/unclassifiable envelopes as errors
  ---
  duration_ms: 0.896167
  ...
# Subtest: commitTerminalResponse does not perform transport, DOM, storage, or history side effects
ok 479 - commitTerminalResponse does not perform transport, DOM, storage, or history side effects
  ---
  duration_ms: 1.360416
  ...
# Subtest: commitTranscriptRehydrate commits transcript messages and epoch
ok 480 - commitTranscriptRehydrate commits transcript messages and epoch
  ---
  duration_ms: 2.215083
  ...
# Subtest: commitTranscriptRehydrate handles payload with empty messages
ok 481 - commitTranscriptRehydrate handles payload with empty messages
  ---
  duration_ms: 0.280084
  ...
# Subtest: commitLatestCandidateRestore restores a candidate when scopes match
ok 482 - commitLatestCandidateRestore restores a candidate when scopes match
  ---
  duration_ms: 0.787958
  ...
# Subtest: commitApplyResolved transitions panel after successful apply
ok 483 - commitApplyResolved transitions panel after successful apply
  ---
  duration_ms: 0.709708
  ...
# Subtest: commitLifecycleReset resets panel and clears candidate state
ok 484 - commitLifecycleReset resets panel and clears candidate state
  ---
  duration_ms: 0.462583
  ...
# Subtest: commit helpers produce plain obligations without transport references
ok 485 - commit helpers produce plain obligations without transport references
  ---
  duration_ms: 4.974458
  ...
# Subtest: commit helpers only produce valid dirtySections from RENDER_SECTIONS
ok 486 - commit helpers only produce valid dirtySections from RENDER_SECTIONS
  ---
  duration_ms: 0.972209
  ...
# Subtest: readCommitApplyCandidate exposes mutation-plan fields when present
ok 487 - readCommitApplyCandidate exposes mutation-plan fields when present
  ---
  duration_ms: 1.563291
  ...
# Subtest: readCommitApplyCandidate returns undefined planHash when mutation-plan fields are absent
ok 488 - readCommitApplyCandidate returns undefined planHash when mutation-plan fields are absent
  ---
  duration_ms: 2.085417
  ...
# Subtest: readCommitApplyCandidate planHash consumed by lifecycle commit matches preview
ok 489 - readCommitApplyCandidate planHash consumed by lifecycle commit matches preview
  ---
  duration_ms: 8.9235
  ...
# Subtest: commitPrepareStarted transitions to APPLY_PREPARED and records plan hash
ok 490 - commitPrepareStarted transitions to APPLY_PREPARED and records plan hash
  ---
  duration_ms: 2.393
  ...
# Subtest: commitPrepareSuccess records prepared receipt
ok 491 - commitPrepareSuccess records prepared receipt
  ---
  duration_ms: 4.995167
  ...
# Subtest: commitPrepareFailure clears receipt and goes to ERROR
ok 492 - commitPrepareFailure clears receipt and goes to ERROR
  ---
  duration_ms: 0.929958
  ...
# Subtest: commitVerifyCanvasStarted sets CANVAS_VERIFIED phase
ok 493 - commitVerifyCanvasStarted sets CANVAS_VERIFIED phase
  ---
  duration_ms: 4.745875
  ...
# Subtest: commitVerifyCanvasSuccess records verified receipt and persists session
ok 494 - commitVerifyCanvasSuccess records verified receipt and persists session
  ---
  duration_ms: 0.461375
  ...
# Subtest: commitVerifyCanvasFailure clears verifiedReceipt and goes to ERROR
ok 495 - commitVerifyCanvasFailure clears verifiedReceipt and goes to ERROR
  ---
  duration_ms: 0.390334
  ...
# Subtest: commitFinalizeStarted sets FINALIZING phase
ok 496 - commitFinalizeStarted sets FINALIZING phase
  ---
  duration_ms: 0.747625
  ...
# Subtest: commitFinalizeSuccess syncs baseline, clears candidate, and records receipt
ok 497 - commitFinalizeSuccess syncs baseline, clears candidate, and records receipt
  ---
  duration_ms: 1.065042
  ...
# Subtest: commitFinalizeFailure syncs baseline from failure payload
ok 498 - commitFinalizeFailure syncs baseline from failure payload
  ---
  duration_ms: 5.333917
  ...
# Subtest: commitRollbackStarted sets ROLLBACK_PREPARED phase
ok 499 - commitRollbackStarted sets ROLLBACK_PREPARED phase
  ---
  duration_ms: 0.698083
  ...
# Subtest: commitRollbackSuccess records receipt and clears candidate
ok 500 - commitRollbackSuccess records receipt and clears candidate
  ---
  duration_ms: 0.524375
  ...
# Subtest: commitRollbackFailure clears receipt and keeps recovery actionable
ok 501 - commitRollbackFailure clears receipt and keeps recovery actionable
  ---
  duration_ms: 0.217125
  ...
# Subtest: commitReconcileReceipts recovers prepared state from server receipts
ok 502 - commitReconcileReceipts recovers prepared state from server receipts
  ---
  duration_ms: 0.947583
  ...
# Subtest: commitReconcileReceipts recovers canvas_verified when verifiedReceipt present
ok 503 - commitReconcileReceipts recovers canvas_verified when verifiedReceipt present
  ---
  duration_ms: 0.166916
  ...
# Subtest: commitReconcileReceipts recovers rollback_complete from rollback receipt
ok 504 - commitReconcileReceipts recovers rollback_complete from rollback receipt
  ---
  duration_ms: 0.140125
  ...
# Subtest: commitReconcileReceipts merges server lifecycle events without duplicates
ok 505 - commitReconcileReceipts merges server lifecycle events without duplicates
  ---
  duration_ms: 16.05575
  ...
# Subtest: all three adapters land the panel in AWAITING_REVIEW for a canonical candidate
ok 506 - all three adapters land the panel in AWAITING_REVIEW for a canonical candidate
  ---
  duration_ms: 324.265458
  ...
# Subtest: all three adapters project the canonical session/turn identity
ok 507 - all three adapters project the canonical session/turn identity
  ---
  duration_ms: 17.078541
  ...
# Subtest: all three adapters store the canonical candidate graph and hash
ok 508 - all three adapters store the canonical candidate graph and hash
  ---
  duration_ms: 192.071958
  ...
# Subtest: all three adapters derive matching apply eligibility and apply flags
ok 509 - all three adapters derive matching apply eligibility and apply flags
  ---
  duration_ms: 308.581916
  ...
# Subtest: all three adapters clear failure and clarification for a pure candidate
ok 510 - all three adapters clear failure and clarification for a pure candidate
  ---
  duration_ms: 233.197958
  ...
# Subtest: all three adapters project the canonical agent message
ok 511 - all three adapters project the canonical agent message
  ---
  duration_ms: 133.030416
  ...
# Subtest: PARITY_FIELDS produce identical values across production, preview, and replay
ok 512 - PARITY_FIELDS produce identical values across production, preview, and replay
  ---
  duration_ms: 11.737417
  ...
# Subtest: apply-resolved reflection produces matching applied lifecycle across adapters
ok 513 - apply-resolved reflection produces matching applied lifecycle across adapters
  ---
  duration_ms: 11.512417
  ...
# Subtest: optimistic submit ordering is consistent: every adapter enters SUBMITTING before the candidate
ok 514 - optimistic submit ordering is consistent: every adapter enters SUBMITTING before the candidate
  ---
  duration_ms: 3.847667
  ...
# Subtest: source-specific fields are handled consistently: serverSubmitGraphHash is production-only
ok 515 - source-specific fields are handled consistently: serverSubmitGraphHash is production-only
  ---
  duration_ms: 14.845833
  ...
# Subtest: a non-applyable candidate (missing durable identity) is blocked uniformly across adapters
ok 516 - a non-applyable candidate (missing durable identity) is blocked uniformly across adapters
  ---
  duration_ms: 4.159625
  ...
# Subtest: candidate commit does not leak forbidden raw payloads into candidate lifecycle projection
ok 517 - candidate commit does not leak forbidden raw payloads into candidate lifecycle projection
  ---
  duration_ms: 1.759917
  ...
# Subtest: transcript rehydrate projection does not expose forbidden raw payloads from latestCandidate
ok 518 - transcript rehydrate projection does not expose forbidden raw payloads from latestCandidate
  ---
  duration_ms: 4.879375
  ...
# Subtest: transcript messages themselves carry only safe message shapes across adapters
ok 519 - transcript messages themselves carry only safe message shapes across adapters
  ---
  duration_ms: 8.328209
  ...
# Subtest: debugPayload is the only channel that may carry adapter metadata; lifecycle fields stay clean
ok 520 - debugPayload is the only channel that may carry adapter metadata; lifecycle fields stay clean
  ---
  duration_ms: 3.103708
  ...
# Subtest: lifecycle reset clears candidate projection uniformly across adapters
ok 521 - lifecycle reset clears candidate projection uniformly across adapters
  ---
  duration_ms: 305.254791
  ...
# Subtest: buildStatusUrl — constructs URL with route and model
ok 522 - buildStatusUrl — constructs URL with route and model
  ---
  duration_ms: 63.051959
  ...
# Subtest: buildVibeComfyInfoUrl — constructs the runtime identity endpoint URL
ok 523 - buildVibeComfyInfoUrl — constructs the runtime identity endpoint URL
  ---
  duration_ms: 0.180792
  ...
# Subtest: routeStatusState — reads panel.routeStatus
ok 524 - routeStatusState — reads panel.routeStatus
  ---
  duration_ms: 11.969958
  ...
# Subtest: routeOptionsFromStatus — extracts route_options safely
ok 525 - routeOptionsFromStatus — extracts route_options safely
  ---
  duration_ms: 9.06675
  ...
# Subtest: SETTINGS_STATUS_RENDER_SECTIONS preserves status rerender sections
ok 526 - SETTINGS_STATUS_RENDER_SECTIONS preserves status rerender sections
  ---
  duration_ms: 0.495875
  ...
# Subtest: projectRouteStatus — projects ProviderStatus payloads to frontend RouteStatus
ok 527 - projectRouteStatus — projects ProviderStatus payloads to frontend RouteStatus
  ---
  duration_ms: 0.572083
  ...
# Subtest: projectRouteStatus — covers loading, malformed, missing, mismatch, unavailable, ready, and provider unavailable states
ok 528 - projectRouteStatus — covers loading, malformed, missing, mismatch, unavailable, ready, and provider unavailable states
  ---
  duration_ms: 0.910459
  ...
# Subtest: transition table: route/provider projection states stay canonical
ok 529 - transition table: route/provider projection states stay canonical
  ---
  duration_ms: 9.26475
  ...
# Subtest: getPersistedAgentProvider / setPersistedAgentProvider — localStorage roundtrip
ok 530 - getPersistedAgentProvider / setPersistedAgentProvider — localStorage roundtrip
  ---
  duration_ms: 135.345791
  ...
# Subtest: clearAgentStatusRetry — clears timer and state
ok 531 - clearAgentStatusRetry — clears timer and state
  ---
  duration_ms: 1.235167
  ...
# Subtest: scheduleAgentStatusRetry — schedules retries with backoff
ok 532 - scheduleAgentStatusRetry — schedules retries with backoff
  ---
  duration_ms: 0.478125
  ...
# Subtest: populateRouteSelect — populates with route options
ok 533 - populateRouteSelect — populates with route options
  ---
  duration_ms: 0.643208
  ...
# Subtest: storeOpenRouterCredential — stores successfully
ok 534 - storeOpenRouterCredential — stores successfully
  ---
  duration_ms: 3.665083
  ...
# Subtest: storeOpenRouterCredential — handles server rejection
ok 535 - storeOpenRouterCredential — handles server rejection
  ---
  duration_ms: 0.378458
  ...
# Subtest: storeOpenRouterCredential — handles network error
ok 536 - storeOpenRouterCredential — handles network error
  ---
  duration_ms: 1.202875
  ...
# Subtest: storeOpenRouterCredential — handles malformed JSON in credential response
ok 537 - storeOpenRouterCredential — handles malformed JSON in credential response
  ---
  duration_ms: 0.860792
  ...
# Subtest: refreshAgentStatus — LOADING → READY transition
ok 538 - refreshAgentStatus — LOADING → READY transition
  ---
  duration_ms: 22.515041
  ...
# Subtest: refreshAgentStatus — LOADING → UNAVAILABLE (fetch throws)
ok 539 - refreshAgentStatus — LOADING → UNAVAILABLE (fetch throws)
  ---
  duration_ms: 1.033875
  ...
# Subtest: refreshAgentStatus aborts a deadline-bound fetch and records timeout diagnostics
ok 540 - refreshAgentStatus aborts a deadline-bound fetch and records timeout diagnostics
  ---
  duration_ms: 0.918625
  ...
# Subtest: refreshAgentStatus — LOADING → UNAVAILABLE (HTTP error status)
ok 541 - refreshAgentStatus — LOADING → UNAVAILABLE (HTTP error status)
  ---
  duration_ms: 1.128834
  ...
# Subtest: refreshAgentStatus — LOADING → MALFORMED (JSON parse error in .json())
ok 542 - refreshAgentStatus — LOADING → MALFORMED (JSON parse error in .json())
  ---
  duration_ms: 0.444458
  ...
# Subtest: refreshAgentStatus — LOADING → MISSING_OPTIONS (valid JSON, no route_options)
ok 543 - refreshAgentStatus — LOADING → MISSING_OPTIONS (valid JSON, no route_options)
  ---
  duration_ms: 0.542208
  ...
# Subtest: refreshAgentStatus — LOADING → UNAVAILABLE (ready === false)
ok 544 - refreshAgentStatus — LOADING → UNAVAILABLE (ready === false)
  ---
  duration_ms: 0.608375
  ...
# Subtest: refreshAgentStatus — LOADING → MALFORMED (status is an array, not object)
ok 545 - refreshAgentStatus — LOADING → MALFORMED (status is an array, not object)
  ---
  duration_ms: 0.4175
  ...
# Subtest: refreshAgentStatus — LOADING → MALFORMED (requested route missing from route_options)
ok 546 - refreshAgentStatus — LOADING → MALFORMED (requested route missing from route_options)
  ---
  duration_ms: 0.579375
  ...
# Subtest: refreshAgentStatus — quiet mode suppresses success message
ok 547 - refreshAgentStatus — quiet mode suppresses success message
  ---
  duration_ms: 0.830916
  ...
# Subtest: refreshAgentStatus — stale epoch prevents state overwrite
ok 548 - refreshAgentStatus — stale epoch prevents state overwrite
  ---
  duration_ms: 0.458959
  ...
# Subtest: persistAgentSettings — persists when READY
ok 549 - persistAgentSettings — persists when READY
  ---
  duration_ms: 0.471667
  ...
# Subtest: persistAgentSettings — blocks when routeStatus is not READY
ok 550 - persistAgentSettings — blocks when routeStatus is not READY
  ---
  duration_ms: 0.369084
  ...
# Subtest: persistAgentSettings — persists with credential when includeCredential=true
ok 551 - persistAgentSettings — persists with credential when includeCredential=true
  ---
  duration_ms: 0.628708
  ...
# Subtest: persistAgentSettings — does not post browser credential for routes that reject browser keys
ok 552 - persistAgentSettings — does not post browser credential for routes that reject browser keys
  ---
  duration_ms: 0.384166
  ...
# Subtest: testAgentSettings — reports success when provider available
ok 553 - testAgentSettings — reports success when provider available
  ---
  duration_ms: 0.810292
  ...
# Subtest: testAgentSettings — reports failure when provider unavailable
ok 554 - testAgentSettings — reports failure when provider unavailable
  ---
  duration_ms: 0.618
  ...
# Subtest: testAgentSettings — no-op on null panel
ok 555 - testAgentSettings — no-op on null panel
  ---
  duration_ms: 0.121083
  ...
# Subtest: syncChooseEngineGate — closes overlay when persisted provider exists
ok 556 - syncChooseEngineGate — closes overlay when persisted provider exists
  ---
  duration_ms: 0.33075
  ...
# Subtest: syncChooseEngineGate — closes overlay when ready provider found via status
ok 557 - syncChooseEngineGate — closes overlay when ready provider found via status
  ---
  duration_ms: 0.382333
  ...
# Subtest: syncChooseEngineGate — auto-selects DeepSeek provider when status has DeepSeek credential
ok 558 - syncChooseEngineGate — auto-selects DeepSeek provider when status has DeepSeek credential
  ---
  duration_ms: 0.250208
  ...
# Subtest: syncChooseEngineGate — opens overlay when status not loading and no provider
ok 559 - syncChooseEngineGate — opens overlay when status not loading and no provider
  ---
  duration_ms: 0.209208
  ...
# Subtest: syncChooseEngineGate — persisted provider with unset mode opens at mode step instead of closing
ok 560 - syncChooseEngineGate — persisted provider with unset mode opens at mode step instead of closing
  ---
  duration_ms: 0.217541
  ...
# Subtest: syncChooseEngineGate — ready-provider auto-adoption cannot bypass the mode ask
ok 561 - syncChooseEngineGate — ready-provider auto-adoption cannot bypass the mode ask
  ---
  duration_ms: 0.178209
  ...
# Subtest: syncChooseEngineGate — unset mode defers to the status loading state
ok 562 - syncChooseEngineGate — unset mode defers to the status loading state
  ---
  duration_ms: 0.10975
  ...
# Subtest: syncChooseEngineGate — no-op when no shell
ok 563 - syncChooseEngineGate — no-op when no shell
  ---
  duration_ms: 0.092208
  ...
# Subtest: configureAgentStatusDeps — returns all expected keys
ok 564 - configureAgentStatusDeps — returns all expected keys
  ---
  duration_ms: 0.249084
  ...
# Subtest: refreshAgentStatus — malformed JSON: HTML error page instead of JSON
ok 565 - refreshAgentStatus — malformed JSON: HTML error page instead of JSON
  ---
  duration_ms: 0.28075
  ...
# Subtest: refreshAgentStatus — invalid contract: status body is a string
ok 566 - refreshAgentStatus — invalid contract: status body is a string
  ---
  duration_ms: 0.175
  ...
# Subtest: refreshAgentStatus — invalid contract: status body is a number
ok 567 - refreshAgentStatus — invalid contract: status body is a number
  ---
  duration_ms: 0.304416
  ...
# Subtest: refreshAgentStatus — invalid contract: null status body
ok 568 - refreshAgentStatus — invalid contract: null status body
  ---
  duration_ms: 0.287875
  ...
# Subtest: refreshAgentStatus — valid JSON, completely wrong contract shape (no route_options, no ok)
ok 569 - refreshAgentStatus — valid JSON, completely wrong contract shape (no route_options, no ok)
  ---
  duration_ms: 0.46575
  ...
# Subtest: refreshAgentStatus — route_options is a string (not an object)
ok 570 - refreshAgentStatus — route_options is a string (not an object)
  ---
  duration_ms: 0.743459
  ...
# Subtest: refreshAgentStatus — route_options is an array (not an object)
ok 571 - refreshAgentStatus — route_options is an array (not an object)
  ---
  duration_ms: 0.198166
  ...
# Subtest: route/provider owner exports preserve DeepSeek as a distinct route
ok 572 - route/provider owner exports preserve DeepSeek as a distinct route
  ---
  duration_ms: 0.170292
  ...
# Subtest: refreshAgentStatus — single fetch path: exactly one /vibecomfy/agent/status request per invocation
ok 573 - refreshAgentStatus — single fetch path: exactly one /vibecomfy/agent/status request per invocation
  ---
  duration_ms: 0.23825
  ...
# Subtest: refreshAgentStatus — disables route/model controls synchronously before status fetch
ok 574 - refreshAgentStatus — disables route/model controls synchronously before status fetch
  ---
  duration_ms: 0.561291
  ...
# Subtest: refreshAgentStatus — invalidates status sections and active transcript surfaces after fetch
ok 575 - refreshAgentStatus — invalidates status sections and active transcript surfaces after fetch
  ---
  duration_ms: 0.256166
  ...
# Subtest: refreshAgentStatus — status readiness coupled to panel UI state (routeStatus, settingsMessage, statusSnapshot)
ok 576 - refreshAgentStatus — status readiness coupled to panel UI state (routeStatus, settingsMessage, statusSnapshot)
  ---
  duration_ms: 0.223417
  ...
# Subtest: refreshAgentStatus — malformed status text propagated to settingsMessage and routeStatus
ok 577 - refreshAgentStatus — malformed status text propagated to settingsMessage and routeStatus
  ---
  duration_ms: 0.15175
  ...
# Subtest: refreshAgentStatus — unavailable status text propagated to settingsMessage
ok 578 - refreshAgentStatus — unavailable status text propagated to settingsMessage
  ---
  duration_ms: 0.180458
  ...
# Subtest: refreshVibeComfyInfo — accepts only the immutable identity contract independently of route status
ok 579 - refreshVibeComfyInfo — accepts only the immutable identity contract independently of route status
  ---
  duration_ms: 0.815916
  ...
# Subtest: refreshVibeComfyInfo — rejects malformed and secret-shaped payloads without reflecting their values
ok 580 - refreshVibeComfyInfo — rejects malformed and secret-shaped payloads without reflecting their values
  ---
  duration_ms: 2.37925
  ...
# Subtest: refreshVibeComfyInfo — unavailable responses keep an error diagnostic on the owned state surface
ok 581 - refreshVibeComfyInfo — unavailable responses keep an error diagnostic on the owned state surface
  ---
  duration_ms: 0.344125
  ...
# Subtest: refreshVibeComfyInfo aborts a deadline-bound fetch without changing route status
ok 582 - refreshVibeComfyInfo aborts a deadline-bound fetch without changing route status
  ---
  duration_ms: 0.5385
  ...
# Subtest: projectVibeComfyInfo rejects inconsistent or noncanonical identity fields
ok 583 - projectVibeComfyInfo rejects inconsistent or noncanonical identity fields
  ---
  duration_ms: 1.201
  ...
# Subtest: refreshVibeComfyInfo ignores stale successful responses and diagnostics
ok 584 - refreshVibeComfyInfo ignores stale successful responses and diagnostics
  ---
  duration_ms: 0.322208
  ...
# Subtest: disabled replay install returns null and emits no UI or network traffic
ok 585 - disabled replay install returns null and emits no UI or network traffic
  ---
  duration_ms: 1005.449459
  ...
# Subtest: replay selectors, stage projection, reverse navigation, and clear cleanup stay in sync
ok 586 - replay selectors, stage projection, reverse navigation, and clear cleanup stay in sync
  ---
  duration_ms: 1304.536625
  ...
# Subtest: replay navigation honors pruned backend stage lists
ok 587 - replay navigation honors pruned backend stage lists
  ---
  duration_ms: 1006.207458
  ...
# Subtest: replay applied stage reflects apply only when fixture carries a resolved apply result
ok 588 - replay applied stage reflects apply only when fixture carries a resolved apply result
  ---
  duration_ms: 776.976625
  ...
# Subtest: replay navigation cannot corrupt in-flight production submit state and posts no production routes
ok 589 - replay navigation cannot corrupt in-flight production submit state and posts no production routes
  ---
  duration_ms: 1043.886917
  ...
# Subtest: replay baseline JSON clone drops undefined and function members from restored state and stage graphs
ok 590 - replay baseline JSON clone drops undefined and function members from restored state and stage graphs
  ---
  duration_ms: 616.0475
  ...
# Subtest: replay baseline capture is independent of live panel state — post-capture source mutation does not leak into the snapshot
ok 591 - replay baseline capture is independent of live panel state — post-capture source mutation does not leak into the snapshot
  ---
  duration_ms: 1149.0445
  ...
# Subtest: replay JSON clone (jsonClone) is structurally independent in both directions at multiple nesting levels
ok 592 - replay JSON clone (jsonClone) is structurally independent in both directions at multiple nesting levels
  ---
  duration_ms: 9.547833
  ...
# Subtest: replay JSON clone (jsonClone) throws on cyclic input instead of silently aliasing the source
ok 593 - replay JSON clone (jsonClone) throws on cyclic input instead of silently aliasing the source
  ---
  duration_ms: 1.110541
  ...
# Subtest: /Users/peteromalley/Documents/reigh-workspace/vibecomfy-oracle-onboard/tests/browser/authority_factory.mjs
ok 13 - /Users/peteromalley/Documents/reigh-workspace/vibecomfy-oracle-onboard/tests/browser/authority_factory.mjs
  ---
  duration_ms: 383.3925
  ...
# Subtest: DELTA_SCHEMA_VERSION equals '2.0.0'
ok 595 - DELTA_SCHEMA_VERSION equals '2.0.0'
  ---
  duration_ms: 1.169583
  ...
# Subtest: CANONICAL_DELTA_OP_NAMES contains exactly 7 supported ops
ok 596 - CANONICAL_DELTA_OP_NAMES contains exactly 7 supported ops
  ---
  duration_ms: 0.648041
  ...
# Subtest: diagnostic code constants are stable strings
ok 597 - diagnostic code constants are stable strings
  ---
  duration_ms: 0.105708
  ...
# Subtest: DeltaDiagnosticError carries code and detail
ok 598 - DeltaDiagnosticError carries code and detail
  ---
  duration_ms: 0.159917
  ...
# Subtest: DeltaDiagnosticError defaults code to malformed_delta and detail to empty
ok 599 - DeltaDiagnosticError defaults code to malformed_delta and detail to empty
  ---
  duration_ms: 0.108208
  ...
# Subtest: classifyDeltaShape: accepted_batch → accepted_batch
ok 600 - classifyDeltaShape: accepted_batch → accepted_batch
  ---
  duration_ms: 0.137084
  ...
# Subtest: classifyDeltaShape: empty accepted_batch reports count 0
ok 601 - classifyDeltaShape: empty accepted_batch reports count 0
  ---
  duration_ms: 0.206333
  ...
# Subtest: classifyDeltaShape: non-array accepted_batch → missing
ok 602 - classifyDeltaShape: non-array accepted_batch → missing
  ---
  duration_ms: 0.096375
  ...
# Subtest: classifyDeltaShape: archived flat delta_ops → missing
ok 603 - classifyDeltaShape: archived flat delta_ops → missing
  ---
  duration_ms: 0.235042
  ...
# Subtest: classifyDeltaShape: archived wrapped delta_ops → missing
ok 604 - classifyDeltaShape: archived wrapped delta_ops → missing
  ---
  duration_ms: 0.801958
  ...
# Subtest: classifyDeltaShape: null payload → missing
ok 605 - classifyDeltaShape: null payload → missing
  ---
  duration_ms: 0.1105
  ...
# Subtest: classifyDeltaShape: non-object payload → missing
ok 606 - classifyDeltaShape: non-object payload → missing
  ---
  duration_ms: 0.089292
  ...
# Subtest: classifyDeltaShape: empty object (no accepted_batch) → missing
ok 607 - classifyDeltaShape: empty object (no accepted_batch) → missing
  ---
  duration_ms: 1.432333
  ...
# Subtest: normalizeDeltaEnvelope roundtrips all seven canonical ops individually
ok 608 - normalizeDeltaEnvelope roundtrips all seven canonical ops individually
  ---
  duration_ms: 5.409333
  ...
# Subtest: normalizeDeltaEnvelope roundtrips all seven canonical ops together in one envelope
ok 609 - normalizeDeltaEnvelope roundtrips all seven canonical ops together in one envelope
  ---
  duration_ms: 0.574917
  ...
# Subtest: normalizeDeltaEnvelope rejects add_node missing uid (strict)
ok 610 - normalizeDeltaEnvelope rejects add_node missing uid (strict)
  ---
  duration_ms: 0.826042
  ...
# Subtest: normalizeDeltaEnvelope rejects add_node missing node_id (strict)
ok 611 - normalizeDeltaEnvelope rejects add_node missing node_id (strict)
  ---
  duration_ms: 3.972792
  ...
# Subtest: normalizeDeltaEnvelope rejects add_node missing class_type (strict)
ok 612 - normalizeDeltaEnvelope rejects add_node missing class_type (strict)
  ---
  duration_ms: 2.197208
  ...
# Subtest: normalizeDeltaEnvelope rejects bad target shape for set_node_field (strict)
ok 613 - normalizeDeltaEnvelope rejects bad target shape for set_node_field (strict)
  ---
  duration_ms: 2.551209
  ...
# Subtest: normalizeDeltaEnvelope rejects bad target shape for remove_node (strict)
ok 614 - normalizeDeltaEnvelope rejects bad target shape for remove_node (strict)
  ---
  duration_ms: 0.42625
  ...
# Subtest: normalizeDeltaEnvelope rejects bad from shape for upsert_link (strict)
ok 615 - normalizeDeltaEnvelope rejects bad from shape for upsert_link (strict)
  ---
  duration_ms: 0.189875
  ...
# Subtest: normalizeDeltaEnvelope rejects bad to shape for remove_link (strict)
ok 616 - normalizeDeltaEnvelope rejects bad to shape for remove_link (strict)
  ---
  duration_ms: 0.161083
  ...
# Subtest: normalizeDeltaEnvelope rejects unknown op types (strict)
ok 617 - normalizeDeltaEnvelope rejects unknown op types (strict)
  ---
  duration_ms: 0.143416
  ...
# Subtest: normalizeDeltaEnvelope rejects retired set_title ops
ok 618 - normalizeDeltaEnvelope rejects retired set_title ops
  ---
  duration_ms: 0.131917
  ...
# Subtest: normalizeDeltaEnvelope validates subgraph_interface structure
ok 619 - normalizeDeltaEnvelope validates subgraph_interface structure
  ---
  duration_ms: 0.248417
  ...
# Subtest: normalizeDeltaEnvelope rejects unknown op types (lenient)
ok 620 - normalizeDeltaEnvelope rejects unknown op types (lenient)
  ---
  duration_ms: 0.172209
  ...
# Subtest: normalizeDeltaEnvelope rejects non-array ops in envelope
ok 621 - normalizeDeltaEnvelope rejects non-array ops in envelope
  ---
  duration_ms: 0.22175
  ...
# Subtest: normalizeDeltaEnvelope rejects wrong schema_version
ok 622 - normalizeDeltaEnvelope rejects wrong schema_version
  ---
  duration_ms: 0.7445
  ...
# Subtest: normalizeDeltaEnvelope rejects extra keys in envelope
ok 623 - normalizeDeltaEnvelope rejects extra keys in envelope
  ---
  duration_ms: 0.21625
  ...
# Subtest: normalizeDeltaEnvelope rejects legacy wrapped object with delta_ops key
ok 624 - normalizeDeltaEnvelope rejects legacy wrapped object with delta_ops key
  ---
  duration_ms: 0.346542
  ...
# Subtest: normalizeDeltaEnvelope rejects ops-without-schema_version as legacy shape
ok 625 - normalizeDeltaEnvelope rejects ops-without-schema_version as legacy shape
  ---
  duration_ms: 0.305375
  ...
# Subtest: normalizeDeltaEnvelope rejects extra legacy wrapper keys alongside schema_version+ops
ok 626 - normalizeDeltaEnvelope rejects extra legacy wrapper keys alongside schema_version+ops
  ---
  duration_ms: 0.513666
  ...
# Subtest: normalizeDeltaEnvelope rejects flat array without allowLegacyList
ok 627 - normalizeDeltaEnvelope rejects flat array without allowLegacyList
  ---
  duration_ms: 0.872292
  ...
# Subtest: normalizeDeltaEnvelope accepts and normalizes flat array with allowLegacyList
ok 628 - normalizeDeltaEnvelope accepts and normalizes flat array with allowLegacyList
  ---
  duration_ms: 0.374583
  ...
# Subtest: normalizeDeltaEnvelope skips invalid entries in legacy flat array with allowLegacyList
ok 629 - normalizeDeltaEnvelope skips invalid entries in legacy flat array with allowLegacyList
  ---
  duration_ms: 0.522375
  ...
# Subtest: normalizeDeltaEnvelope rejects non-object non-array input
ok 630 - normalizeDeltaEnvelope rejects non-object non-array input
  ---
  duration_ms: 0.187333
  ...
# Subtest: normalizeDeltaOpsFromSubmitPayload extracts ops from accepted_batch
ok 631 - normalizeDeltaOpsFromSubmitPayload extracts ops from accepted_batch
  ---
  duration_ms: 0.461625
  ...
# Subtest: normalizeDeltaOpsFromSubmitPayload rejects archived flat delta_ops
ok 632 - normalizeDeltaOpsFromSubmitPayload rejects archived flat delta_ops
  ---
  duration_ms: 0.366375
  ...
# Subtest: normalizeDeltaOpsFromSubmitPayload reads accepted_batch and ignores archived delta_ops
ok 633 - normalizeDeltaOpsFromSubmitPayload reads accepted_batch and ignores archived delta_ops
  ---
  duration_ms: 0.495
  ...
# Subtest: normalizeDeltaOpsFromSubmitPayload rejects archived wrapped delta_ops
ok 634 - normalizeDeltaOpsFromSubmitPayload rejects archived wrapped delta_ops
  ---
  duration_ms: 0.330083
  ...
# Subtest: normalizeDeltaOpsFromSubmitPayload throws for missing delta ops
ok 635 - normalizeDeltaOpsFromSubmitPayload throws for missing delta ops
  ---
  duration_ms: 0.346958
  ...
# Subtest: normalizeDeltaOpsFromSubmitPayload throws for non-object input
ok 636 - normalizeDeltaOpsFromSubmitPayload throws for non-object input
  ---
  duration_ms: 0.210209
  ...
# Subtest: ensureRootScopedOps accepts root-scoped ops for all seven op types
ok 637 - ensureRootScopedOps accepts root-scoped ops for all seven op types
  ---
  duration_ms: 3.355667
  ...
# Subtest: ensureRootScopedOps rejects non-root scoped set_node_field
ok 638 - ensureRootScopedOps rejects non-root scoped set_node_field
  ---
  duration_ms: 0.869042
  ...
# Subtest: ensureRootScopedOps rejects non-root scoped upsert_link
ok 639 - ensureRootScopedOps rejects non-root scoped upsert_link
  ---
  duration_ms: 0.34525
  ...
# Subtest: ensureRootScopedOps rejects non-root scoped add_node
ok 640 - ensureRootScopedOps rejects non-root scoped add_node
  ---
  duration_ms: 0.378458
  ...
# Subtest: ensureRootScopedOps accepts empty ops array
ok 641 - ensureRootScopedOps accepts empty ops array
  ---
  duration_ms: 0.358125
  ...
# Subtest: normalizeDeltaEnvelope accepts add_node without uid when strict=false (lenient)
ok 642 - normalizeDeltaEnvelope accepts add_node without uid when strict=false (lenient)
  ---
  duration_ms: 0.21575
  ...
# Subtest: normalizeDeltaEnvelope lenient mode still validates op name
ok 643 - normalizeDeltaEnvelope lenient mode still validates op name
  ---
  duration_ms: 0.395042
  ...
# Subtest: normalizeDeltaEnvelope lenient mode still validates entry is object
ok 644 - normalizeDeltaEnvelope lenient mode still validates entry is object
  ---
  duration_ms: 0.248583
  ...
# Subtest: normalizeDeltaEnvelope lenient mode still validates op is non-empty string
ok 645 - normalizeDeltaEnvelope lenient mode still validates op is non-empty string
  ---
  duration_ms: 0.23875
  ...
# Subtest: normalizeDeltaEnvelope rejects object without schema_version or ops
ok 646 - normalizeDeltaEnvelope rejects object without schema_version or ops
  ---
  duration_ms: 0.479125
  ...
# Subtest: DELTA_DIAGNOSTIC_CODES includes all seven diagnostic codes
ok 647 - DELTA_DIAGNOSTIC_CODES includes all seven diagnostic codes
  ---
  duration_ms: 0.21625
  ...
# Subtest: individual delta diagnostic constants match Python values
ok 648 - individual delta diagnostic constants match Python values
  ---
  duration_ms: 0.132417
  ...
# Subtest: normalizeDeltaEnvelope rejects corrupted envelope with non-object ops entry
ok 649 - normalizeDeltaEnvelope rejects corrupted envelope with non-object ops entry
  ---
  duration_ms: 0.193375
  ...
# Subtest: normalizeDeltaEnvelope lenient mode still validates each entry is an object
ok 650 - normalizeDeltaEnvelope lenient mode still validates each entry is an object
  ---
  duration_ms: 0.247166
  ...
# Subtest: normalizeDeltaEnvelope rejects truncated envelope with null schema_version
ok 651 - normalizeDeltaEnvelope rejects truncated envelope with null schema_version
  ---
  duration_ms: 0.155917
  ...
# Subtest: normalizeDeltaEnvelope rejects truncated envelope with missing schema_version key
ok 652 - normalizeDeltaEnvelope rejects truncated envelope with missing schema_version key
  ---
  duration_ms: 0.119916
  ...
# Subtest: normalizeDeltaEnvelope accepts empty ops array
ok 653 - normalizeDeltaEnvelope accepts empty ops array
  ---
  duration_ms: 0.204916
  ...
# Subtest: normalizeDeltaEnvelope rejects null ops
ok 654 - normalizeDeltaEnvelope rejects null ops
  ---
  duration_ms: 0.304083
  ...
# Subtest: readDeltaEnvelope extracts cumulative delta from accepted_batch
ok 655 - readDeltaEnvelope extracts cumulative delta from accepted_batch
  ---
  duration_ms: 0.240458
  ...
# Subtest: readDeltaEnvelope returns null for absent accepted_batch
ok 656 - readDeltaEnvelope returns null for absent accepted_batch
  ---
  duration_ms: 0.239458
  ...
# Subtest: normalizeDeltaEnvelope produces deterministic output for replay comparison
ok 657 - normalizeDeltaEnvelope produces deterministic output for replay comparison
  ---
  duration_ms: 0.276041
  ...
# Subtest: normalizeDeltaEnvelope produces different output for different payloads
ok 658 - normalizeDeltaEnvelope produces different output for different payloads
  ---
  duration_ms: 0.789958
  ...
# Subtest: normalizeDeltaEnvelope treats reordered ops as replay mismatch
ok 659 - normalizeDeltaEnvelope treats reordered ops as replay mismatch
  ---
  duration_ms: 0.167416
  ...
# Subtest: browser canonical hash authority does not import Node-only builtins
ok 660 - browser canonical hash authority does not import Node-only builtins
  ---
  duration_ms: 23.424541
  ...
# Subtest: browser-compatible SHA-256 matches standard UTF-8 vectors
ok 661 - browser-compatible SHA-256 matches standard UTF-8 vectors
  ---
  duration_ms: 4.945125
  ...
# Subtest: session canonical JSON preserves lexical ordering for integer-like keys
ok 662 - session canonical JSON preserves lexical ordering for integer-like keys
  ---
  duration_ms: 1.135916
  ...
# Subtest: session canonical JSON matches the Python session payload hash fixture
ok 663 - session canonical JSON matches the Python session payload hash fixture
  ---
  duration_ms: 1.164125
  ...
# Subtest: canonical session comparison does not use locale collation
ok 664 - canonical session comparison does not use locale collation
  ---
  duration_ms: 0.462917
  ...
# Subtest: canonicalizeJsonLike sorts object keys recursively
ok 665 - canonicalizeJsonLike sorts object keys recursively
  ---
  duration_ms: 1.696834
  ...
# Subtest: canonicalizeJsonLike handles empty objects and arrays
ok 666 - canonicalizeJsonLike handles empty objects and arrays
  ---
  duration_ms: 0.216833
  ...
# Subtest: canonicalizeJsonLike preserves null
ok 667 - canonicalizeJsonLike preserves null
  ---
  duration_ms: 0.158333
  ...
# Subtest: canonicalizeJsonLike handles arrays with mixed types
ok 668 - canonicalizeJsonLike handles arrays with mixed types
  ---
  duration_ms: 0.791292
  ...
# Subtest: canonicalizeJsonLike converts Map to plain object with sorted string keys
ok 669 - canonicalizeJsonLike converts Map to plain object with sorted string keys
  ---
  duration_ms: 0.724167
  ...
# Subtest: canonicalizeJsonLike converts Set to sorted array
ok 670 - canonicalizeJsonLike converts Set to sorted array
  ---
  duration_ms: 10.990042
  ...
# Subtest: canonicalJsonString produces compact JSON with sorted keys
ok 671 - canonicalJsonString produces compact JSON with sorted keys
  ---
  duration_ms: 2.17225
  ...
# Subtest: canonicalJsonString escapes non-ASCII characters
ok 672 - canonicalJsonString escapes non-ASCII characters
  ---
  duration_ms: 2.027833
  ...
# Subtest: canonicalJsonString handles supplementary Unicode (emoji)
ok 673 - canonicalJsonString handles supplementary Unicode (emoji)
  ---
  duration_ms: 0.528916
  ...
# Subtest: positions fixture canonicalizes deterministically
ok 674 - positions fixture canonicalizes deterministically
  ---
  duration_ms: 1.029833
  ...
# Subtest: positions fixture hash is stable
ok 675 - positions fixture hash is stable
  ---
  duration_ms: 2.690167
  ...
# Subtest: sizes fixture handles integer and float sizes
ok 676 - sizes fixture handles integer and float sizes
  ---
  duration_ms: 0.657042
  ...
# Subtest: groups fixture canonicalizes nested group objects
ok 677 - groups fixture canonicalizes nested group objects
  ---
  duration_ms: 1.269042
  ...
# Subtest: groups fixture hash is stable across key-order permutations
ok 678 - groups fixture hash is stable across key-order permutations
  ---
  duration_ms: 1.246166
  ...
# Subtest: colors fixture handles hex color strings
ok 679 - colors fixture handles hex color strings
  ---
  duration_ms: 1.086958
  ...
# Subtest: flags fixture preserves boolean values correctly
ok 680 - flags fixture preserves boolean values correctly
  ---
  duration_ms: 0.41125
  ...
# Subtest: flags fixture hash is stable
ok 681 - flags fixture hash is stable
  ---
  duration_ms: 1.016416
  ...
# Subtest: key-order variation: different insertion order produces identical canonical JSON
ok 682 - key-order variation: different insertion order produces identical canonical JSON
  ---
  duration_ms: 0.607583
  ...
# Subtest: key-order variation: different insertion order produces identical hash
ok 683 - key-order variation: different insertion order produces identical hash
  ---
  duration_ms: 1.670834
  ...
# Subtest: key-order variation: deeply nested objects
ok 684 - key-order variation: deeply nested objects
  ---
  duration_ms: 0.566084
  ...
# Subtest: full plan fixture produces valid canonical JSON
ok 685 - full plan fixture produces valid canonical JSON
  ---
  duration_ms: 1.675542
  ...
# Subtest: full plan fixture hash is 64 hex characters
ok 686 - full plan fixture hash is 64 hex characters
  ---
  duration_ms: 1.194459
  ...
# Subtest: non-ASCII fixture escapes Unicode characters
ok 687 - non-ASCII fixture escapes Unicode characters
  ---
  duration_ms: 1.159625
  ...
# Subtest: non-ASCII fixture produces stable hash
ok 688 - non-ASCII fixture produces stable hash
  ---
  duration_ms: 0.947291
  ...
# Subtest: mixed types fixture handles all JSON primitives
ok 689 - mixed types fixture handles all JSON primitives
  ---
  duration_ms: 0.427042
  ...
# Subtest: large integer fixture preserves 64-bit safe integers exactly
ok 690 - large integer fixture preserves 64-bit safe integers exactly
  ---
  duration_ms: 0.406042
  ...
# Subtest: canonicalJsonBytes returns Uint8Array of UTF-8 encoded canonical JSON
ok 691 - canonicalJsonBytes returns Uint8Array of UTF-8 encoded canonical JSON
  ---
  duration_ms: 2.005583
  ...
# Subtest: sha256HexFromString matches sha256Hex for same data
ok 692 - sha256HexFromString matches sha256Hex for same data
  ---
  duration_ms: 1.201584
  ...
# Subtest: determinism: repeated hashing of same data produces identical results
ok 693 - determinism: repeated hashing of same data produces identical results
  ---
  duration_ms: 9.279792
  ...
# Subtest: edge case: undefined values are handled
ok 694 - edge case: undefined values are handled
  ---
  duration_ms: 0.259042
  ...
# Subtest: edge case: very deeply nested objects are handled
ok 695 - edge case: very deeply nested objects are handled
  ---
  duration_ms: 1.839958
  ...
# Subtest: plan hash matches Python golden values for position fixture
ok 696 - plan hash matches Python golden values for position fixture
  ---
  duration_ms: 0.458959
  ...
# Subtest: round-trip: canonicalizeJsonLike of a plain object is JSON-parseable from canonicalJsonString
ok 697 - round-trip: canonicalizeJsonLike of a plain object is JSON-parseable from canonicalJsonString
  ---
  duration_ms: 0.25175
  ...
# Subtest: chat transport and canonical-ingestion functions retain their S14 owners
ok 698 - chat transport and canonical-ingestion functions retain their S14 owners
  ---
  duration_ms: 20.449167
  ...
# Subtest: roundtrip hands normalized chat payloads to lifecycle ingestion
ok 699 - roundtrip hands normalized chat payloads to lifecycle ingestion
  ---
  duration_ms: 2.301416
  ...
# Subtest: the four chat-boundary functions have no duplicate definitions in web modules
ok 700 - the four chat-boundary functions have no duplicate definitions in web modules
  ---
  duration_ms: 498.324
  ...
# Subtest: lifecycle ingest projects a snake_case chat payload into canonical messages
ok 701 - lifecycle ingest projects a snake_case chat payload into canonical messages
  ---
  duration_ms: 5.591125
  ...
# Subtest: aliases: the transport normalizer's exact snake/camel table and precedence stay pinned
ok 702 - aliases: the transport normalizer's exact snake/camel table and precedence stay pinned
  ---
  duration_ms: 20.44725
  ...
# Subtest: aliases: a snake_case wire payload reaches canonical lifecycle state
ok 703 - aliases: a snake_case wire payload reaches canonical lifecycle state
  ---
  duration_ms: 1515.451375
  ...
# Subtest: aliases: camelCase wins when both top-level and lifecycle aliases are present
ok 704 - aliases: camelCase wins when both top-level and lifecycle aliases are present
  ---
  duration_ms: 1336.767791
  ...
# Subtest: field-changes: every supported source and fieldPath alias maps to the canonical bundle
ok 705 - field-changes: every supported source and fieldPath alias maps to the canonical bundle
  ---
  duration_ms: 4.430667
  ...
# Subtest: field-changes: all compacts net changes by uid and field_path without rewriting source buckets
ok 706 - field-changes: all compacts net changes by uid and field_path without rewriting source buckets
  ---
  duration_ms: 0.690625
  ...
# Subtest: field-changes: empty, malformed, and missing-field inputs fail closed
ok 707 - field-changes: empty, malformed, and missing-field inputs fail closed
  ---
  duration_ms: 1.611875
  ...
# Subtest: ingestion e2e: fresh projection preserves order and commits only canonical transcript fields
ok 708 - ingestion e2e: fresh projection preserves order and commits only canonical transcript fields
  ---
  duration_ms: 18.359708
  ...
# Subtest: ingestion e2e: overlapping submit rehydrate suppresses identity matches and is idempotent
ok 709 - ingestion e2e: overlapping submit rehydrate suppresses identity matches and is idempotent
  ---
  duration_ms: 15.134083
  ...
# Subtest: ingestion e2e: terminal lifecycle disposition clears candidate authority and disables every gate
ok 710 - ingestion e2e: terminal lifecycle disposition clears candidate authority and disables every gate
  ---
  duration_ms: 1.017375
  ...
# Subtest: ingestion e2e: malformed raw transport data preserves the existing canonical conversation
ok 711 - ingestion e2e: malformed raw transport data preserves the existing canonical conversation
  ---
  duration_ms: 1302.755208
  ...
# Subtest: boundary: transport normalizers stay roundtrip-owned and ingest stays lifecycle-owned
ok 712 - boundary: transport normalizers stay roundtrip-owned and ingest stays lifecycle-owned
  ---
  duration_ms: 7.745583
  ...
# Subtest: comfy_adapter owns intent/exec normalization and roundtrip only delegates
ok 713 - comfy_adapter owns intent/exec normalization and roundtrip only delegates
  ---
  duration_ms: 14.084375
  ...
# Subtest: adapter normalization preserves the existing intent and exec IO shapes
ok 714 - adapter normalization preserves the existing intent and exec IO shapes
  ---
  duration_ms: 189.848458
  ...
# Subtest: adapter exec-node normalization repairs IO without cloning dynamic slots
ok 715 - adapter exec-node normalization repairs IO without cloning dynamic slots
  ---
  duration_ms: 119.949208
  ...
# Subtest: R:S11 clone/method-injection helpers remain roundtrip-owned
ok 716 - R:S11 clone/method-injection helpers remain roundtrip-owned
  ---
  duration_ms: 21.959834
  ...
# Subtest: deep_plain deep-copies nested plain objects and arrays recursively
ok 717 - deep_plain deep-copies nested plain objects and arrays recursively
  ---
  duration_ms: 3.510125
  ...
# Subtest: deep_plain clone is independent of the source (later source mutation does not leak in)
ok 718 - deep_plain clone is independent of the source (later source mutation does not leak in)
  ---
  duration_ms: 0.470916
  ...
# Subtest: deep_plain returns primitives, null, undefined, functions and symbols unchanged at top level
ok 719 - deep_plain returns primitives, null, undefined, functions and symbols unchanged at top level
  ---
  duration_ms: 2.290291
  ...
# Subtest: deep_plain passes primitives, null, undefined, functions and symbol values through nested objects unchanged
ok 720 - deep_plain passes primitives, null, undefined, functions and symbol values through nested objects unchanged
  ---
  duration_ms: 0.859
  ...
# Subtest: deep_plain passes special values through arrays unchanged
ok 721 - deep_plain passes special values through arrays unchanged
  ---
  duration_ms: 0.2865
  ...
# Subtest: deep_plain drops symbol keys
ok 722 - deep_plain drops symbol keys
  ---
  duration_ms: 0.206792
  ...
# Subtest: deep_plain drops symbol keys in nested objects too
ok 723 - deep_plain drops symbol keys in nested objects too
  ---
  duration_ms: 0.895792
  ...
# Subtest: deep_plain drops non-enumerable properties
ok 724 - deep_plain drops non-enumerable properties
  ---
  duration_ms: 1.356375
  ...
# Subtest: deep_plain discards prototypes (inherited properties are dropped, output is plain)
ok 725 - deep_plain discards prototypes (inherited properties are dropped, output is plain)
  ---
  duration_ms: 1.758709
  ...
# Subtest: deep_plain re-clones the same object appearing twice in an object
ok 726 - deep_plain re-clones the same object appearing twice in an object
  ---
  duration_ms: 0.846042
  ...
# Subtest: deep_plain re-clones the same object appearing twice in an array (no throw, distinct copies)
ok 727 - deep_plain re-clones the same object appearing twice in an array (no throw, distinct copies)
  ---
  duration_ms: 0.363791
  ...
# Subtest: deep_plain throws TypeError on a self-referential object cycle
ok 728 - deep_plain throws TypeError on a self-referential object cycle
  ---
  duration_ms: 162.299458
  ...
# Subtest: deep_plain throws TypeError on a deep back-edge cycle
ok 729 - deep_plain throws TypeError on a deep back-edge cycle
  ---
  duration_ms: 1.861708
  ...
# Subtest: deep_plain throws TypeError on a cycle inside an array
ok 730 - deep_plain throws TypeError on a cycle inside an array
  ---
  duration_ms: 0.971292
  ...
# Subtest: deep_plain throws TypeError on a cycle nested under a value that passed through
ok 731 - deep_plain throws TypeError on a cycle nested under a value that passed through
  ---
  duration_ms: 17.512666
  ...
# Subtest: deep_plain output is a plain structural copy (prototypes are the plain defaults)
ok 732 - deep_plain output is a plain structural copy (prototypes are the plain defaults)
  ---
  duration_ms: 2.452833
  ...
# Subtest: deep_plain does not alias the source at any level (identity independence only, no freeze dependence)
ok 733 - deep_plain does not alias the source at any level (identity independence only, no freeze dependence)
  ---
  duration_ms: 0.350791
  ...
# Subtest: deep_plain preserves an own __proto__ data key as an own key (clone prototype stays Object.prototype)
ok 734 - deep_plain preserves an own __proto__ data key as an own key (clone prototype stays Object.prototype)
  ---
  duration_ms: 1.872875
  ...
# Subtest: deep_plain deep-copies a nested object carrying an own __proto__ data key (independent + preserved)
ok 735 - deep_plain deep-copies a nested object carrying an own __proto__ data key (independent + preserved)
  ---
  duration_ms: 0.312292
  ...
# Subtest: diagnostics consumers cannot overwrite each other's download dependency
ok 736 - diagnostics consumers cannot overwrite each other's download dependency
  ---
  duration_ms: 71.766708
  ...
# Subtest: submit-flow consumers cannot overwrite each other's watchdog state or panel maps
ok 737 - submit-flow consumers cannot overwrite each other's watchdog state or panel maps
  ---
  duration_ms: 0.413875
  ...
# Subtest: render gateways are runtime-scoped across two panel consumers
ok 738 - render gateways are runtime-scoped across two panel consumers
  ---
  duration_ms: 114.510083
  ...
# Subtest: VibeComfy sanitizes dangling and duplicate serialized links before agent handoff
ok 739 - VibeComfy sanitizes dangling and duplicate serialized links before agent handoff
  ---
  duration_ms: 1338.698167
  ...
# Subtest: VibeComfy applyTypedSocketLabelsLabelOnly writes slot.label but preserves slot.name (in_i for serialization)
ok 740 - VibeComfy applyTypedSocketLabelsLabelOnly writes slot.label but preserves slot.name (in_i for serialization)
  ---
  duration_ms: 1272.174125
  ...
# Subtest: VibeComfy applyTypedSocketLabelsLabelOnly is safe on null/missing arrays
ok 741 - VibeComfy applyTypedSocketLabelsLabelOnly is safe on null/missing arrays
  ---
  duration_ms: 1327.337083
  ...
# Subtest: VibeComfy applyTypedSocketLabelsLabelOnly preserves out_i slot names
ok 742 - VibeComfy applyTypedSocketLabelsLabelOnly preserves out_i slot names
  ---
  duration_ms: 1405.322
  ...
# Subtest: VibeComfy computePreviewDiff carries a trimmed exec preview graph without mutating the candidate graph
ok 743 - VibeComfy computePreviewDiff carries a trimmed exec preview graph without mutating the candidate graph
  ---
  duration_ms: 1467.54825
  ...
# Subtest: VibeComfy normalizeForApply preserves exec links when io widget is empty
ok 744 - VibeComfy normalizeForApply preserves exec links when io widget is empty
  ---
  duration_ms: 899.047333
  ...
# Subtest: VibeComfy repair restores empty-io exec links into Map-backed live link stores
ok 745 - VibeComfy repair restores empty-io exec links into Map-backed live link stores
  ---
  duration_ms: 643.607709
  ...
# Subtest: VibeComfy applyTypedSocketLabelsLabelOnly labels only up to typedEntries.length
ok 746 - VibeComfy applyTypedSocketLabelsLabelOnly labels only up to typedEntries.length
  ---
  duration_ms: 596.762791
  ...
# Subtest: VibeComfy dynamic-IO code node decoration preserves in_i/out_i names, sets labels, hides unused pool slots
ok 747 - VibeComfy dynamic-IO code node decoration preserves in_i/out_i names, sets labels, hides unused pool slots
  ---
  duration_ms: 630.447417
  ...
# Subtest: VibeComfy non-dynamic-IO loop node still uses applyTypedSocketLabels (name=label)
ok 748 - VibeComfy non-dynamic-IO loop node still uses applyTypedSocketLabels (name=label)
  ---
  duration_ms: 812.16675
  ...
# Subtest: VibeComfy dynamic-IO detection uses class_type (vibecomfy.code) — all code nodes are dynamic-IO regardless of comfyClass
ok 749 - VibeComfy dynamic-IO detection uses class_type (vibecomfy.code) — all code nodes are dynamic-IO regardless of comfyClass
  ---
  duration_ms: 2015.986375
  ...
# Subtest: VibeComfy exec nodes derive dynamic IO from widgets_values and hide unused pool slots
ok 750 - VibeComfy exec nodes derive dynamic IO from widgets_values and hide unused pool slots
  ---
  duration_ms: 665.819708
  ...
# Subtest: VibeComfy exec nodes accept name-to-type dict in io widget
ok 751 - VibeComfy exec nodes accept name-to-type dict in io widget
  ---
  duration_ms: 892.389125
  ...
# Subtest: VibeComfy exec serialization repair restores missing io from typed socket labels
ok 752 - VibeComfy exec serialization repair restores missing io from typed socket labels
  ---
  duration_ms: 1878.592125
  ...
# Subtest: VibeComfy candidate graph preparation trims stale exec port pools before preview
ok 753 - VibeComfy candidate graph preparation trims stale exec port pools before preview
  ---
  duration_ms: 903.048292
  ...
# Subtest: VibeComfy live graph repair restores exec input links dropped by ComfyUI configure
ok 754 - VibeComfy live graph repair restores exec input links dropped by ComfyUI configure
  ---
  duration_ms: 583.890792
  ...
# Subtest: VibeComfy loadGraphData fallback repairs dynamic exec links after async ComfyUI import
ok 755 - VibeComfy loadGraphData fallback repairs dynamic exec links after async ComfyUI import
  ---
  duration_ms: 595.681
  ...
# Subtest: VibeComfy full lifecycle (display→serialize→apply→repair) preserves dynamic-IO shape and uses proper prototypes
ok 756 - VibeComfy full lifecycle (display→serialize→apply→repair) preserves dynamic-IO shape and uses proper prototypes
  ---
  duration_ms: 669.275292
  ...
# Subtest: Family B: cloneDynamicSlot JSON round-trip drops undefined/functions and injects non-enumerable serialize with in_i/out_i naming
ok 757 - Family B: cloneDynamicSlot JSON round-trip drops undefined/functions and injects non-enumerable serialize with in_i/out_i naming
  ---
  duration_ms: 624.684208
  ...
# Subtest: Family B: liveLinkRecord injects live methods and keeps a JSON-clean 6-tuple serialization contract
ok 758 - Family B: liveLinkRecord injects live methods and keeps a JSON-clean 6-tuple serialization contract
  ---
  duration_ms: 626.863542
  ...
# Subtest: Family B: re-clone of live exec slots preserves in_i/out_i naming and re-establishes injected serialize
ok 759 - Family B: re-clone of live exec slots preserves in_i/out_i naming and re-establishes injected serialize
  ---
  duration_ms: 515.785208
  ...
# Subtest: every shipped frontend module stays directly browser-resolvable
ok 760 - every shipped frontend module stays directly browser-resolvable
  ---
  duration_ms: 840.742292
  ...
# Subtest: vibecomfy_roundtrip keeps status and settings/provider-test ownership delegated
ok 761 - vibecomfy_roundtrip keeps status and settings/provider-test ownership delegated
  ---
  duration_ms: 100.801167
  ...
# Subtest: vibecomfy_roundtrip keeps composer and candidate selector ownership delegated
ok 762 - vibecomfy_roundtrip keeps composer and candidate selector ownership delegated
  ---
  duration_ms: 190.479875
  ...
# Subtest: vibecomfy_roundtrip keeps research contribution status wrappers delegated
ok 763 - vibecomfy_roundtrip keeps research contribution status wrappers delegated
  ---
  duration_ms: 2.138334
  ...
# Subtest: vibecomfy_roundtrip keeps thread detail builders delegated
ok 764 - vibecomfy_roundtrip keeps thread detail builders delegated
  ---
  duration_ms: 18.00125
  ...
# Subtest: vibecomfy_roundtrip render dispatch uses composer wrappers instead of duplicate deps
ok 765 - vibecomfy_roundtrip render dispatch uses composer wrappers instead of duplicate deps
  ---
  duration_ms: 8.258667
  ...
# Subtest: frontend render diagnostics are panel-affine and have no runtime-global mirror
ok 766 - frontend render diagnostics are panel-affine and have no runtime-global mirror
  ---
  duration_ms: 2.691708
  ...
# Subtest: panel_composer developer renderer preserves constructed DOM
ok 767 - panel_composer developer renderer preserves constructed DOM
  ---
  duration_ms: 1.293125
  ...
# Subtest: canonical frontend owners expose the expected public APIs
ok 768 - canonical frontend owners expose the expected public APIs
  ---
  duration_ms: 0.911292
  ...
# Subtest: canonical route policy keeps DeepSeek as a distinct provider route
ok 769 - canonical route policy keeps DeepSeek as a distinct provider route
  ---
  duration_ms: 0.405792
  ...
# Subtest: browser structural projection matches the Python session authority fixture
ok 770 - browser structural projection matches the Python session authority fixture
  ---
  duration_ms: 8.43575
  ...
# Subtest: exec Apply verification ignores the duplicate dynamic-IO widget representation
ok 771 - exec Apply verification ignores the duplicate dynamic-IO widget representation
  ---
  duration_ms: 1.992208
  ...
# Subtest: layout projection ignores compiler-only group membership and preserves duplicate titles
ok 772 - layout projection ignores compiler-only group membership and preserves duplicate titles
  ---
  duration_ms: 0.954
  ...
# Subtest: layout projection rejects nested scopes the browser adapter cannot apply
ok 773 - layout projection rejects nested scopes the browser adapter cannot apply
  ---
  duration_ms: 0.872541
  ...
# Subtest: incident a66422e6 survives native group normalization under layout_v1
ok 774 - incident a66422e6 survives native group normalization under layout_v1
  ---
  duration_ms: 57.068416
  ...
# Subtest: /Users/peteromalley/Documents/reigh-workspace/vibecomfy-oracle-onboard/tests/browser/harness.mjs
ok 25 - /Users/peteromalley/Documents/reigh-workspace/vibecomfy-oracle-onboard/tests/browser/harness.mjs
  ---
  duration_ms: 89.484083
  ...
# Subtest: the production manifest is the canonical set of staged web modules
ok 776 - the production manifest is the canonical set of staged web modules
  ---
  duration_ms: 2.075791
  ...
# Subtest: the staging manifest contains every distributable web source module
ok 777 - the staging manifest contains every distributable web source module
  ---
  duration_ms: 10.049584
  ...
# Subtest: the two C1 transitive dependencies are present in the staging manifest
ok 778 - the two C1 transitive dependencies are present in the staging manifest
  ---
  duration_ms: 0.33575
  ...
# Subtest: transitive dependency closure of the production manifest is complete
ok 779 - transitive dependency closure of the production manifest is complete
  ---
  duration_ms: 511.569709
  ...
# Subtest: closure is verified starting from EVERY staged entry module
ok 780 - closure is verified starting from EVERY staged entry module
  ---
  duration_ms: 10443.571667
  ...
# Subtest: closure reaches the C1 modules through prepared_authority_v1.js
ok 781 - closure reaches the C1 modules through prepared_authority_v1.js
  ---
  duration_ms: 16.551541
  ...
# Subtest: missing transitive dep yields a precise missing-staged-module diagnostic
ok 782 - missing transitive dep yields a precise missing-staged-module diagnostic
  ---
  duration_ms: 143.13025
  ...
# Subtest: missing source file yields a precise missing-source diagnostic
ok 783 - missing source file yields a precise missing-source diagnostic
  ---
  duration_ms: 116.175959
  ...
# Subtest: undeclared bare import is rejected with a precise diagnostic
ok 784 - undeclared bare import is rejected with a precise diagnostic
  ---
  duration_ms: 97.142708
  ...
# Subtest: declared bare import is accepted (explicit allowlist path)
ok 785 - declared bare import is accepted (explicit allowlist path)
  ---
  duration_ms: 19.852875
  ...
# Subtest: undeclared external relative import is rejected with a precise diagnostic
ok 786 - undeclared external relative import is rejected with a precise diagnostic
  ---
  duration_ms: 16.893959
  ...
# Subtest: allowlisted external relative imports (scripts/app.js, scripts/api.js) are accepted
ok 787 - allowlisted external relative imports (scripts/app.js, scripts/api.js) are accepted
  ---
  duration_ms: 0.599125
  ...
# Subtest: _collectImportSpecifiers splits relative and bare specifiers and ignores comments
ok 788 - _collectImportSpecifiers splits relative and bare specifiers and ignores comments
  ---
  duration_ms: 0.607292
  ...
# Subtest: module contract version is exported and frozen
ok 789 - module contract version is exported and frozen
  ---
  duration_ms: 3.4965
  ...
# Subtest: importing and constructing the factory does not require browser globals
ok 790 - importing and constructing the factory does not require browser globals
  ---
  duration_ms: 3.053125
  ...
# Subtest: factory returns a frozen object that does not expose the live graph
ok 791 - factory returns a frozen object that does not expose the live graph
  ---
  duration_ms: 1.768625
  ...
# Subtest: missing live graph is typed missing_live_graph
ok 792 - missing live graph is typed missing_live_graph
  ---
  duration_ms: 0.266042
  ...
# Subtest: ambiguous distinct live graphs is typed ambiguous_live_graph
ok 793 - ambiguous distinct live graphs is typed ambiguous_live_graph
  ---
  duration_ms: 0.191292
  ...
# Subtest: identical graph references are deduplicated
ok 794 - identical graph references are deduplicated
  ---
  duration_ms: 0.395333
  ...
# Subtest: unknown scope contract fails before serialize
ok 795 - unknown scope contract fails before serialize
  ---
  duration_ms: 0.166083
  ...
# Subtest: unknown adapter contract fails before serialize
ok 796 - unknown adapter contract fails before serialize
  ---
  duration_ms: 0.42375
  ...
# Subtest: explicit adapter_contract=null fails before serialize
ok 797 - explicit adapter_contract=null fails before serialize
  ---
  duration_ms: 2.379292
  ...
# Subtest: explicit adapter_contract="" fails before serialize
ok 798 - explicit adapter_contract="" fails before serialize
  ---
  duration_ms: 0.358208
  ...
# Subtest: explicit scope_contract=null fails before serialize
ok 799 - explicit scope_contract=null fails before serialize
  ---
  duration_ms: 0.621417
  ...
# Subtest: explicit scope_contract="" fails before serialize
ok 800 - explicit scope_contract="" fails before serialize
  ---
  duration_ms: 0.181584
  ...
# Subtest: explicit scope=null fails before serialize
ok 801 - explicit scope=null fails before serialize
  ---
  duration_ms: 0.249416
  ...
# Subtest: non-root nested scope fails before serialize
ok 802 - non-root nested scope fails before serialize
  ---
  duration_ms: 3.97575
  ...
# Subtest: capture is deeply frozen
ok 803 - capture is deeply frozen
  ---
  duration_ms: 1.959041
  ...
# Subtest: capture is plain data and never exposes live graph objects
ok 804 - capture is plain data and never exposes live graph objects
  ---
  duration_ms: 0.53775
  ...
# Subtest: capture clones; later mutation of serialize output does not affect envelope
ok 805 - capture clones; later mutation of serialize output does not affect envelope
  ---
  duration_ms: 0.41875
  ...
# Subtest: enumerateNodes returns frozen plain nodes and not live node objects
ok 806 - enumerateNodes returns frozen plain nodes and not live node objects
  ---
  duration_ms: 0.950417
  ...
# Subtest: serialize throw is typed serialization_failed
ok 807 - serialize throw is typed serialization_failed
  ---
  duration_ms: 0.5065
  ...
# Subtest: cyclic serialization output fails closed
ok 808 - cyclic serialization output fails closed
  ---
  duration_ms: 3.141375
  ...
# Subtest: diagnostic message and detail are bounded to 512 chars and have no stack
ok 809 - diagnostic message and detail are bounded to 512 chars and have no stack
  ---
  duration_ms: 0.259291
  ...
# Subtest: capabilities reflect available primitives without leaking graph
ok 810 - capabilities reflect available primitives without leaking graph
  ---
  duration_ms: 1.163375
  ...
# Subtest: capabilities fail closed when graph is missing
ok 811 - capabilities fail closed when graph is missing
  ---
  duration_ms: 0.139334
  ...
# Subtest: notifyRevision calls change exactly once
ok 812 - notifyRevision calls change exactly once
  ---
  duration_ms: 0.206584
  ...
# Subtest: captureRevision returns a typed string without serializing
ok 813 - captureRevision returns a typed string without serializing
  ---
  duration_ms: 0.181708
  ...
# Subtest: captureRevision returns null when no native revision token exists
ok 814 - captureRevision returns null when no native revision token exists
  ---
  duration_ms: 0.192167
  ...
# Subtest: notifyRevision without change primitive is revision_unavailable
ok 815 - notifyRevision without change primitive is revision_unavailable
  ---
  duration_ms: 0.425791
  ...
# Subtest: notifyRevision throwing is revision_failed
ok 816 - notifyRevision throwing is revision_failed
  ---
  duration_ms: 0.375208
  ...
# Subtest: repaint prefers graph.setDirtyCanvas then canvas.draw once
ok 817 - repaint prefers graph.setDirtyCanvas then canvas.draw once
  ---
  duration_ms: 0.531666
  ...
# Subtest: repaint falls back to canvas.setDirty when graph dirty is absent
ok 818 - repaint falls back to canvas.setDirty when graph dirty is absent
  ---
  duration_ms: 0.212
  ...
# Subtest: repaint is repaint_unavailable when no dirty or draw primitives exist
ok 819 - repaint is repaint_unavailable when no dirty or draw primitives exist
  ---
  duration_ms: 0.191042
  ...
# Subtest: repaint throw is repaint_failed
ok 820 - repaint throw is repaint_failed
  ---
  duration_ms: 0.495084
  ...
# Subtest: project delegates to projectGraphV1 with frozen result
ok 821 - project delegates to projectGraphV1 with frozen result
  ---
  duration_ms: 3.675917
  ...
# Subtest: projectionReference delegates to projectionReferenceV1
ok 822 - projectionReference delegates to projectionReferenceV1
  ---
  duration_ms: 2.998
  ...
# Subtest: unknown projection preserves its typed code and serializes zero times
ok 823 - unknown projection preserves its typed code and serializes zero times
  ---
  duration_ms: 0.223333
  ...
# Subtest: forbidden projection preserves its typed code and serializes zero times
ok 824 - forbidden projection preserves its typed code and serializes zero times
  ---
  duration_ms: 1.121625
  ...
# Subtest: projection preserves missing_identity instead of flattening it
ok 825 - projection preserves missing_identity instead of flattening it
  ---
  duration_ms: 0.925834
  ...
# Subtest: eb45e fixture is reconstructed from the real incident, not a reduced graph
ok 826 - eb45e fixture is reconstructed from the real incident, not a reduced graph
  ---
  duration_ms: 1.125167
  ...
# Subtest: eb45e fixture provenance pins all four required source SHA-256 digests
ok 827 - eb45e fixture provenance pins all four required source SHA-256 digests
  ---
  duration_ms: 0.288667
  ...
# Subtest: eb45e fixture embeds the small response outcome envelope without the 567KB body
ok 828 - eb45e fixture embeds the small response outcome envelope without the 567KB body
  ---
  duration_ms: 66.599334
  ...
# Subtest: captureNormalized byte-preserves the full 98-node eb45e candidate graph detached and leaves the fixture unchanged
ok 829 - captureNormalized byte-preserves the full 98-node eb45e candidate graph detached and leaves the fixture unchanged
  ---
  duration_ms: 37.97225
  ...
# Subtest: capture rejects an unknown native normalization contract before serializing
ok 830 - capture rejects an unknown native normalization contract before serializing
  ---
  duration_ms: 0.4405
  ...
# Subtest: repeated normalized capture is idempotent and leaves the live store unchanged
ok 831 - repeated normalized capture is idempotent and leaves the live store unchanged
  ---
  duration_ms: 9.945666
  ...
# Subtest: captureDrawSnapshot refuses with missing_identity rather than silently omitting unstamped nodes/groups
ok 832 - captureDrawSnapshot refuses with missing_identity rather than silently omitting unstamped nodes/groups
  ---
  duration_ms: 3.152458
  ...
# Subtest: captureDrawSnapshot returns frozen plain geometry keyed by stable UID when every node/group is stamped
ok 833 - captureDrawSnapshot returns frozen plain geometry keyed by stable UID when every node/group is stamped
  ---
  duration_ms: 4.658958
  ...
# Subtest: captureDrawSnapshot keeps duplicate group titles with distinct IDs valid
ok 834 - captureDrawSnapshot keeps duplicate group titles with distinct IDs valid
  ---
  duration_ms: 0.489542
  ...
# Subtest: captureDrawSnapshot reports ambiguous_identity for duplicate node stable UIDs
ok 835 - captureDrawSnapshot reports ambiguous_identity for duplicate node stable UIDs
  ---
  duration_ms: 0.485208
  ...
# Subtest: captureDrawSnapshot reports ambiguous_identity for duplicate group stable IDs
ok 836 - captureDrawSnapshot reports ambiguous_identity for duplicate group stable IDs
  ---
  duration_ms: 0.572542
  ...
# Subtest: the seven reclassified mutation rows are classified as S4, not S3
ok 837 - the seven reclassified mutation rows are classified as S4, not S3
  ---
  duration_ms: 1.02575
  ...
# Subtest: intent_graph_adapter is the only public live-graph acquisition and repaint owner
ok 838 - intent_graph_adapter is the only public live-graph acquisition and repaint owner
  ---
  duration_ms: 64.055
  ...
# Subtest: slice-2 consumers use the adapter for capture, capability, revision, and repaint
ok 839 - slice-2 consumers use the adapter for capture, capability, revision, and repaint
  ---
  duration_ms: 49.375833
  ...
# Subtest: Markdown ledger is an explicitly non-authoritative view of the machine ledger
ok 840 - Markdown ledger is an explicitly non-authoritative view of the machine ledger
  ---
  duration_ms: 134.736
  ...
# Subtest: every native graph access in the complete production web scope is classified
ok 841 - every native graph access in the complete production web scope is classified
  ---
  duration_ms: 2575.103833
  ...
# Subtest: machine ledger rejects duplicate source mapping and duplicate stable IDs
ok 842 - machine ledger rejects duplicate source mapping and duplicate stable IDs
  ---
  duration_ms: 4.506084
  ...
# Subtest: machine ledger schema is closed and rejects placeholder metadata
ok 843 - machine ledger schema is closed and rejects placeholder metadata
  ---
  duration_ms: 4.023084
  ...
# Subtest: all 81 rows pass semantic anchors and exact invented mutations fail
ok 844 - all 81 rows pass semantic anchors and exact invented mutations fail
  ---
  duration_ms: 51.362417
  ...
# Subtest: inventory sentinel rejects a new access region in an already-listed file
ok 845 - inventory sentinel rejects a new access region in an already-listed file
  ---
  duration_ms: 3.011541
  ...
# Subtest: inventory sentinel rejects a new access inside an existing classified region
ok 846 - inventory sentinel rejects a new access inside an existing classified region
  ---
  duration_ms: 1.485208
  ...
# Subtest: inventory sentinel detects an extra occurrence of an already-classified access kind
ok 847 - inventory sentinel detects an extra occurrence of an already-classified access kind
  ---
  duration_ms: 1.833542
  ...
# Subtest: inventory sentinel detects stale ledger mappings
ok 848 - inventory sentinel detects stale ledger mappings
  ---
  duration_ms: 0.802375
  ...
# Subtest: scanner sentinel detects arbitrary aliases from computed graph acquisition
ok 849 - scanner sentinel detects arbitrary aliases from computed graph acquisition
  ---
  duration_ms: 105.103334
  ...
# Subtest: scanner sentinel follows chained graph aliases to a fixed point
ok 850 - scanner sentinel follows chained graph aliases to a fixed point
  ---
  duration_ms: 96.055708
  ...
# Subtest: scanner sentinel detects destructured graph aliases
ok 851 - scanner sentinel detects destructured graph aliases
  ---
  duration_ms: 1.410833
  ...
# Subtest: scanner sentinel detects group construction/configuration and socket/widget rebuild
ok 852 - scanner sentinel detects group construction/configuration and socket/widget rebuild
  ---
  duration_ms: 0.655833
  ...
# Subtest: scanner excludes pure closed-contract widgets_values normalization from widget_rebuild
ok 853 - scanner excludes pure closed-contract widgets_values normalization from widget_rebuild
  ---
  duration_ms: 1.180208
  ...
# Subtest: scanner still classifies live widget mutation and lookalikes inside a contract module
ok 854 - scanner still classifies live widget mutation and lookalikes inside a contract module
  ---
  duration_ms: 2.441333
  ...
# Subtest: scanner excludes pure envelope inputs/outputs normalization from socket_rebuild but keeps imperative calls
ok 855 - scanner excludes pure envelope inputs/outputs normalization from socket_rebuild but keeps imperative calls
  ---
  duration_ms: 0.895292
  ...
# Subtest: scanner sentinel detects stable identity, native normalization, and canvas invalidation
ok 856 - scanner sentinel detects stable identity, native normalization, and canvas invalidation
  ---
  duration_ms: 0.586958
  ...
# Subtest: preflight succeeds with a real valid prepared authority and asserts current
ok 857 - preflight succeeds with a real valid prepared authority and asserts current
  ---
  duration_ms: 15.329958
  ...
# Subtest: rejects each missing fence key
ok 858 - rejects each missing fence key
  ---
  duration_ms: 52.432834
  ...
# Subtest: rejects unknown/extra fence keys
ok 859 - rejects unknown/extra fence keys
  ---
  duration_ms: 10.983833
  ...
# Subtest: rejects each mismatched authority-bound fence dimension
ok 860 - rejects each mismatched authority-bound fence dimension
  ---
  duration_ms: 44.706834
  ...
# Subtest: rejects each mismatched live-fence dimension
ok 861 - rejects each mismatched live-fence dimension
  ---
  duration_ms: 15.4975
  ...
# Subtest: apply_epoch and scope_activation_epoch are independent and may differ from each other
ok 862 - apply_epoch and scope_activation_epoch are independent and may differ from each other
  ---
  duration_ms: 1.895541
  ...
# Subtest: assertFenceCurrent rejects a forged receipt
ok 863 - assertFenceCurrent rejects a forged receipt
  ---
  duration_ms: 0.441
  ...
# Subtest: assertFenceCurrent rejects a receipt minted by another instance
ok 864 - assertFenceCurrent rejects a receipt minted by another instance
  ---
  duration_ms: 1.458
  ...
# Subtest: assertFenceCurrent rejects when the live graph reference has switched
ok 865 - assertFenceCurrent rejects when the live graph reference has switched
  ---
  duration_ms: 1.181541
  ...
# Subtest: rejects nested scope before graph acquisition
ok 866 - rejects nested scope before graph acquisition
  ---
  duration_ms: 0.813833
  ...
# Subtest: rejects non-detachable precondition evidence (live object, cyclic)
ok 867 - rejects non-detachable precondition evidence (live object, cyclic)
  ---
  duration_ms: 1.816209
  ...
# Subtest: rejects malformed resolver output
ok 868 - rejects malformed resolver output
  ---
  duration_ms: 2.252458
  ...
# Subtest: returned evidence is deeply frozen and detached from source
ok 869 - returned evidence is deeply frozen and detached from source
  ---
  duration_ms: 1.8525
  ...
# Subtest: returned evidence leaks no graph, privateState, or live-fence reference
ok 870 - returned evidence leaks no graph, privateState, or live-fence reference
  ---
  duration_ms: 2.586167
  ...
# Subtest: the core never invokes a graph mutation primitive
ok 871 - the core never invokes a graph mutation primitive
  ---
  duration_ms: 1.717708
  ...
# Subtest: factory rejects missing or non-function dependencies
ok 872 - factory rejects missing or non-function dependencies
  ---
  duration_ms: 1.036625
  ...
# Subtest: wrong-type fence values and preflight inputs reject before acquisition
ok 873 - wrong-type fence values and preflight inputs reject before acquisition
  ---
  duration_ms: 8.400083
  ...
# Subtest: wrong-type preparedAuthority and externallyMintedFence reject before acquisition
ok 874 - wrong-type preparedAuthority and externallyMintedFence reject before acquisition
  ---
  duration_ms: 1.716709
  ...
# Subtest: stale live-fence dimension after mint rejects with live_fence_mismatch per key
ok 875 - stale live-fence dimension after mint rejects with live_fence_mismatch per key
  ---
  duration_ms: 15.080292
  ...
# Subtest: module namespace exports exactly createIntentGraphReceiptCore
ok 876 - module namespace exports exactly createIntentGraphReceiptCore
  ---
  duration_ms: 0.717791
  ...
# Subtest: inverse-relation golden: structural cases
ok 877 - inverse-relation golden: structural cases
  ---
  duration_ms: 13.002167
  ...
# Subtest: inverse-relation golden: layout cases
ok 878 - inverse-relation golden: layout cases
  ---
  duration_ms: 0.468334
  ...
# Subtest: empty forward and inverse is valid
ok 879 - empty forward and inverse is valid
  ---
  duration_ms: 1.215416
  ...
# Subtest: empty inverse with forward is unrelated
ok 880 - empty inverse with forward is unrelated
  ---
  duration_ms: 2.7225
  ...
# Subtest: unrelated inverse shares no identity
ok 881 - unrelated inverse shares no identity
  ---
  duration_ms: 0.613417
  ...
# Subtest: inverse_delta_v2 binds exact rewire prior state
ok 882 - inverse_delta_v2 binds exact rewire prior state
  ---
  duration_ms: 215.187084
  ...
# Subtest: inverse_delta_v2 requires exact remove_link witness coverage
ok 883 - inverse_delta_v2 requires exact remove_link witness coverage
  ---
  duration_ms: 35.080042
  ...
# Subtest: inverse_delta_v2 rejects wrong prior source
ok 884 - inverse_delta_v2 rejects wrong prior source
  ---
  duration_ms: 4.68125
  ...
# Subtest: inverse_delta_v2 rejects forward digest transplant
ok 885 - inverse_delta_v2 rejects forward digest transplant
  ---
  duration_ms: 5.055667
  ...
# Subtest: inverse_delta_v2 outer digest binds witness payload
ok 886 - inverse_delta_v2 outer digest binds witness payload
  ---
  duration_ms: 5.550041
  ...
# Subtest: layout_operation golden positive cases produce pinned digests
ok 887 - layout_operation golden positive cases produce pinned digests
  ---
  duration_ms: 42.764708
  ...
# Subtest: layout_operation op names are exactly four
ok 888 - layout_operation op names are exactly four
  ---
  duration_ms: 14.515625
  ...
# Subtest: layout_operation numeric normalisation produces JS-compatible preimages
ok 889 - layout_operation numeric normalisation produces JS-compatible preimages
  ---
  duration_ms: 1.727875
  ...
# Subtest: layout_operation a66422e6 regression anchor pins three separate digests
ok 890 - layout_operation a66422e6 regression anchor pins three separate digests
  ---
  duration_ms: 16.2965
  ...
# Subtest: layout_operation negative cases fail closed with exact codes
ok 891 - layout_operation negative cases fail closed with exact codes
  ---
  duration_ms: 1.206833
  ...
# Subtest: layout_operation unknown contract version fails closed
ok 892 - layout_operation unknown contract version fails closed
  ---
  duration_ms: 0.413208
  ...
# Subtest: layout_operation duplicate identity within a class fails closed
ok 893 - layout_operation duplicate identity within a class fails closed
  ---
  duration_ms: 0.368
  ...
# Subtest: layout_operation cross-class same id is allowed
ok 894 - layout_operation cross-class same id is allowed
  ---
  duration_ms: 0.498791
  ...
# Subtest: layout_operation non-finite geometry fails closed (JS inline)
ok 895 - layout_operation non-finite geometry fails closed (JS inline)
  ---
  duration_ms: 0.613375
  ...
# Subtest: layout_operation boolean and unsafe-integer geometry fail with non_canonical_number (cross-language)
ok 896 - layout_operation boolean and unsafe-integer geometry fail with non_canonical_number (cross-language)
  ---
  duration_ms: 1.144584
  ...
# Subtest: layout_operation safe-integer boundary (2^53-1) remains canonical (cross-language)
ok 897 - layout_operation safe-integer boundary (2^53-1) remains canonical (cross-language)
  ---
  duration_ms: 0.54025
  ...
# Subtest: valid legacy v0_legacy authority migrates to candidate_authority_v1
ok 898 - valid legacy v0_legacy authority migrates to candidate_authority_v1
  ---
  duration_ms: 258.168417
  ...
# Subtest: migration is deterministic: same input always yields same output
ok 899 - migration is deterministic: same input always yields same output
  ---
  duration_ms: 2.141375
  ...
# Subtest: migration does not mutate the frozen persisted fixture
ok 900 - migration does not mutate the frozen persisted fixture
  ---
  duration_ms: 0.650167
  ...
# Subtest: valid legacy fixture normalizes through the load boundary and Apply remains true
ok 901 - valid legacy fixture normalizes through the load boundary and Apply remains true
  ---
  duration_ms: 7.804333
  ...
# Subtest: baseline_snapshot_v1 legacy restoration migrates via ref digest
ok 902 - baseline_snapshot_v1 legacy restoration migrates via ref digest
  ---
  duration_ms: 1.325583
  ...
# Subtest: migrated legacy authority passes strict validateCandidateAuthorityV1
ok 903 - migrated legacy authority passes strict validateCandidateAuthorityV1
  ---
  duration_ms: 2.152417
  ...
# Subtest: migrated legacy transaction passes strict validateCandidateTransactionV2
ok 904 - migrated legacy transaction passes strict validateCandidateTransactionV2
  ---
  duration_ms: 2.256333
  ...
# Subtest: normalized legacy transaction's restoration digest matches strict recomputation
ok 905 - normalized legacy transaction's restoration digest matches strict recomputation
  ---
  duration_ms: 1.097958
  ...
# Subtest: malformed current v1 authority (wrong digest) fails closed WITHOUT entering migration
ok 906 - malformed current v1 authority (wrong digest) fails closed WITHOUT entering migration
  ---
  duration_ms: 2.044917
  ...
# Subtest: malformed current v2 transaction with bad-digest authority is classified fail-closed
ok 907 - malformed current v2 transaction with bad-digest authority is classified fail-closed
  ---
  duration_ms: 1.059792
  ...
# Subtest: structurally invalid v0_legacy (array restoration payload) fail-closes at the boundary
ok 908 - structurally invalid v0_legacy (array restoration payload) fail-closes at the boundary
  ---
  duration_ms: 1.664625
  ...
# Subtest: v0_legacy with unknown restoration tag fail-closes
ok 909 - v0_legacy with unknown restoration tag fail-closes
  ---
  duration_ms: 0.511
  ...
# Subtest: v0_legacy cannot claim the post-legacy inverse_delta_v2 contract
ok 910 - v0_legacy cannot claim the post-legacy inverse_delta_v2 contract
  ---
  duration_ms: 0.41625
  ...
# Subtest: v0_legacy missing restoration_strategy fail-closes
ok 911 - v0_legacy missing restoration_strategy fail-closes
  ---
  duration_ms: 0.929417
  ...
# Subtest: unknown authority version is rejected by the migrator
ok 912 - unknown authority version is rejected by the migrator
  ---
  duration_ms: 0.498166
  ...
# Subtest: unknown outer transaction version is rejected at the load boundary
ok 913 - unknown outer transaction version is rejected at the load boundary
  ---
  duration_ms: 0.85625
  ...
# Subtest: unknown outer transaction version is classified unsupported fail-closed
ok 914 - unknown outer transaction version is classified unsupported fail-closed
  ---
  duration_ms: 0.389208
  ...
# Subtest: non-object legacy authority is rejected by the migrator
ok 915 - non-object legacy authority is rejected by the migrator
  ---
  duration_ms: 0.528458
  ...
# Subtest: prepared-state transaction with legacy candidate + current v1 prepared normalizes and rollback is available
ok 916 - prepared-state transaction with legacy candidate + current v1 prepared normalizes and rollback is available
  ---
  duration_ms: 2.486792
  ...
# Subtest: prepared-state transaction with legacy candidate + v1 prepared passes strict validateCandidateTransactionV2
ok 917 - prepared-state transaction with legacy candidate + v1 prepared passes strict validateCandidateTransactionV2
  ---
  duration_ms: 5.999584
  ...
# Subtest: prepared-state transaction with legacy candidate + v1 prepared does not mutate the frozen fixture
ok 918 - prepared-state transaction with legacy candidate + v1 prepared does not mutate the frozen fixture
  ---
  duration_ms: 3.232792
  ...
# Subtest: prepared-state transaction with current v1 candidate + current v1 prepared passes through without migration
ok 919 - prepared-state transaction with current v1 candidate + current v1 prepared passes through without migration
  ---
  duration_ms: 72.220875
  ...
# Subtest: prepared-state transaction with legacy candidate + current v1 prepared migrates only the candidate inner
ok 920 - prepared-state transaction with legacy candidate + current v1 prepared migrates only the candidate inner
  ---
  duration_ms: 3.209833
  ...
# Subtest: malformed current v1 prepared authority (wrong digest) fail-closes the prepared-state transaction
ok 921 - malformed current v1 prepared authority (wrong digest) fail-closes the prepared-state transaction
  ---
  duration_ms: 5.682958
  ...
# Subtest: candidate-ready transaction carrying a malformed current v1 prepared authority fail-closes
ok 922 - candidate-ready transaction carrying a malformed current v1 prepared authority fail-closes
  ---
  duration_ms: 5.269417
  ...
# Subtest: candidate-ready transaction carrying a valid current v1 prepared authority fail-closes
ok 923 - candidate-ready transaction carrying a valid current v1 prepared authority fail-closes
  ---
  duration_ms: 2.343166
  ...
# Subtest: preview_picker.js must not use Object.assign on panel.state
ok 924 - preview_picker.js must not use Object.assign on panel.state
  ---
  duration_ms: 2.158459
  ...
# Subtest: agentic_replay.js must not use Object.assign on panel.state
ok 925 - agentic_replay.js must not use Object.assign on panel.state
  ---
  duration_ms: 2.345
  ...
# Subtest: preview_picker.js must not directly assign to lifecycle-owned state fields
ok 926 - preview_picker.js must not directly assign to lifecycle-owned state fields
  ---
  duration_ms: 6.557084
  ...
# Subtest: agentic_replay.js must not directly assign to lifecycle-owned state fields
ok 927 - agentic_replay.js must not directly assign to lifecycle-owned state fields
  ---
  duration_ms: 2.767
  ...
# Subtest: vibecomfy_roundtrip.js routes submit-watchdog state writes through lifecycle transitions
ok 928 - vibecomfy_roundtrip.js routes submit-watchdog state writes through lifecycle transitions
  ---
  duration_ms: 3.135583
  ...
# Subtest: preview_picker.js must not create lifecycle state via createAgentEditState
ok 929 - preview_picker.js must not create lifecycle state via createAgentEditState
  ---
  duration_ms: 0.580709
  ...
# Subtest: agentic_replay.js must not create lifecycle state via createAgentEditState
ok 930 - agentic_replay.js must not create lifecycle state via createAgentEditState
  ---
  duration_ms: 0.33025
  ...
# Subtest: preview_picker.js must not reference invalid RENDER_SECTIONS.CANDIDATE
ok 931 - preview_picker.js must not reference invalid RENDER_SECTIONS.CANDIDATE
  ---
  duration_ms: 0.550791
  ...
# Subtest: agentic_replay.js must not reference invalid RENDER_SECTIONS.CANDIDATE
ok 932 - agentic_replay.js must not reference invalid RENDER_SECTIONS.CANDIDATE
  ---
  duration_ms: 0.49225
  ...
# Subtest: preview_picker.js only references valid RENDER_SECTIONS values
ok 933 - preview_picker.js only references valid RENDER_SECTIONS values
  ---
  duration_ms: 1.26925
  ...
# Subtest: agentic_replay.js only references valid RENDER_SECTIONS values
ok 934 - agentic_replay.js only references valid RENDER_SECTIONS values
  ---
  duration_ms: 0.640917
  ...
# Subtest: preview_picker.js must not directly write to transcriptMessages array
ok 935 - preview_picker.js must not directly write to transcriptMessages array
  ---
  duration_ms: 0.951625
  ...
# Subtest: agentic_replay.js must not directly write to transcriptMessages array
ok 936 - agentic_replay.js must not directly write to transcriptMessages array
  ---
  duration_ms: 0.7695
  ...
# Subtest: preview_picker.js must not directly write to responseDetails object
ok 937 - preview_picker.js must not directly write to responseDetails object
  ---
  duration_ms: 1.137708
  ...
# Subtest: agentic_replay.js must not directly write to responseDetails object
ok 938 - agentic_replay.js must not directly write to responseDetails object
  ---
  duration_ms: 0.307917
  ...
# Subtest: preview_picker.js must not directly write to executionEvents array
ok 939 - preview_picker.js must not directly write to executionEvents array
  ---
  duration_ms: 0.566166
  ...
# Subtest: agentic_replay.js must not directly write to executionEvents array
ok 940 - agentic_replay.js must not directly write to executionEvents array
  ---
  duration_ms: 1.014292
  ...
# Subtest: preview_picker.js must not directly write to auditArtifacts array
ok 941 - preview_picker.js must not directly write to auditArtifacts array
  ---
  duration_ms: 0.714917
  ...
# Subtest: agentic_replay.js must not directly write to auditArtifacts array
ok 942 - agentic_replay.js must not directly write to auditArtifacts array
  ---
  duration_ms: 0.21575
  ...
# Subtest: preview_picker.js must not directly write to debugDiagnostics object
ok 943 - preview_picker.js must not directly write to debugDiagnostics object
  ---
  duration_ms: 0.590375
  ...
# Subtest: agentic_replay.js must not directly write to debugDiagnostics object
ok 944 - agentic_replay.js must not directly write to debugDiagnostics object
  ---
  duration_ms: 0.264209
  ...
# Subtest: preview_picker.js must not directly write to compartmentIndexes object
ok 945 - preview_picker.js must not directly write to compartmentIndexes object
  ---
  duration_ms: 0.464
  ...
# Subtest: agentic_replay.js must not directly write to compartmentIndexes object
ok 946 - agentic_replay.js must not directly write to compartmentIndexes object
  ---
  duration_ms: 0.21875
  ...
# Subtest: preview_picker.js must not directly set expanded detail state
ok 947 - preview_picker.js must not directly set expanded detail state
  ---
  duration_ms: 0.484875
  ...
# Subtest: agentic_replay.js must not directly set expanded detail state
ok 948 - agentic_replay.js must not directly set expanded detail state
  ---
  duration_ms: 0.268958
  ...
# Subtest: RENDER_SECTIONS does not contain a CANDIDATE entry
ok 949 - RENDER_SECTIONS does not contain a CANDIDATE entry
  ---
  duration_ms: 0.29225
  ...
# Subtest: preview_picker.js must not reintroduce direct lifecycle writes
ok 950 - preview_picker.js must not reintroduce direct lifecycle writes
  ---
  duration_ms: 6.930208
  ...
# Subtest: agentic_replay.js must not reintroduce direct lifecycle writes
ok 951 - agentic_replay.js must not reintroduce direct lifecycle writes
  ---
  duration_ms: 2.468583
  ...
# Subtest: only the lifecycle reducer deletes transient preview diff state
ok 952 - only the lifecycle reducer deletes transient preview diff state
  ---
  duration_ms: 1.029084
  ...
# Subtest: M1 browser and Python consume one golden projection corpus
ok 953 - M1 browser and Python consume one golden projection corpus
  ---
  duration_ms: 123.376125
  ...
# Subtest: native advanced-widget visibility is excluded from typed projections
ok 954 - native advanced-widget visibility is excluded from typed projections
  ---
  duration_ms: 3.986917
  ...
# Subtest: zero-widget nodes normalize omitted, null, object, and array encodings
ok 955 - zero-widget nodes normalize omitted, null, object, and array encodings
  ---
  duration_ms: 10.5015
  ...
# Subtest: LoadImage typed projection excludes frontend-injected upload widget carriers
ok 956 - LoadImage typed projection excludes frontend-injected upload widget carriers
  ---
  duration_ms: 9.095917
  ...
# Subtest: strict delta, prepared authority, layout witness, legacy and undo policies
ok 957 - strict delta, prepared authority, layout witness, legacy and undo policies
  ---
  duration_ms: 41.231916
  ...
# Subtest: M1 static authority guardrails keep identity and projection ownership explicit
ok 958 - M1 static authority guardrails keep identity and projection ownership explicit
  ---
  duration_ms: 586.83975
  ...
# Subtest: typed projection references bind embedded canonical evidence
ok 959 - typed projection references bind embedded canonical evidence
  ---
  duration_ms: 2.565292
  ...
# Subtest: candidate authority rejects restoration_strategy_compensation
ok 960 - candidate authority rejects restoration_strategy_compensation
  ---
  duration_ms: 15.030958
  ...
# Subtest: prepared authority without compensation is valid
ok 961 - prepared authority without compensation is valid
  ---
  duration_ms: 34.079166
  ...
# Subtest: prepared authority with valid compensation is valid
ok 962 - prepared authority with valid compensation is valid
  ---
  duration_ms: 32.93575
  ...
# Subtest: compensation fence unbound fails closed
ok 963 - compensation fence unbound fails closed
  ---
  duration_ms: 10.285791
  ...
# Subtest: compensation digest mismatch fails closed
ok 964 - compensation digest mismatch fails closed
  ---
  duration_ms: 5.238166
  ...
# Subtest: structural family with add_node missing materialization fails closed
ok 965 - structural family with add_node missing materialization fails closed
  ---
  duration_ms: 3.329292
  ...
# Subtest: layout family missing layout_operation fails closed
ok 966 - layout family missing layout_operation fails closed
  ---
  duration_ms: 0.623042
  ...
# Subtest: persisted operation.ops is rejected; accepted_batch is the durable Δ
ok 967 - persisted operation.ops is rejected; accepted_batch is the durable Δ
  ---
  duration_ms: 3.027416
  ...
# Subtest: C0 ownership: new contract modules have no candidateGraph and no second hash owner
ok 968 - C0 ownership: new contract modules have no candidateGraph and no second hash owner
  ---
  duration_ms: 13.925625
  ...
# Subtest: Sol B2-R4 repro: Python _transaction() fixture validates in the browser
ok 969 - Sol B2-R4 repro: Python _transaction() fixture validates in the browser
  ---
  duration_ms: 4129.247834
  ...
# Subtest: renderMarkdown returns a container with parsed block and inline elements
ok 970 - renderMarkdown returns a container with parsed block and inline elements
  ---
  duration_ms: 10.783625
  ...
# Subtest: renderMarkdown escapes raw HTML and prevents script injection
ok 971 - renderMarkdown escapes raw HTML and prevents script injection
  ---
  duration_ms: 0.361375
  ...
# Subtest: renderMarkdown renders fenced code blocks
ok 972 - renderMarkdown renders fenced code blocks
  ---
  duration_ms: 0.286667
  ...
# Subtest: renderMarkdown handles plain text without markdown syntax
ok 973 - renderMarkdown handles plain text without markdown syntax
  ---
  duration_ms: 0.66475
  ...
# Subtest: renderMarkdown keeps plain-text angle brackets and ampersands as text
ok 974 - renderMarkdown keeps plain-text angle brackets and ampersands as text
  ---
  duration_ms: 0.4085
  ...
# Subtest: renderMarkdown collapses single newlines in plain paragraphs
ok 975 - renderMarkdown collapses single newlines in plain paragraphs
  ---
  duration_ms: 0.88725
  ...
# Subtest: renderMarkdown returns empty container for empty or non-string input
ok 976 - renderMarkdown returns empty container for empty or non-string input
  ---
  duration_ms: 0.546583
  ...
# Subtest: renderMarkdown drops unsafe link schemes
ok 977 - renderMarkdown drops unsafe link schemes
  ---
  duration_ms: 0.739167
  ...
# Subtest: renderMarkdown rejects links with control characters
ok 978 - renderMarkdown rejects links with control characters
  ---
  duration_ms: 1.939416
  ...
# Subtest: renderMarkdown consumes unsafe links with balanced parentheses as plain label text
ok 979 - renderMarkdown consumes unsafe links with balanced parentheses as plain label text
  ---
  duration_ms: 4.172
  ...
# Subtest: renderMarkdown preserves text nodes in a real-DOM-like document
ok 980 - renderMarkdown preserves text nodes in a real-DOM-like document
  ---
  duration_ms: 1.342625
  ...
# Subtest: mutation_materialization golden positive cases produce pinned digests
ok 981 - mutation_materialization golden positive cases produce pinned digests
  ---
  duration_ms: 267.22925
  ...
# Subtest: mutation_materialization kind is a singleton {add_node}
ok 982 - mutation_materialization kind is a singleton {add_node}
  ---
  duration_ms: 2.224417
  ...
# Subtest: mutation_materialization numeric normalisation parity
ok 983 - mutation_materialization numeric normalisation parity
  ---
  duration_ms: 2.524333
  ...
# Subtest: mutation_materialization rebind detection fails closed with bound-ops detail
ok 984 - mutation_materialization rebind detection fails closed with bound-ops detail
  ---
  duration_ms: 2.850125
  ...
# Subtest: mutation_materialization vibecomfy.exec dynamic-IO object widgets pass through
ok 985 - mutation_materialization vibecomfy.exec dynamic-IO object widgets pass through
  ---
  duration_ms: 1.31425
  ...
# Subtest: mutation_materialization negative cases fail closed with exact codes
ok 986 - mutation_materialization negative cases fail closed with exact codes
  ---
  duration_ms: 29.400208
  ...
# Subtest: mutation_materialization unknown contract version fails closed
ok 987 - mutation_materialization unknown contract version fails closed
  ---
  duration_ms: 1.38825
  ...
# Subtest: mutation_materialization non-finite geometry fails closed (JS inline)
ok 988 - mutation_materialization non-finite geometry fails closed (JS inline)
  ---
  duration_ms: 0.476916
  ...
# Subtest: mutation_materialization boolean and unsafe-integer geometry fail with non_canonical_number (cross-language)
ok 989 - mutation_materialization boolean and unsafe-integer geometry fail with non_canonical_number (cross-language)
  ---
  duration_ms: 1.289208
  ...
# Subtest: mutation_materialization boolean operation envelope is accepted
ok 990 - mutation_materialization boolean operation envelope is accepted
  ---
  duration_ms: 2.695792
  ...
# Subtest: mutation_materialization safe-integer boundary (2^53-1) remains canonical (cross-language)
ok 991 - mutation_materialization safe-integer boundary (2^53-1) remains canonical (cross-language)
  ---
  duration_ms: 1.631125
  ...
# Subtest: roundtrip does not re-own status poller declarations
ok 992 - roundtrip does not re-own status poller declarations
  ---
  duration_ms: 138.264667
  ...
# Subtest: roundtrip does not re-own composer or candidate action declarations
ok 993 - roundtrip does not re-own composer or candidate action declarations
  ---
  duration_ms: 73.026084
  ...
# Subtest: roundtrip scheduler ownership stays delegated
ok 994 - roundtrip scheduler ownership stays delegated
  ---
  duration_ms: 186.338209
  ...
# Subtest: roundtrip does not re-own thread detail selector implementations
ok 995 - roundtrip does not re-own thread detail selector implementations
  ---
  duration_ms: 10.706166
  ...
# Subtest: roundtrip does not re-own preview DOM renderer declarations
ok 996 - roundtrip does not re-own preview DOM renderer declarations
  ---
  duration_ms: 7.339209
  ...
# Subtest: scheduler owns status render sections with notice invalidation
ok 997 - scheduler owns status render sections with notice invalidation
  ---
  duration_ms: 4.84775
  ...
# Subtest: SCOPE_SNAPSHOT_EXCLUDE contains undoStack (SD3: canvas-affine)
ok 998 - SCOPE_SNAPSHOT_EXCLUDE contains undoStack (SD3: canvas-affine)
  ---
  duration_ms: 151.932417
  ...
# Subtest: SCOPE_SNAPSHOT_EXCLUDE excludes DOM reference fields
ok 999 - SCOPE_SNAPSHOT_EXCLUDE excludes DOM reference fields
  ---
  duration_ms: 31.810709
  ...
# Subtest: SCOPE_SNAPSHOT_EXCLUDE excludes ephemeral render state
ok 1000 - SCOPE_SNAPSHOT_EXCLUDE excludes ephemeral render state
  ---
  duration_ms: 17.113792
  ...
# Subtest: scopeActivationEpoch is runtime-affine and never restored from a workflow snapshot
ok 1001 - scopeActivationEpoch is runtime-affine and never restored from a workflow snapshot
  ---
  duration_ms: 32.426625
  ...
# Subtest: saveScopeSnapshot captures all panel.state fields except excluded ones
ok 1002 - saveScopeSnapshot captures all panel.state fields except excluded ones
  ---
  duration_ms: 24.624875
  ...
# Subtest: saveScopeSnapshot nulls out in-flight async state
ok 1003 - saveScopeSnapshot nulls out in-flight async state
  ---
  duration_ms: 22.821667
  ...
# Subtest: restoreScopeSnapshot merges snapshot back onto panel.state
ok 1004 - restoreScopeSnapshot merges snapshot back onto panel.state
  ---
  duration_ms: 18.81275
  ...
# Subtest: restoreScopeSnapshot preserves undoStack (SD3: never overwritten)
ok 1005 - restoreScopeSnapshot preserves undoStack (SD3: never overwritten)
  ---
  duration_ms: 10.908416
  ...
# Subtest: restoreScopeSnapshot returns false for unknown scopeId
ok 1006 - restoreScopeSnapshot returns false for unknown scopeId
  ---
  duration_ms: 13.936333
  ...
# Subtest: restoreScopeSnapshot returns false for null/empty scopeId
ok 1007 - restoreScopeSnapshot returns false for null/empty scopeId
  ---
  duration_ms: 6.851416
  ...
# Subtest: restoreScopeSnapshot returns false for null/undefined panel
ok 1008 - restoreScopeSnapshot returns false for null/undefined panel
  ---
  duration_ms: 43.553917
  ...
# Subtest: restoreScopeSnapshot leaves keys not in snapshot unchanged (merge semantics)
ok 1009 - restoreScopeSnapshot leaves keys not in snapshot unchanged (merge semantics)
  ---
  duration_ms: 14.1415
  ...
# Subtest: forgetScopeSnapshot clears snapshot and draft for a scope
ok 1010 - forgetScopeSnapshot clears snapshot and draft for a scope
  ---
  duration_ms: 17.186916
  ...
# Subtest: forgetScopeSnapshot is safe for unknown scopeId
ok 1011 - forgetScopeSnapshot is safe for unknown scopeId
  ---
  duration_ms: 11.061875
  ...
# Subtest: saveScopeDraft and getScopeDraft round-trip
ok 1012 - saveScopeDraft and getScopeDraft round-trip
  ---
  duration_ms: 12.823958
  ...
# Subtest: saveScopeDraft with null clears draft
ok 1013 - saveScopeDraft with null clears draft
  ---
  duration_ms: 13.654
  ...
# Subtest: saveScopeDraft with empty string clears draft
ok 1014 - saveScopeDraft with empty string clears draft
  ---
  duration_ms: 9.307791
  ...
# Subtest: saveScopeDraft with undefined clears draft
ok 1015 - saveScopeDraft with undefined clears draft
  ---
  duration_ms: 15.056833
  ...
# Subtest: getScopeDraft returns null for unknown scopeId
ok 1016 - getScopeDraft returns null for unknown scopeId
  ---
  duration_ms: 6.761541
  ...
# Subtest: saveScopeDraft is no-op for null/empty scopeId
ok 1017 - saveScopeDraft is no-op for null/empty scopeId
  ---
  duration_ms: 9.483
  ...
# Subtest: drafts are independent across scopes
ok 1018 - drafts are independent across scopes
  ---
  duration_ms: 240.619416
  ...
# Subtest: saveScopeQueueGuardContext and getScopeQueueGuardContext round-trip
ok 1019 - saveScopeQueueGuardContext and getScopeQueueGuardContext round-trip
  ---
  duration_ms: 4.58575
  ...
# Subtest: saveScopeQueueGuardContext with null clears context
ok 1020 - saveScopeQueueGuardContext with null clears context
  ---
  duration_ms: 3.183666
  ...
# Subtest: saveScopeQueueGuardContext with undefined clears context
ok 1021 - saveScopeQueueGuardContext with undefined clears context
  ---
  duration_ms: 2.872583
  ...
# Subtest: getScopeQueueGuardContext returns null for unknown scopeId
ok 1022 - getScopeQueueGuardContext returns null for unknown scopeId
  ---
  duration_ms: 5.472833
  ...
# Subtest: saveScopeQueueGuardContext is no-op for null/empty scopeId
ok 1023 - saveScopeQueueGuardContext is no-op for null/empty scopeId
  ---
  duration_ms: 7.206292
  ...
# Subtest: forgetScopeQueueGuardContext clears a specific scope
ok 1024 - forgetScopeQueueGuardContext clears a specific scope
  ---
  duration_ms: 11.731958
  ...
# Subtest: forgetScopeQueueGuardContext is safe for unknown scopeId
ok 1025 - forgetScopeQueueGuardContext is safe for unknown scopeId
  ---
  duration_ms: 12.046875
  ...
# Subtest: queue guard contexts are independent across scopes
ok 1026 - queue guard contexts are independent across scopes
  ---
  duration_ms: 66.961792
  ...
# Subtest: saveScopeSnapshot deep-clones objects (no shared references)
ok 1027 - saveScopeSnapshot deep-clones objects (no shared references)
  ---
  duration_ms: 22.924917
  ...
# Subtest: restoreScopeSnapshot deep-clones restored values (no shared references)
ok 1028 - restoreScopeSnapshot deep-clones restored values (no shared references)
  ---
  duration_ms: 16.921291
  ...
# Subtest: snapshot metadata is stamped with scopeId and timestamp
ok 1029 - snapshot metadata is stamped with scopeId and timestamp
  ---
  duration_ms: 4.473917
  ...
# Subtest: snapshot metadata does not survive onto panel.state after restore (metadata stripping)
ok 1030 - snapshot metadata does not survive onto panel.state after restore (metadata stripping)
  ---
  duration_ms: 28.642416
  ...
# Subtest: saveScopeSnapshot is no-op for null/empty scopeId
ok 1031 - saveScopeSnapshot is no-op for null/empty scopeId
  ---
  duration_ms: 5.413375
  ...
# Subtest: saveScopeSnapshot is no-op for null/missing panel or panel.state
ok 1032 - saveScopeSnapshot is no-op for null/missing panel or panel.state
  ---
  duration_ms: 3.064208
  ...
# Subtest: getScopeQueueGuardContext rejects non-object stored values
ok 1033 - getScopeQueueGuardContext rejects non-object stored values
  ---
  duration_ms: 22.355542
  ...
# Subtest: getScopeQueueGuardContext rejects falsy stored values
ok 1034 - getScopeQueueGuardContext rejects falsy stored values
  ---
  duration_ms: 60.61225
  ...
# Subtest: late frame from a replaced panel cannot render or satisfy the replacement panel flush
ok 1035 - late frame from a replaced panel cannot render or satisfy the replacement panel flush
  ---
  duration_ms: 9.00075
  ...
# Subtest: late frame from a departed workflow activation cannot flush the new activation
ok 1036 - late frame from a departed workflow activation cannot flush the new activation
  ---
  duration_ms: 0.81875
  ...
# Subtest: bubble detail renders canonical selector field changes without message field_changes aliases
ok 1037 - bubble detail renders canonical selector field changes without message field_changes aliases
  ---
  duration_ms: 1525.460375
  ...
# Subtest: bubble detail omits normal Audit and Debug sections
ok 1038 - bubble detail omits normal Audit and Debug sections
  ---
  duration_ms: 320.3625
  ...
# Subtest: bubble detail candidate section can be gated by reducer RouteStatus
ok 1039 - bubble detail candidate section can be gated by reducer RouteStatus
  ---
  duration_ms: 388.854875
  ...
# Subtest: normal bubble rendering uses safe response detail snapshots for expanded details
ok 1040 - normal bubble rendering uses safe response detail snapshots for expanded details
  ---
  duration_ms: 286.630375
  ...
# Subtest: rating widget renders only below the latest assistant response and submits through the rating endpoint
ok 1041 - rating widget renders only below the latest assistant response and submits through the rating endpoint
  ---
  duration_ms: 465.372667
  ...
# Subtest: thread reconciliation rerenders long markdown messages when only the tail changes
ok 1042 - thread reconciliation rerenders long markdown messages when only the tail changes
  ---
  duration_ms: 790.484167
  ...
# Subtest: rating widget submit passes the active panel and waits for a selected rating before showing Step 2
ok 1043 - rating widget submit passes the active panel and waits for a selected rating before showing Step 2
  ---
  duration_ms: 1058.230084
  ...
# Subtest: rating widget scrolls to the bottom when a score is selected
ok 1044 - rating widget scrolls to the bottom when a score is selected
  ---
  duration_ms: 1149.535417
  ...
# Subtest: rating widget timer is not reset by comment typing and successful retry clears it
ok 1045 - rating widget timer is not reset by comment typing and successful retry clears it
  ---
  duration_ms: 715.02025
  ...
# Subtest: rating widget ignores stale submit results after the widget disconnects
ok 1046 - rating widget ignores stale submit results after the widget disconnects
  ---
  duration_ms: 640.547084
  ...
# Subtest: rating widget persists debug-pack default and honors the disable localStorage fallback
ok 1047 - rating widget persists debug-pack default and honors the disable localStorage fallback
  ---
  duration_ms: 808.277458
  ...
# Subtest: rating widget auto-hides after the 120-second expiry timer fires
ok 1048 - rating widget auto-hides after the 120-second expiry timer fires
  ---
  duration_ms: 1319.690334
  ...
# Subtest: rating widget cancels expiry timer when user selects a rating
ok 1049 - rating widget cancels expiry timer when user selects a rating
  ---
  duration_ms: 1080.040958
  ...
# Subtest: rating widget does not render for non-agent assistant-role messages
ok 1050 - rating widget does not render for non-agent assistant-role messages
  ---
  duration_ms: 592.657959
  ...
# Subtest: rating widget hides as soon as a new user message starts a pending turn
ok 1051 - rating widget hides as soon as a new user message starts a pending turn
  ---
  duration_ms: 550.510167
  ...
# Subtest: rating widget hides as soon as a new user message is appended
ok 1052 - rating widget hides as soon as a new user message is appended
  ---
  duration_ms: 573.597209
  ...
# Subtest: rating widget keeps the selected score visible after successful submit and rerender
ok 1053 - rating widget keeps the selected score visible after successful submit and rerender
  ---
  duration_ms: 689.918541
  ...
# Subtest: rating widget does not inherit panel turn id for pending responses
ok 1054 - rating widget does not inherit panel turn id for pending responses
  ---
  duration_ms: 576.507917
  ...
# Subtest: rating widget is keyed to the completed message turn, not current panel turn
ok 1055 - rating widget is keyed to the completed message turn, not current panel turn
  ---
  duration_ms: 635.154667
  ...
# Subtest: rating widget shows Report issue button only for ratings below 5
ok 1056 - rating widget shows Report issue button only for ratings below 5
  ---
  duration_ms: 168.593709
  ...
# Subtest: normalizeAgentEditResponse — agent_edit_accept_response.json
ok 1057 - normalizeAgentEditResponse — agent_edit_accept_response.json
  ---
  duration_ms: 8.567584
  ...
# Subtest: normalizeAgentEditResponse — agent_edit_reject_response.json (legacy-inference-limited)
ok 1058 - normalizeAgentEditResponse — agent_edit_reject_response.json (legacy-inference-limited)
  ---
  duration_ms: 1.371625
  ...
# Subtest: normalizeAgentEditResponse — agent_edit_rebaseline_response.json (legacy-inference-limited)
ok 1059 - normalizeAgentEditResponse — agent_edit_rebaseline_response.json (legacy-inference-limited)
  ---
  duration_ms: 7.239792
  ...
# Subtest: normalizeAgentEditResponse — agent_executor_clarify_response.json
ok 1060 - normalizeAgentEditResponse — agent_executor_clarify_response.json
  ---
  duration_ms: 4.126458
  ...
# Subtest: normalizeAgentEditResponse — agent_executor_failure_response.json
ok 1061 - normalizeAgentEditResponse — agent_executor_failure_response.json
  ---
  duration_ms: 1.468083
  ...
# Subtest: canonical agent-edit fixture normalizes with allowLegacy=false
ok 1062 - canonical agent-edit fixture normalizes with allowLegacy=false
  ---
  duration_ms: 15.886041
  ...
# Subtest: old persisted agent-edit fixture is accepted only through the legacy adapter
ok 1063 - old persisted agent-edit fixture is accepted only through the legacy adapter
  ---
  duration_ms: 1.272709
  ...
# Subtest: agent_executor_success_response.json — structural contract
ok 1064 - agent_executor_success_response.json — structural contract
  ---
  duration_ms: 1.30075
  ...
# Subtest: agent_executor_request.json — structural contract
ok 1065 - agent_executor_request.json — structural contract
  ---
  duration_ms: 6.299208
  ...
# Subtest: chat_rehydrate_response.json — structural contract
ok 1066 - chat_rehydrate_response.json — structural contract
  ---
  duration_ms: 19.020958
  ...
# Subtest: canonical session rehydrate fixture normalizes latest candidate with allowLegacy=false
ok 1067 - canonical session rehydrate fixture normalizes latest candidate with allowLegacy=false
  ---
  duration_ms: 3.842458
  ...
# Subtest: old session latest_candidate fixture requires the legacy adapter boundary
ok 1068 - old session latest_candidate fixture requires the legacy adapter boundary
  ---
  duration_ms: 2.486041
  ...
# Subtest: projection fixtures reject contaminated TranscriptMessage fields but preserve pending and synthetic safe fields
ok 1069 - projection fixtures reject contaminated TranscriptMessage fields but preserve pending and synthetic safe fields
  ---
  duration_ms: 5.591167
  ...
# Subtest: projection fixtures reject contaminated ResponseDetail fields and clone safe summaries
ok 1070 - projection fixtures reject contaminated ResponseDetail fields and clone safe summaries
  ---
  duration_ms: 5.058958
  ...
# Subtest: ResponseDetail projection exposes safe feedback and queue display only
ok 1071 - ResponseDetail projection exposes safe feedback and queue display only
  ---
  duration_ms: 1.192208
  ...
# Subtest: ResponseDetail render snapshot preserves explicit candidateGraphPresent flag
ok 1072 - ResponseDetail render snapshot preserves explicit candidateGraphPresent flag
  ---
  duration_ms: 0.436958
  ...
# Subtest: ResponseDetail projection preserves compact scoped diff evidence for candidate detail
ok 1073 - ResponseDetail projection preserves compact scoped diff evidence for candidate detail
  ---
  duration_ms: 0.790208
  ...
# Subtest: projection fixtures keep ExecutionEvent diagnostics explicit and cloned
ok 1074 - projection fixtures keep ExecutionEvent diagnostics explicit and cloned
  ---
  duration_ms: 9.709542
  ...
# Subtest: projection fixtures keep AuditArtifact refs explicit and cloned
ok 1075 - projection fixtures keep AuditArtifact refs explicit and cloned
  ---
  duration_ms: 0.924042
  ...
# Subtest: rehydrate projection input feeds chatMessages safe mirror plus explicit diagnostics/audit compartments
ok 1076 - rehydrate projection input feeds chatMessages safe mirror plus explicit diagnostics/audit compartments
  ---
  duration_ms: 23.410333
  ...
# Subtest: ResponseDetail excludes AuditArtifact and ExecutionEvent data retained for explicit compatibility surfaces
ok 1077 - ResponseDetail excludes AuditArtifact and ExecutionEvent data retained for explicit compatibility surfaces
  ---
  duration_ms: 1.298875
  ...
# Subtest: session_bundle_response.json — structural contract
ok 1078 - session_bundle_response.json — structural contract
  ---
  duration_ms: 2.504917
  ...
# Subtest: normalizeAgentTurnPayload — websocket_agent_edit_turn_clarify.json
ok 1079 - normalizeAgentTurnPayload — websocket_agent_edit_turn_clarify.json
  ---
  duration_ms: 6.001833
  ...
# Subtest: normalizeAgentTurnPayload — websocket_agent_edit_turn_done.json
ok 1080 - normalizeAgentTurnPayload — websocket_agent_edit_turn_done.json
  ---
  duration_ms: 7.34975
  ...
# Subtest: normalizeAgentTurnPayload — websocket_agent_edit_turn_progress.json
ok 1081 - normalizeAgentTurnPayload — websocket_agent_edit_turn_progress.json
  ---
  duration_ms: 1.097666
  ...
# Subtest: normalizeExecutorPhasePayload — websocket_executor_phase_classify.json
ok 1082 - normalizeExecutorPhasePayload — websocket_executor_phase_classify.json
  ---
  duration_ms: 4.837375
  ...
# Subtest: normalizeExecutorPhasePayload — websocket_executor_phase_implement.json
ok 1083 - normalizeExecutorPhasePayload — websocket_executor_phase_implement.json
  ---
  duration_ms: 3.81975
  ...
# Subtest: normalizeExecutorPhasePayload — websocket_executor_phase_reply.json
ok 1084 - normalizeExecutorPhasePayload — websocket_executor_phase_reply.json
  ---
  duration_ms: 0.49775
  ...
# Subtest: normalizeExecutorPhasePayload — websocket_executor_phase_research.json
ok 1085 - normalizeExecutorPhasePayload — websocket_executor_phase_research.json
  ---
  duration_ms: 0.28025
  ...
# Subtest: agent status helpers — agent_status_ready.json
ok 1086 - agent status helpers — agent_status_ready.json
  ---
  duration_ms: 7.143459
  ...
# Subtest: agent status helpers — agent_status_malformed.json (malformed route_options)
ok 1087 - agent status helpers — agent_status_malformed.json (malformed route_options)
  ---
  duration_ms: 0.327292
  ...
# Subtest: agent status helpers — agent_status_unavailable.json (unavailable status)
ok 1088 - agent status helpers — agent_status_unavailable.json (unavailable status)
  ---
  duration_ms: 7.897292
  ...
# Subtest: routeOptionsFromStatus handles null and non-object inputs
ok 1089 - routeOptionsFromStatus handles null and non-object inputs
  ---
  duration_ms: 0.4455
  ...
# Subtest: routeOptionsFromStatus handles missing route_options gracefully
ok 1090 - routeOptionsFromStatus handles missing route_options gracefully
  ---
  duration_ms: 0.236916
  ...
# Subtest: normalizeAgentTurnPayload returns null for non-object input
ok 1091 - normalizeAgentTurnPayload returns null for non-object input
  ---
  duration_ms: 0.139292
  ...
# Subtest: normalizeExecutorPhasePayload returns null for non-object input
ok 1092 - normalizeExecutorPhasePayload returns null for non-object input
  ---
  duration_ms: 0.107292
  ...
# Subtest: normalizeExecutorPhasePayload returns null for unrecognized phase
ok 1093 - normalizeExecutorPhasePayload returns null for unrecognized phase
  ---
  duration_ms: 0.096375
  ...
# Subtest: createExecutorProgressSnapshot defaults missing stages to pending
ok 1094 - createExecutorProgressSnapshot defaults missing stages to pending
  ---
  duration_ms: 2.038666
  ...
# Subtest: createExecutorProgressSnapshot with partial overrides
ok 1095 - createExecutorProgressSnapshot with partial overrides
  ---
  duration_ms: 0.305208
  ...
# Subtest: isExecutorProgressComplete returns false for pending snapshot
ok 1096 - isExecutorProgressComplete returns false for pending snapshot
  ---
  duration_ms: 0.164666
  ...
# Subtest: isExecutorProgressComplete returns true for fully done snapshot
ok 1097 - isExecutorProgressComplete returns true for fully done snapshot
  ---
  duration_ms: 3.291
  ...
# Subtest: executorProgressLabel returns correct labels
ok 1098 - executorProgressLabel returns correct labels
  ---
  duration_ms: 0.26975
  ...
# Subtest: deriveAgentActivityState — null/undefined input returns safe unknown shape
ok 1099 - deriveAgentActivityState — null/undefined input returns safe unknown shape
  ---
  duration_ms: 1.544125
  ...
# Subtest: deriveAgentActivityState — legacy progress normalized to in_progress
ok 1100 - deriveAgentActivityState — legacy progress normalized to in_progress
  ---
  duration_ms: 4.540042
  ...
# Subtest: deriveAgentActivityState — in_progress with landed ops shows executing phase
ok 1101 - deriveAgentActivityState — in_progress with landed ops shows executing phase
  ---
  duration_ms: 0.434291
  ...
# Subtest: deriveAgentActivityState — answer-only / no graph changes
ok 1102 - deriveAgentActivityState — answer-only / no graph changes
  ---
  duration_ms: 0.324084
  ...
# Subtest: deriveAgentActivityState — edit-plus-done: latest substantive action selected, not done()
ok 1103 - deriveAgentActivityState — edit-plus-done: latest substantive action selected, not done()
  ---
  duration_ms: 0.598792
  ...
# Subtest: deriveAgentActivityState — edit with only done() statements falls back
ok 1104 - deriveAgentActivityState — edit with only done() statements falls back
  ---
  duration_ms: 0.462584
  ...
# Subtest: deriveAgentActivityState — clarify outcome
ok 1105 - deriveAgentActivityState — clarify outcome
  ---
  duration_ms: 0.294
  ...
# Subtest: deriveAgentActivityState — error outcome
ok 1106 - deriveAgentActivityState — error outcome
  ---
  duration_ms: 0.584041
  ...
# Subtest: deriveAgentActivityState — budget_exhausted outcome
ok 1107 - deriveAgentActivityState — budget_exhausted outcome
  ---
  duration_ms: 0.532791
  ...
# Subtest: deriveAgentActivityState — stale progress fixture (websocket_agent_edit_turn_progress.json) normalizes
ok 1108 - deriveAgentActivityState — stale progress fixture (websocket_agent_edit_turn_progress.json) normalizes
  ---
  duration_ms: 1.558083
  ...
# Subtest: deriveAgentActivityState — stale progress compatibility: payload with status=progress and no statements
ok 1109 - deriveAgentActivityState — stale progress compatibility: payload with status=progress and no statements
  ---
  duration_ms: 0.316709
  ...
# Subtest: deriveAgentActivityState — canonical shape has all required fields
ok 1110 - deriveAgentActivityState — canonical shape has all required fields
  ---
  duration_ms: 0.399667
  ...
# Subtest: deriveAgentActivityState — done() statements excluded from latest_substantive_statement (all protocol terminators)
ok 1111 - deriveAgentActivityState — done() statements excluded from latest_substantive_statement (all protocol terminators)
  ---
  duration_ms: 2.021959
  ...
# Subtest: deriveAgentActivityState — details exclude unsafe fields
ok 1112 - deriveAgentActivityState — details exclude unsafe fields
  ---
  duration_ms: 0.35725
  ...
# Subtest: deriveAgentActivityState — latestSubstantiveStatement helper with empty/null arrays
ok 1113 - deriveAgentActivityState — latestSubstantiveStatement helper with empty/null arrays
  ---
  duration_ms: 0.330458
  ...
# Subtest: deriveAgentActivityState — isSubstantiveStatement helper
ok 1114 - deriveAgentActivityState — isSubstantiveStatement helper
  ---
  duration_ms: 0.195542
  ...
# Subtest: deriveAgentActivityState — deriveStatementCounts helper
ok 1115 - deriveAgentActivityState — deriveStatementCounts helper
  ---
  duration_ms: 0.210875
  ...
# Subtest: deriveAgentActivityState — websocket clarify fixture canonical derivation
ok 1116 - deriveAgentActivityState — websocket clarify fixture canonical derivation
  ---
  duration_ms: 0.458583
  ...
# Subtest: deriveAgentActivityState — websocket done fixture canonical derivation
ok 1117 - deriveAgentActivityState — websocket done fixture canonical derivation
  ---
  duration_ms: 0.489292
  ...
# Subtest: reduceAgentActivityFeed — null/undefined update returns previous unchanged
ok 1118 - reduceAgentActivityFeed — null/undefined update returns previous unchanged
  ---
  duration_ms: 0.475042
  ...
# Subtest: reduceAgentActivityFeed — update with no session_id or turn_id is rejected
ok 1119 - reduceAgentActivityFeed — update with no session_id or turn_id is rejected
  ---
  duration_ms: 0.246208
  ...
# Subtest: reduceAgentActivityFeed — first update binds session and appends
ok 1120 - reduceAgentActivityFeed — first update binds session and appends
  ---
  duration_ms: 0.150334
  ...
# Subtest: reduceAgentActivityFeed — rejects foreign-session update when feed has established session
ok 1121 - reduceAgentActivityFeed — rejects foreign-session update when feed has established session
  ---
  duration_ms: 0.189083
  ...
# Subtest: reduceAgentActivityFeed — accepts same-session update
ok 1122 - reduceAgentActivityFeed — accepts same-session update
  ---
  duration_ms: 0.556583
  ...
# Subtest: reduceAgentActivityFeed — rejects stale new turn with lower turn_number than feed max
ok 1123 - reduceAgentActivityFeed — rejects stale new turn with lower turn_number than feed max
  ---
  duration_ms: 0.593833
  ...
# Subtest: reduceAgentActivityFeed — stale new turn with much lower turn_number rejected
ok 1124 - reduceAgentActivityFeed — stale new turn with much lower turn_number rejected
  ---
  duration_ms: 2.068833
  ...
# Subtest: reduceAgentActivityFeed — update to existing turn accepted regardless of turn_number order
ok 1125 - reduceAgentActivityFeed — update to existing turn accepted regardless of turn_number order
  ---
  duration_ms: 0.353834
  ...
# Subtest: reduceAgentActivityFeed — prevents terminal→in_progress regression for websocket source
ok 1126 - reduceAgentActivityFeed — prevents terminal→in_progress regression for websocket source
  ---
  duration_ms: 0.212667
  ...
# Subtest: reduceAgentActivityFeed — prevents terminal→in_progress regression for clarify
ok 1127 - reduceAgentActivityFeed — prevents terminal→in_progress regression for clarify
  ---
  duration_ms: 0.210666
  ...
# Subtest: reduceAgentActivityFeed — prevents terminal→in_progress regression for error
ok 1128 - reduceAgentActivityFeed — prevents terminal→in_progress regression for error
  ---
  duration_ms: 0.3195
  ...
# Subtest: reduceAgentActivityFeed — prevents terminal→in_progress regression for budget_exhausted
ok 1129 - reduceAgentActivityFeed — prevents terminal→in_progress regression for budget_exhausted
  ---
  duration_ms: 0.107959
  ...
# Subtest: reduceAgentActivityFeed — allows terminal→done websocket update (terminal to terminal)
ok 1130 - reduceAgentActivityFeed — allows terminal→done websocket update (terminal to terminal)
  ---
  duration_ms: 0.113
  ...
# Subtest: reduceAgentActivityFeed — allows in_progress→terminal websocket update
ok 1131 - reduceAgentActivityFeed — allows in_progress→terminal websocket update
  ---
  duration_ms: 0.438125
  ...
# Subtest: reduceAgentActivityFeed — HTTP source replaces existing websocket partial state
ok 1132 - reduceAgentActivityFeed — HTTP source replaces existing websocket partial state
  ---
  duration_ms: 0.204292
  ...
# Subtest: reduceAgentActivityFeed — HTTP source can override terminal websocket state
ok 1133 - reduceAgentActivityFeed — HTTP source can override terminal websocket state
  ---
  duration_ms: 0.121709
  ...
# Subtest: reduceAgentActivityFeed — HTTP authoritative final state replaces websocket partial across multiple turns
ok 1134 - reduceAgentActivityFeed — HTTP authoritative final state replaces websocket partial across multiple turns
  ---
  duration_ms: 0.326791
  ...
# Subtest: reduceAgentActivityFeed — multiple websocket updates for same turn replace in place
ok 1135 - reduceAgentActivityFeed — multiple websocket updates for same turn replace in place
  ---
  duration_ms: 0.342375
  ...
# Subtest: reduceAgentActivityFeed — interleaved updates across multiple turns, no duplication
ok 1136 - reduceAgentActivityFeed — interleaved updates across multiple turns, no duplication
  ---
  duration_ms: 0.236916
  ...
# Subtest: reduceAgentActivityFeed — HTTP batch reconciliation does not duplicate across all turns
ok 1137 - reduceAgentActivityFeed — HTTP batch reconciliation does not duplicate across all turns
  ---
  duration_ms: 0.219584
  ...
# Subtest: reduceAgentActivityFeed — same-session same-turn update replaces exactly one entry
ok 1138 - reduceAgentActivityFeed — same-session same-turn update replaces exactly one entry
  ---
  duration_ms: 0.122958
  ...
# Subtest: reduceAgentActivityFeed — returns frozen arrays
ok 1139 - reduceAgentActivityFeed — returns frozen arrays
  ---
  duration_ms: 0.39175
  ...
# Subtest: reduceAgentActivityFeed — with non-array previous returns empty array
ok 1140 - reduceAgentActivityFeed — with non-array previous returns empty array
  ---
  duration_ms: 0.078834
  ...
# Subtest: executorPhaseToCanonicalProgress — phase-only legacy: classify fixture yields decide=active
ok 1141 - executorPhaseToCanonicalProgress — phase-only legacy: classify fixture yields decide=active
  ---
  duration_ms: 0.302041
  ...
# Subtest: normalizeExecutorPhasePayload preserves classify plan metadata for Decide detail
ok 1142 - normalizeExecutorPhasePayload preserves classify plan metadata for Decide detail
  ---
  duration_ms: 0.699583
  ...
# Subtest: normalizeExecutorPhasePayload preserves known route/task metadata
ok 1143 - normalizeExecutorPhasePayload preserves known route/task metadata
  ---
  duration_ms: 0.506833
  ...
# Subtest: normalizeExecutorPhasePayload ignores unknown route/task metadata
ok 1144 - normalizeExecutorPhasePayload ignores unknown route/task metadata
  ---
  duration_ms: 0.13325
  ...
# Subtest: executorDecisionLabel derives route-aware fallback from classify route
ok 1145 - executorDecisionLabel derives route-aware fallback from classify route
  ---
  duration_ms: 0.116125
  ...
# Subtest: executorDecisionLabel prefers plan_summary over route-aware fallback
ok 1146 - executorDecisionLabel prefers plan_summary over route-aware fallback
  ---
  duration_ms: 0.110375
  ...
# Subtest: executorDecisionLabel derives short fallback from classify intent
ok 1147 - executorDecisionLabel derives short fallback from classify intent
  ---
  duration_ms: 0.424334
  ...
# Subtest: progressFromExecutorPhase preserves route/task metadata for route-aware decide labels
ok 1148 - progressFromExecutorPhase preserves route/task metadata for route-aware decide labels
  ---
  duration_ms: 8.199459
  ...
# Subtest: executorPhaseToCanonicalProgress — phase-only legacy: research fixture yields research=active
ok 1149 - executorPhaseToCanonicalProgress — phase-only legacy: research fixture yields research=active
  ---
  duration_ms: 0.449708
  ...
# Subtest: executorPhaseToCanonicalProgress — phase-only legacy: implement fixture yields execute=active
ok 1150 - executorPhaseToCanonicalProgress — phase-only legacy: implement fixture yields execute=active
  ---
  duration_ms: 0.304542
  ...
# Subtest: executorPhaseToCanonicalProgress — phase-only legacy: reply fixture yields review=active
ok 1151 - executorPhaseToCanonicalProgress — phase-only legacy: reply fixture yields review=active
  ---
  duration_ms: 0.3155
  ...
# Subtest: executorPhaseToCanonicalProgress — phase-only legacy: all four phases produce canonical-compatible shapes
ok 1152 - executorPhaseToCanonicalProgress — phase-only legacy: all four phases produce canonical-compatible shapes
  ---
  duration_ms: 0.524208
  ...
# Subtest: executorPhaseToCanonicalProgress — phase-only legacy: done-status phases produce correct progress
ok 1153 - executorPhaseToCanonicalProgress — phase-only legacy: done-status phases produce correct progress
  ---
  duration_ms: 0.273667
  ...
# Subtest: executorPhaseToCanonicalProgress — phase-only legacy: skipped phases produce correct pending/fallthrough
ok 1154 - executorPhaseToCanonicalProgress — phase-only legacy: skipped phases produce correct pending/fallthrough
  ---
  duration_ms: 0.211375
  ...
# Subtest: normalizeExecutorPhasePayload accepts canonical inspect route
ok 1155 - normalizeExecutorPhasePayload accepts canonical inspect route
  ---
  duration_ms: 0.139958
  ...
# Subtest: executorRouteLabel returns Inspect graph for canonical inspect
ok 1156 - executorRouteLabel returns Inspect graph for canonical inspect
  ---
  duration_ms: 0.123042
  ...
# Subtest: executorRouteLabel ignores legacy inspect_only
ok 1157 - executorRouteLabel ignores legacy inspect_only
  ---
  duration_ms: 0.085417
  ...
# Subtest: progressFromExecutorPhase preserves canonical inspect route
ok 1158 - progressFromExecutorPhase preserves canonical inspect route
  ---
  duration_ms: 0.109875
  ...
# Subtest: progressFromExecutorPhase ignores legacy inspect_only route
ok 1159 - progressFromExecutorPhase ignores legacy inspect_only route
  ---
  duration_ms: 0.2255
  ...
# Subtest: progressFromExecutorPhase with inspect route during reply phase yields read-only complete progress
ok 1160 - progressFromExecutorPhase with inspect route during reply phase yields read-only complete progress
  ---
  duration_ms: 0.16775
  ...
# Subtest: normalizeExecutorProgressSnapshot accepts canonical inspect route in snapshot
ok 1161 - normalizeExecutorProgressSnapshot accepts canonical inspect route in snapshot
  ---
  duration_ms: 0.101709
  ...
# Subtest: normalizeExecutorPhasePayload accepts canonical revise route
ok 1162 - normalizeExecutorPhasePayload accepts canonical revise route
  ---
  duration_ms: 0.083916
  ...
# Subtest: normalizeExecutorPhasePayload accepts canonical adapt route
ok 1163 - normalizeExecutorPhasePayload accepts canonical adapt route
  ---
  duration_ms: 0.078958
  ...
# Subtest: executorRouteLabel returns Revise graph for revise route
ok 1164 - executorRouteLabel returns Revise graph for revise route
  ---
  duration_ms: 0.077167
  ...
# Subtest: executorRouteLabel returns Adapt graph for adapt route
ok 1165 - executorRouteLabel returns Adapt graph for adapt route
  ---
  duration_ms: 0.080583
  ...
# Subtest: normalizeExecutorProgressSnapshot accepts revise and adapt routes
ok 1166 - normalizeExecutorProgressSnapshot accepts revise and adapt routes
  ---
  duration_ms: 0.162958
  ...
# Subtest: normalizeExecutorPhasePayload rejects unrecognized canonical routes
ok 1167 - normalizeExecutorPhasePayload rejects unrecognized canonical routes
  ---
  duration_ms: 0.207916
  ...
# Subtest: createExecutorProgressSnapshot with inspect route does not imply apply eligibility
ok 1168 - createExecutorProgressSnapshot with inspect route does not imply apply eligibility
  ---
  duration_ms: 0.148583
  ...
# Subtest: canonical path convergence — agent-turn in_progress with landed ops maps to execute=active via deriveAgentActivityState
ok 1169 - canonical path convergence — agent-turn in_progress with landed ops maps to execute=active via deriveAgentActivityState
  ---
  duration_ms: 0.398333
  ...
# Subtest: canonical path convergence — executor phase 'implement' maps to execute=active via executorPhaseToCanonicalProgress
ok 1170 - canonical path convergence — executor phase 'implement' maps to execute=active via executorPhaseToCanonicalProgress
  ---
  duration_ms: 0.216041
  ...
# Subtest: canonical path convergence — both agent-turn and executor phase describe same 'executing' state (converge, not duplicate)
ok 1171 - canonical path convergence — both agent-turn and executor phase describe same 'executing' state (converge, not duplicate)
  ---
  duration_ms: 0.382833
  ...
# Subtest: canonical path convergence — agent-turn in_progress (no landed ops) converges with executor research phase
ok 1172 - canonical path convergence — agent-turn in_progress (no landed ops) converges with executor research phase
  ---
  duration_ms: 1.831375
  ...
# Subtest: canonical path convergence — agent-turn in_progress (no statements) converges with executor classify phase
ok 1173 - canonical path convergence — agent-turn in_progress (no statements) converges with executor classify phase
  ---
  duration_ms: 0.733208
  ...
# Subtest: no duplicate labels — single agent-turn produces exactly one progress label via agentTurnProgressLabel
ok 1174 - no duplicate labels — single agent-turn produces exactly one progress label via agentTurnProgressLabel
  ---
  duration_ms: 0.20725
  ...
# Subtest: no duplicate labels — single executor phase produces exactly one progress label via executorProgressLabel
ok 1175 - no duplicate labels — single executor phase produces exactly one progress label via executorProgressLabel
  ---
  duration_ms: 0.135583
  ...
# Subtest: no duplicate labels — both agent-turn and executor phase labels are complementary, not duplicate
ok 1176 - no duplicate labels — both agent-turn and executor phase labels are complementary, not duplicate
  ---
  duration_ms: 0.875291
  ...
# Subtest: no duplicate labels — terminal agent-turn status produces single label, not 'In progress' plus terminal
ok 1177 - no duplicate labels — terminal agent-turn status produces single label, not 'In progress' plus terminal
  ---
  duration_ms: 0.227958
  ...
# Subtest: no duplicate labels — phase_progress from deriveAgentActivityState has exactly 4 canonical stages
ok 1178 - no duplicate labels — phase_progress from deriveAgentActivityState has exactly 4 canonical stages
  ---
  duration_ms: 0.392667
  ...
# Subtest: no duplicate labels — reduceAgentActivityFeed with agent-turn updates preserves single canonical phase_progress per turn
ok 1179 - no duplicate labels — reduceAgentActivityFeed with agent-turn updates preserves single canonical phase_progress per turn
  ---
  duration_ms: 0.211084
  ...
# Subtest: no duplicate labels — phase-only legacy executor progress and canonical agent-turn progress do not collide in label domain
ok 1180 - no duplicate labels — phase-only legacy executor progress and canonical agent-turn progress do not collide in label domain
  ---
  duration_ms: 1.033833
  ...
# Subtest: no duplicate labels — classify/research/implement executor phases map cleanly to canonical agent-turn phase_progress equivalents
ok 1181 - no duplicate labels — classify/research/implement executor phases map cleanly to canonical agent-turn phase_progress equivalents
  ---
  duration_ms: 4.916208
  ...
# Subtest: routeAllowsApplyAffordances — applyable routes (revise, adapt) return true
ok 1182 - routeAllowsApplyAffordances — applyable routes (revise, adapt) return true
  ---
  duration_ms: 2.613375
  ...
# Subtest: routeAllowsApplyAffordances — legacy applyable aliases are not public routes
ok 1183 - routeAllowsApplyAffordances — legacy applyable aliases are not public routes
  ---
  duration_ms: 0.433667
  ...
# Subtest: routeAllowsApplyAffordances — non-applyable routes (clarify, respond, inspect, research) return false
ok 1184 - routeAllowsApplyAffordances — non-applyable routes (clarify, respond, inspect, research) return false
  ---
  duration_ms: 0.153458
  ...
# Subtest: routeAllowsApplyAffordances — null/undefined/non-string returns false
ok 1185 - routeAllowsApplyAffordances — null/undefined/non-string returns false
  ---
  duration_ms: 0.109875
  ...
# Subtest: normalizeAgentTurnPayload — respond route turn derives no graph changes, no candidate implications
ok 1186 - normalizeAgentTurnPayload — respond route turn derives no graph changes, no candidate implications
  ---
  duration_ms: 0.305375
  ...
# Subtest: normalizeAgentTurnPayload — research route turn derives research-done, no execute/review
ok 1187 - normalizeAgentTurnPayload — research route turn derives research-done, no execute/review
  ---
  duration_ms: 4.695459
  ...
# Subtest: normalizeAgentTurnPayload — respond in_progress with statements leaves execute pending
ok 1188 - normalizeAgentTurnPayload — respond in_progress with statements leaves execute pending
  ---
  duration_ms: 16.807
  ...
# Subtest: normalizeAgentTurnPayload — revise route (applyable) terminal sets all phases done
ok 1189 - normalizeAgentTurnPayload — revise route (applyable) terminal sets all phases done
  ---
  duration_ms: 10.169916
  ...
# Subtest: normalizeAgentTurnPayload — no internal gate strings leak for respond route
ok 1190 - normalizeAgentTurnPayload — no internal gate strings leak for respond route
  ---
  duration_ms: 17.306625
  ...
# Subtest: normalizeAgentTurnPayload — no internal gate strings leak for research route
ok 1191 - normalizeAgentTurnPayload — no internal gate strings leak for research route
  ---
  duration_ms: 9.233583
  ...
# Subtest: normalizeAgentTurnPayload — revise route (applyable) may carry candidate metadata without leaking internals
ok 1192 - normalizeAgentTurnPayload — revise route (applyable) may carry candidate metadata without leaking internals
  ---
  duration_ms: 6.624708
  ...
# Subtest: reduceAgentActivityFeed — chronological multi-turn: respond → revise → research sequence preserves order
ok 1193 - reduceAgentActivityFeed — chronological multi-turn: respond → revise → research sequence preserves order
  ---
  duration_ms: 11.372417
  ...
# Subtest: reduceAgentActivityFeed — chronological multi-turn: no candidate leakage across non-applyable turns
ok 1194 - reduceAgentActivityFeed — chronological multi-turn: no candidate leakage across non-applyable turns
  ---
  duration_ms: 41.313375
  ...
# Subtest: executorProgressLabel — pending progress for respond-route shape is a valid non-null label
ok 1195 - executorProgressLabel — pending progress for respond-route shape is a valid non-null label
  ---
  duration_ms: 8.2745
  ...
# Subtest: executorProgressLabel — pending progress for research-route shape is a valid non-null label
ok 1196 - executorProgressLabel — pending progress for research-route shape is a valid non-null label
  ---
  duration_ms: 2.170208
  ...
# Subtest: browser mode normalizer keeps aliases at the boundary
ok 1197 - browser mode normalizer keeps aliases at the boundary
  ---
  duration_ms: 6.818583
  ...
# Subtest: matchPipelineMode distinguishes explicit choices from unset/blank/invalid
ok 1198 - matchPipelineMode distinguishes explicit choices from unset/blank/invalid
  ---
  duration_ms: 1.105625
  ...
# Subtest: submit body always emits a canonical mode
ok 1199 - submit body always emits a canonical mode
  ---
  duration_ms: 14.186834
  ...
# Subtest: submit funnel ownership: one caller, funnel-hosted guard, shared flow body emitter
ok 1200 - submit funnel ownership: one caller, funnel-hosted guard, shared flow body emitter
  ---
  duration_ms: 31.732416
  ...
# Subtest: panel exposes staged/threaded selection, persists it, and submits it
ok 1201 - panel exposes staged/threaded selection, persists it, and submits it
  ---
  duration_ms: 1415.671125
  ...
# Subtest: unset preference blocks submit at the funnel and opens the mode ask (no request)
ok 1202 - unset preference blocks submit at the funnel and opens the mode ask (no request)
  ---
  duration_ms: 765.816333
  ...
# Subtest: live flow sentinel survives a status refresh during engine cards (same overlay, selection kept)
ok 1203 - live flow sentinel survives a status refresh during engine cards (same overlay, selection kept)
  ---
  duration_ms: 543.858792
  ...
# Subtest: thank-you countdown teardown clears the sentinel; a later unset re-asks once (real gate remount)
ok 1204 - thank-you countdown teardown clears the sentinel; a later unset re-asks once (real gate remount)
  ---
  duration_ms: 2925.20325
  ...
# Subtest: explicit choice stays submit-eligible when localStorage writes fail (recoverable)
ok 1205 - explicit choice stays submit-eligible when localStorage writes fail (recoverable)
  ---
  duration_ms: 1017.440583
  ...
# Subtest: chat rehydration leaves a CONFLICTING stored mode untouched (pref wins)
ok 1206 - chat rehydration leaves a CONFLICTING stored mode untouched (pref wins)
  ---
  duration_ms: 1263.14275
  ...
# Subtest: chat rehydration leaves an ABSENT mode unset (never fabricates a default)
ok 1207 - chat rehydration leaves an ABSENT mode unset (never fabricates a default)
  ---
  duration_ms: 1578.349625
  ...
# Subtest: pipeline chrome gating derives from the explicit getter only (A7 source contract)
ok 1208 - pipeline chrome gating derives from the explicit getter only (A7 source contract)
  ---
  duration_ms: 6.489042
  ...
# Subtest: builder transitive import closure excludes every native/runtime/adapter module
ok 1209 - builder transitive import closure excludes every native/runtime/adapter module
  ---
  duration_ms: 11.858916
  ...
# Subtest: builder source has no candidateGraph/app/DOM/LiteGraph imports or signatures
ok 1210 - builder source has no candidateGraph/app/DOM/LiteGraph imports or signatures
  ---
  duration_ms: 4.988166
  ...
# Subtest: builder owns no self-attested sentinel/proof counters (Gate \#4)
ok 1211 - builder owns no self-attested sentinel/proof counters (Gate \#4)
  ---
  duration_ms: 1.503792
  ...
# Subtest: no production file imports the private builder (Gate: no consumer)
ok 1212 - no production file imports the private builder (Gate: no consumer)
  ---
  duration_ms: 13.354833
  ...
# Subtest: builder exports only the pure plan API and no public mutation method
ok 1213 - builder exports only the pure plan API and no public mutation method
  ---
  duration_ms: 0.704458
  ...
# Subtest: C0 no-new-candidateGraph path: exact legacy allowlist (equality, not repo-wide zero)
ok 1214 - C0 no-new-candidateGraph path: exact legacy allowlist (equality, not repo-wide zero)
  ---
  duration_ms: 64.521083
  ...
# Subtest: no second prepared-authority validator or native-primitive owner escaped into the builder closure
ok 1215 - no second prepared-authority validator or native-primitive owner escaped into the builder closure
  ---
  duration_ms: 3.488875
  ...
# Subtest: structural prepared authority with add_node builds a frozen zero-native plan
ok 1216 - structural prepared authority with add_node builds a frozen zero-native plan
  ---
  duration_ms: 21.389459
  ...
# Subtest: structural authority without add_node builds a plan with no materialization binding
ok 1217 - structural authority without add_node builds a plan with no materialization binding
  ---
  duration_ms: 3.041042
  ...
# Subtest: layout prepared authority builds a frozen zero-native plan over layout ops
ok 1218 - layout prepared authority builds a frozen zero-native plan over layout ops
  ---
  duration_ms: 2.968459
  ...
# Subtest: inverse_delta_v1 payload restoration is re-validated (correct inverse)
ok 1219 - inverse_delta_v1 payload restoration is re-validated (correct inverse)
  ---
  duration_ms: 4.7115
  ...
# Subtest: remove_node forward with add_node inverse + inverse materialization re-validates
ok 1220 - remove_node forward with add_node inverse + inverse materialization re-validates
  ---
  duration_ms: 5.090041
  ...
# Subtest: optional compensation slot is re-validated by recomputation when present
ok 1221 - optional compensation slot is re-validated by recomputation when present
  ---
  duration_ms: 6.773708
  ...
# Subtest: plan is derived solely from prepared authority and independent of later mutation
ok 1222 - plan is derived solely from prepared authority and independent of later mutation
  ---
  duration_ms: 5.201542
  ...
# Subtest: the builder never trips a sentinel even when one is globally installed
ok 1223 - the builder never trips a sentinel even when one is globally installed
  ---
  duration_ms: 5.422542
  ...
# Subtest: unknown authority version fails closed
ok 1224 - unknown authority version fails closed
  ---
  duration_ms: 2.143417
  ...
# Subtest: layout family with non-empty structural ops fails closed
ok 1225 - layout family with non-empty structural ops fails closed
  ---
  duration_ms: 1.551792
  ...
# Subtest: layout family missing layout_operation fails closed
ok 1226 - layout family missing layout_operation fails closed
  ---
  duration_ms: 0.631666
  ...
# Subtest: structural family with add_node missing materialization fails closed
ok 1227 - structural family with add_node missing materialization fails closed
  ---
  duration_ms: 2.37475
  ...
# Subtest: structural family without add_node carrying materialization fails closed
ok 1228 - structural family without add_node carrying materialization fails closed
  ---
  duration_ms: 2.262625
  ...
# Subtest: structural family carrying layout_operation fails closed
ok 1229 - structural family carrying layout_operation fails closed
  ---
  duration_ms: 19.930542
  ...
# Subtest: layout operation digest mismatch fails closed
ok 1230 - layout operation digest mismatch fails closed
  ---
  duration_ms: 133.628667
  ...
# Subtest: mutation materialization digest mismatch fails closed
ok 1231 - mutation materialization digest mismatch fails closed
  ---
  duration_ms: 15.650375
  ...
# Subtest: layout structural witness pre!=post fails closed
ok 1232 - layout structural witness pre!=post fails closed
  ---
  duration_ms: 0.686
  ...
# Subtest: restoration digest mismatch (tampered) fails closed
ok 1233 - restoration digest mismatch (tampered) fails closed
  ---
  duration_ms: 1.525292
  ...
# Subtest: unknown restoration strategy tag fails closed
ok 1234 - unknown restoration strategy tag fails closed
  ---
  duration_ms: 3.852042
  ...
# Subtest: malformed restoration payload (payload + ref both present) fails closed
ok 1235 - malformed restoration payload (payload + ref both present) fails closed
  ---
  duration_ms: 2.18025
  ...
# Subtest: compensation digest mismatch fails closed
ok 1236 - compensation digest mismatch fails closed
  ---
  duration_ms: 4.94075
  ...
# Subtest: compensation fence unbound fails closed
ok 1237 - compensation fence unbound fails closed
  ---
  duration_ms: 3.613042
  ...
# Subtest: malformed restoration compensation (missing fence key) fails closed
ok 1238 - malformed restoration compensation (missing fence key) fails closed
  ---
  duration_ms: 1.179084
  ...
# Subtest: self-inverse (forward value cloned as inverse) fails closed
ok 1239 - self-inverse (forward value cloned as inverse) fails closed
  ---
  duration_ms: 1.070958
  ...
# Subtest: inverse coverage gap fails closed
ok 1240 - inverse coverage gap fails closed
  ---
  duration_ms: 0.934167
  ...
# Subtest: inverse identity unbound fails closed
ok 1241 - inverse identity unbound fails closed
  ---
  duration_ms: 1.498292
  ...
# Subtest: inverse class mismatch fails closed
ok 1242 - inverse class mismatch fails closed
  ---
  duration_ms: 1.4365
  ...
# Subtest: restoration family mismatch fails closed
ok 1243 - restoration family mismatch fails closed
  ---
  duration_ms: 0.836334
  ...
# Subtest: registry owns native-locator cross-graph UID recovery
ok 1244 - registry owns native-locator cross-graph UID recovery
  ---
  duration_ms: 2.479833
  ...
# Subtest: registry preview links require stable named ports
ok 1245 - registry preview links require stable named ports
  ---
  duration_ms: 1.054333
  ...
# Subtest: serialized reorganise preview includes candidate group furniture
ok 1246 - serialized reorganise preview includes candidate group furniture
  ---
  duration_ms: 1.292208
  ...
# Subtest: legacy preview intent suppresses whole-graph widget and link drift
ok 1247 - legacy preview intent suppresses whole-graph widget and link drift
  ---
  duration_ms: 0.896542
  ...
# Subtest: legacy preview intent keeps only explicitly constructed and removed nodes
ok 1248 - legacy preview intent keeps only explicitly constructed and removed nodes
  ---
  duration_ms: 0.319625
  ...
# Subtest: computeMutationPlanHash delegates to canonical hash mirror (produces 64-char hex)
ok 1249 - computeMutationPlanHash delegates to canonical hash mirror (produces 64-char hex)
  ---
  duration_ms: 2.947
  ...
# Subtest: computeMutationPlanHash matches direct sha256Hex call on same data
ok 1250 - computeMutationPlanHash matches direct sha256Hex call on same data
  ---
  duration_ms: 2.36725
  ...
# Subtest: computeMutationPlanHash is deterministic across clones
ok 1251 - computeMutationPlanHash is deterministic across clones
  ---
  duration_ms: 1.484542
  ...
# Subtest: computeMutationPlanHash: different data produces different hash
ok 1252 - computeMutationPlanHash: different data produces different hash
  ---
  duration_ms: 1.935
  ...
# Subtest: computeMutationPlanHash: key-order variation in plan produces same hash
ok 1253 - computeMutationPlanHash: key-order variation in plan produces same hash
  ---
  duration_ms: 1.198417
  ...
# Subtest: computeMutationPlanHash returns empty string for non-object input
ok 1254 - computeMutationPlanHash returns empty string for non-object input
  ---
  duration_ms: 0.620458
  ...
# Subtest: computeCanvasProjectionHash delegates to canonical hash mirror
ok 1255 - computeCanvasProjectionHash delegates to canonical hash mirror
  ---
  duration_ms: 1.637125
  ...
# Subtest: computeCanvasProjectionHash: key-order variation produces identical hash
ok 1256 - computeCanvasProjectionHash: key-order variation produces identical hash
  ---
  duration_ms: 3.057
  ...
# Subtest: computeCanvasProjectionHash: position change changes hash
ok 1257 - computeCanvasProjectionHash: position change changes hash
  ---
  duration_ms: 0.965917
  ...
# Subtest: computeCanvasProjectionHash: group change changes hash
ok 1258 - computeCanvasProjectionHash: group change changes hash
  ---
  duration_ms: 0.765917
  ...
# Subtest: computeCanvasProjectionHash returns empty string for non-object input
ok 1259 - computeCanvasProjectionHash returns empty string for non-object input
  ---
  duration_ms: 0.246833
  ...
# Subtest: extractCanvasProjection extracts positions, sizes, flags, colors from candidate graph
ok 1260 - extractCanvasProjection extracts positions, sizes, flags, colors from candidate graph
  ---
  duration_ms: 0.896
  ...
# Subtest: extractCanvasProjection never treats native node id as stable identity
ok 1261 - extractCanvasProjection never treats native node id as stable identity
  ---
  duration_ms: 0.346292
  ...
# Subtest: extractCanvasProjection: empty graph returns entries-only projection
ok 1262 - extractCanvasProjection: empty graph returns entries-only projection
  ---
  duration_ms: 0.137625
  ...
# Subtest: previewed plan hash matches canonical JS hash for identical plan projection
ok 1263 - previewed plan hash matches canonical JS hash for identical plan projection
  ---
  duration_ms: 1.512875
  ...
# Subtest: applied canvas projection hash uses canonical hash mirror (non-ASCII escaping)
ok 1264 - applied canvas projection hash uses canonical hash mirror (non-ASCII escaping)
  ---
  duration_ms: 0.981583
  ...
# Subtest: canvas projection hash extracted from candidate graph matches direct hash
ok 1265 - canvas projection hash extracted from candidate graph matches direct hash
  ---
  duration_ms: 1.264208
  ...
# Subtest: full round-trip: plan hash → canvas projection hash matches for layout-only data
ok 1266 - full round-trip: plan hash → canvas projection hash matches for layout-only data
  ---
  duration_ms: 2.354542
  ...
# Subtest: mutation-plan hash stability: 50 iterations produce identical result
ok 1267 - mutation-plan hash stability: 50 iterations produce identical result
  ---
  duration_ms: 40.009291
  ...
# Subtest: T27: layout_groups returns candidate groups even without baseline
ok 1268 - T27: layout_groups returns candidate groups even without baseline
  ---
  duration_ms: 0.26625
  ...
# Subtest: T27: layout_groups marks unchanged groups with _changed=false
ok 1269 - T27: layout_groups marks unchanged groups with _changed=false
  ---
  duration_ms: 41.960333
  ...
# Subtest: T27: layout_groups detects new groups (absent from baseline)
ok 1270 - T27: layout_groups detects new groups (absent from baseline)
  ---
  duration_ms: 126.354916
  ...
# Subtest: T27: layout_groups detects resized groups
ok 1271 - T27: layout_groups detects resized groups
  ---
  duration_ms: 0.564792
  ...
# Subtest: T27: layout_groups records removed group keys
ok 1272 - T27: layout_groups records removed group keys
  ---
  duration_ms: 1.466583
  ...
# Subtest: T27: canvas projection hash covers group geometry changes
ok 1273 - T27: canvas projection hash covers group geometry changes
  ---
  duration_ms: 3.141333
  ...
# Subtest: T27: mutation-plan hash domain includes groups
ok 1274 - T27: mutation-plan hash domain includes groups
  ---
  duration_ms: 0.972667
  ...
# Subtest: T27: group colors in the hash domain produce different hashes
ok 1275 - T27: group colors in the hash domain produce different hashes
  ---
  duration_ms: 1.996292
  ...
# Subtest: T27: group addition changes canvas projection hash
ok 1276 - T27: group addition changes canvas projection hash
  ---
  duration_ms: 4.530125
  ...
# Subtest: panel_overlay owns preview overlay implementation details
ok 1277 - panel_overlay owns preview overlay implementation details
  ---
  duration_ms: 10.613
  ...
# Subtest: roundtrip preview overlay export stays a thin owner-module facade
ok 1278 - roundtrip preview overlay export stays a thin owner-module facade
  ---
  duration_ms: 39.286833
  ...
# Subtest: runtime installer passes the owner renderer and syncs live DOM chips from the owner module
ok 1279 - runtime installer passes the owner renderer and syncs live DOM chips from the owner module
  ---
  duration_ms: 2.912
  ...
# Subtest: FORBIDDEN_PREVIEW_OVERLAY_TEXT_PATTERNS blocks diagnostic-detail-structured text
ok 1280 - FORBIDDEN_PREVIEW_OVERLAY_TEXT_PATTERNS blocks diagnostic-detail-structured text
  ---
  duration_ms: 0.916875
  ...
# Subtest: roundtrip does not re-export or inline safePreviewOverlayText
ok 1281 - roundtrip does not re-export or inline safePreviewOverlayText
  ---
  duration_ms: 1.247416
  ...
# Subtest: safePreviewOverlayText usage path only flows through field values and labels, never through diagnostics
ok 1282 - safePreviewOverlayText usage path only flows through field values and labels, never through diagnostics
  ---
  duration_ms: 0.379875
  ...
# Subtest: disabled picker returns null and emits no UI or network traffic
ok 1283 - disabled picker returns null and emits no UI or network traffic
  ---
  duration_ms: 328.368292
  ...
# Subtest: enabled picker fetches the scenario list and renders the toolbar
ok 1284 - enabled picker fetches the scenario list and renders the toolbar
  ---
  duration_ms: 685.239833
  ...
# Subtest: server-disabled picker leaves no visible UI even when browser preference allows it
ok 1285 - server-disabled picker leaves no visible UI even when browser preference allows it
  ---
  duration_ms: 1877.15475
  ...
# Subtest: Load & Play stages demo replay from before-send to review
ok 1286 - Load & Play stages demo replay from before-send to review
  ---
  duration_ms: 910.741041
  ...
# Subtest: Load & Play shows reorganise candidate layout during review
ok 1287 - Load & Play shows reorganise candidate layout during review
  ---
  duration_ms: 869.569334
  ...
# Subtest: non-applyable eligibility disables apply/canvasApply while keeping details collapsed
ok 1288 - non-applyable eligibility disables apply/canvasApply while keeping details collapsed
  ---
  duration_ms: 1807.942375
  ...
# Subtest: demo Apply and Reject do not POST to the backend accept/reject routes
ok 1289 - demo Apply and Reject do not POST to the backend accept/reject routes
  ---
  duration_ms: 1264.905208
  ...
# Subtest: demo candidate never impersonates production — no submit hash, no accept POST on Apply
ok 1290 - demo candidate never impersonates production — no submit hash, no accept POST on Apply
  ---
  duration_ms: 682.282333
  ...
# Subtest: demo Apply is blocked when the candidate scope mismatches the active chat scope
ok 1291 - demo Apply is blocked when the candidate scope mismatches the active chat scope
  ---
  duration_ms: 645.383083
  ...
# Subtest: clearActiveDemo tears down a staged demo and restores production identity
ok 1292 - clearActiveDemo tears down a staged demo and restores production identity
  ---
  duration_ms: 832.50825
  ...
# Subtest: Family B: demo scenario clones drop undefined and function members from agent message and loaded graphs
ok 1293 - Family B: demo scenario clones drop undefined and function members from agent message and loaded graphs
  ---
  duration_ms: 801.821541
  ...
# Subtest: /Users/peteromalley/Documents/reigh-workspace/vibecomfy-oracle-onboard/tests/browser/projection_boundary_helpers.mjs
ok 48 - /Users/peteromalley/Documents/reigh-workspace/vibecomfy-oracle-onboard/tests/browser/projection_boundary_helpers.mjs
  ---
  duration_ms: 97.70475
  ...
# Subtest: normal projection helper allows safe TranscriptMessage and ResponseDetail shapes
ok 1295 - normal projection helper allows safe TranscriptMessage and ResponseDetail shapes
  ---
  duration_ms: 38.684208
  ...
# Subtest: normal projection helper rejects raw diagnostic keys and values
ok 1296 - normal projection helper rejects raw diagnostic keys and values
  ---
  duration_ms: 5.370875
  ...
# Subtest: explicit audit debug and diagnostic affordance names are separate from normal projections
ok 1297 - explicit audit debug and diagnostic affordance names are separate from normal projections
  ---
  duration_ms: 0.582083
  ...
# Subtest: rehydrate payload helper treats raw payloads as projection input only
ok 1298 - rehydrate payload helper treats raw payloads as projection input only
  ---
  duration_ms: 0.530125
  ...
# Subtest: public envelope helper rejects old path aliases in snake_case and camelCase
ok 1299 - public envelope helper rejects old path aliases in snake_case and camelCase
  ---
  duration_ms: 0.991667
  ...
# Subtest: legacy alias helper remains available for canonical payload fixtures
ok 1300 - legacy alias helper remains available for canonical payload fixtures
  ---
  duration_ms: 0.330333
  ...
# Subtest: RENDER_SECTIONS.CANDIDATE is undefined
ok 1301 - RENDER_SECTIONS.CANDIDATE is undefined
  ---
  duration_ms: 5.96175
  ...
# Subtest: Object.keys(RENDER_SECTIONS) does not contain CANDIDATE
ok 1302 - Object.keys(RENDER_SECTIONS) does not contain CANDIDATE
  ---
  duration_ms: 0.49625
  ...
# Subtest: Object.values(RENDER_SECTIONS) does not contain CANDIDATE string
ok 1303 - Object.values(RENDER_SECTIONS) does not contain CANDIDATE string
  ---
  duration_ms: 0.411167
  ...
# Subtest: ALL_RENDER_SECTIONS (derived from RENDER_SECTIONS values) does not contain CANDIDATE
ok 1304 - ALL_RENDER_SECTIONS (derived from RENDER_SECTIONS values) does not contain CANDIDATE
  ---
  duration_ms: 0.419792
  ...
# Subtest: SETTINGS_STATUS_RENDER_SECTIONS does not contain CANDIDATE
ok 1305 - SETTINGS_STATUS_RENDER_SECTIONS does not contain CANDIDATE
  ---
  duration_ms: 0.181084
  ...
# Subtest: SETTINGS_STATUS_RENDER_SECTIONS only contains known valid sections
ok 1306 - SETTINGS_STATUS_RENDER_SECTIONS only contains known valid sections
  ---
  duration_ms: 0.349167
  ...
# Subtest: normalizeObligationDirtySections throws for CANDIDATE string
ok 1307 - normalizeObligationDirtySections throws for CANDIDATE string
  ---
  duration_ms: 0.797625
  ...
# Subtest: normalizeObligationDirtySections throws for CANDIDATE mixed with valid sections
ok 1308 - normalizeObligationDirtySections throws for CANDIDATE mixed with valid sections
  ---
  duration_ms: 0.382625
  ...
# Subtest: normalizeObligationDirtySections throws for any unknown section
ok 1309 - normalizeObligationDirtySections throws for any unknown section
  ---
  duration_ms: 0.437375
  ...
# Subtest: normalizeObligationDirtySections passes valid sections through
ok 1310 - normalizeObligationDirtySections passes valid sections through
  ---
  duration_ms: 3.616375
  ...
# Subtest: normalizeObligationDirtySections de-duplicates valid sections
ok 1311 - normalizeObligationDirtySections de-duplicates valid sections
  ---
  duration_ms: 0.209709
  ...
# Subtest: normalizeDirtySectionList throws for CANDIDATE string
ok 1312 - normalizeDirtySectionList throws for CANDIDATE string
  ---
  duration_ms: 0.309708
  ...
# Subtest: normalizeDirtySectionList throws for CANDIDATE mixed with valid sections
ok 1313 - normalizeDirtySectionList throws for CANDIDATE mixed with valid sections
  ---
  duration_ms: 0.127
  ...
# Subtest: normalizeDirtySectionList returns undefined for undefined input
ok 1314 - normalizeDirtySectionList returns undefined for undefined input
  ---
  duration_ms: 0.372333
  ...
# Subtest: normalizeDirtySectionList returns [] for null input
ok 1315 - normalizeDirtySectionList returns [] for null input
  ---
  duration_ms: 0.152625
  ...
# Subtest: normalizeDirtySectionList returns normalized valid sections
ok 1316 - normalizeDirtySectionList returns normalized valid sections
  ---
  duration_ms: 0.524333
  ...
# Subtest: markAgentPanelDirty throws for CANDIDATE in sections (even with disconnected panel)
ok 1317 - markAgentPanelDirty throws for CANDIDATE in sections (even with disconnected panel)
  ---
  duration_ms: 0.715167
  ...
# Subtest: markAgentPanelDirty throws for any unknown section
ok 1318 - markAgentPanelDirty throws for any unknown section
  ---
  duration_ms: 0.542666
  ...
# Subtest: markAgentPanelDirty accepts valid sections for disconnected panel
ok 1319 - markAgentPanelDirty accepts valid sections for disconnected panel
  ---
  duration_ms: 0.220625
  ...
# Subtest: markAgentPanelDirty returns existing pending when passed empty sections
ok 1320 - markAgentPanelDirty returns existing pending when passed empty sections
  ---
  duration_ms: 0.435291
  ...
# Subtest: markAgentPanelDirty returns [] for null panel
ok 1321 - markAgentPanelDirty returns [] for null panel
  ---
  duration_ms: 0.137334
  ...
# Subtest: markAgentPanelDirtyAfterCommit throws for CANDIDATE in sections
ok 1322 - markAgentPanelDirtyAfterCommit throws for CANDIDATE in sections
  ---
  duration_ms: 3.633583
  ...
# Subtest: markAgentPanelDirtyAfterCommit throws for CANDIDATE before any scheduling
ok 1323 - markAgentPanelDirtyAfterCommit throws for CANDIDATE before any scheduling
  ---
  duration_ms: 0.157917
  ...
# Subtest: markAgentPanelDirtyAfterCommit returns [] for null panel
ok 1324 - markAgentPanelDirtyAfterCommit returns [] for null panel
  ---
  duration_ms: 0.090667
  ...
# Subtest: consumeAgentPanelDirtySections throws for CANDIDATE in fallbackSections
ok 1325 - consumeAgentPanelDirtySections throws for CANDIDATE in fallbackSections
  ---
  duration_ms: 0.148625
  ...
# Subtest: consumeAgentPanelDirtySections throws for unknown section in fallback
ok 1326 - consumeAgentPanelDirtySections throws for unknown section in fallback
  ---
  duration_ms: 0.102917
  ...
# Subtest: consumeAgentPanelDirtySections returns [] for null panel
ok 1327 - consumeAgentPanelDirtySections returns [] for null panel
  ---
  duration_ms: 0.075084
  ...
# Subtest: scheduleRenderAgentPanel throws for CANDIDATE even when panel root is disconnected
ok 1328 - scheduleRenderAgentPanel throws for CANDIDATE even when panel root is disconnected
  ---
  duration_ms: 0.268792
  ...
# Subtest: scheduleRenderAgentPanel throws for CANDIDATE with undefined-like panel
ok 1329 - scheduleRenderAgentPanel throws for CANDIDATE with undefined-like panel
  ---
  duration_ms: 0.099417
  ...
# Subtest: scheduleRenderAgentPanel throws for CANDIDATE with root.isConnected = false
ok 1330 - scheduleRenderAgentPanel throws for CANDIDATE with root.isConnected = false
  ---
  duration_ms: 0.0965
  ...
# Subtest: scheduleRenderAgentPanel throws for unknown section before connectivity check
ok 1331 - scheduleRenderAgentPanel throws for unknown section before connectivity check
  ---
  duration_ms: 0.098625
  ...
# Subtest: scheduleRenderAgentPanel silently returns for disconnected panel with valid sections
ok 1332 - scheduleRenderAgentPanel silently returns for disconnected panel with valid sections
  ---
  duration_ms: 0.725333
  ...
# Subtest: scheduleRenderAgentPanel silently returns for disconnected panel with undefined fallbackSections
ok 1333 - scheduleRenderAgentPanel silently returns for disconnected panel with undefined fallbackSections
  ---
  duration_ms: 0.574834
  ...
# Subtest: CANDIDATE string cannot pass through markAgentPanelDirty
ok 1334 - CANDIDATE string cannot pass through markAgentPanelDirty
  ---
  duration_ms: 0.186791
  ...
# Subtest: CANDIDATE string cannot pass through markAgentPanelDirtyAfterCommit
ok 1335 - CANDIDATE string cannot pass through markAgentPanelDirtyAfterCommit
  ---
  duration_ms: 0.146417
  ...
# Subtest: CANDIDATE string cannot pass through consumeAgentPanelDirtySections
ok 1336 - CANDIDATE string cannot pass through consumeAgentPanelDirtySections
  ---
  duration_ms: 0.140166
  ...
# Subtest: CANDIDATE string cannot pass through scheduleRenderAgentPanel
ok 1337 - CANDIDATE string cannot pass through scheduleRenderAgentPanel
  ---
  duration_ms: 0.116625
  ...
# Subtest: CANDIDATE string cannot pass through normalizeDirtySectionList
ok 1338 - CANDIDATE string cannot pass through normalizeDirtySectionList
  ---
  duration_ms: 0.104917
  ...
# Subtest: CANDIDATE string cannot pass through normalizeObligationDirtySections
ok 1339 - CANDIDATE string cannot pass through normalizeObligationDirtySections
  ---
  duration_ms: 0.107459
  ...
# Subtest: normalizeObligationDirtySections throws for non-string section entries
ok 1340 - normalizeObligationDirtySections throws for non-string section entries
  ---
  duration_ms: 0.106833
  ...
# Subtest: normalizeObligationDirtySections returns input unchanged when dirtySections is undefined
ok 1341 - normalizeObligationDirtySections returns input unchanged when dirtySections is undefined
  ---
  duration_ms: 0.087
  ...
# Subtest: normalizeObligationDirtySections returns input unchanged for non-object
ok 1342 - normalizeObligationDirtySections returns input unchanged for non-object
  ---
  duration_ms: 0.081875
  ...
# Subtest: normalizeDirtySectionList handles edge-case empty array with null panel
ok 1343 - normalizeDirtySectionList handles edge-case empty array with null panel
  ---
  duration_ms: 0.115083
  ...
# Subtest: Every valid RENDER_SECTIONS value can pass through normalizeDirtySectionList
ok 1344 - Every valid RENDER_SECTIONS value can pass through normalizeDirtySectionList
  ---
  duration_ms: 0.268542
  ...
# Subtest: Every valid RENDER_SECTIONS value can pass through markAgentPanelDirty
ok 1345 - Every valid RENDER_SECTIONS value can pass through markAgentPanelDirty
  ---
  duration_ms: 0.14975
  ...
# Subtest: VibeComfy browser canonical hash helper sorts object keys while preserving array order
ok 1346 - VibeComfy browser canonical hash helper sorts object keys while preserving array order
  ---
  duration_ms: 7.465833
  ...
# Subtest: submitRating validates response identity before network calls
ok 1347 - submitRating validates response identity before network calls
  ---
  duration_ms: 1415.856917
  ...
# Subtest: submitRating rejects missing turn metadata before network calls
ok 1348 - submitRating rejects missing turn metadata before network calls
  ---
  duration_ms: 1116.115958
  ...
# Subtest: submitRating posts metadata-only rating without ZIP fields
ok 1349 - submitRating posts metadata-only rating without ZIP fields
  ---
  duration_ms: 830.524917
  ...
# Subtest: submitRating builds, size-checks, and uploads debug pack when requested
ok 1350 - submitRating builds, size-checks, and uploads debug pack when requested
  ---
  duration_ms: 1765.437666
  ...
# Subtest: submitRating rejects oversized debug pack before posting rating payload
ok 1351 - submitRating rejects oversized debug pack before posting rating payload
  ---
  duration_ms: 893.048833
  ...
# Subtest: VibeComfy structural graph projection ignores volatile canvas fields but keeps real edits
ok 1352 - VibeComfy structural graph projection ignores volatile canvas fields but keeps real edits
  ---
  duration_ms: 540.827959
  ...
# Subtest: VibeComfy browser harness loads the extension, captures commands, loadGraphData, and reuses one persistent right-side panel root
ok 1353 - VibeComfy browser harness loads the extension, captures commands, loadGraphData, and reuses one persistent right-side panel root
  ---
  duration_ms: 634.929084
  ...
# Subtest: VibeComfy beforeRegisterNodeDef decorates intent node prototypes and degrades safely on malformed metadata
ok 1354 - VibeComfy beforeRegisterNodeDef decorates intent node prototypes and degrades safely on malformed metadata
  ---
  duration_ms: 652.803083
  ...
# Subtest: VibeComfy agent executor submit posts the live graph, renders the reply, and dedupes in-flight submits
ok 1355 - VibeComfy agent executor submit posts the live graph, renders the reply, and dedupes in-flight submits
  ---
  duration_ms: 786.534916
  ...
# Subtest: VibeComfy executor submit preserves prior chat history while pending
ok 1356 - VibeComfy executor submit preserves prior chat history while pending
  ---
  duration_ms: 707.904375
  ...
# Subtest: VibeComfy disables Submit while provider readiness is loading
ok 1357 - VibeComfy disables Submit while provider readiness is loading
  ---
  duration_ms: 250.348416
  ...
# Subtest: VibeComfy does not use client structural hash drift as a local candidate blocker
ok 1358 - VibeComfy does not use client structural hash drift as a local candidate blocker
  ---
  duration_ms: 519.40725
  ...
# Subtest: VibeComfy renders a clarify turn as a question, not a no-op candidate
ok 1359 - VibeComfy renders a clarify turn as a question, not a no-op candidate
  ---
  duration_ms: 292.631458
  ...
# Subtest: VibeComfy stale-canvas submit failure renders Rebaseline & retry and auto-resubmits
ok 1360 - VibeComfy stale-canvas submit failure renders Rebaseline & retry and auto-resubmits
  ---
  duration_ms: 417.444458
  ...
# Subtest: VibeComfy renders no-op edit turns without entering review
ok 1361 - VibeComfy renders no-op edit turns without entering review
  ---
  duration_ms: 330.091167
  ...
# Subtest: VibeComfy treats graph-unchanged all-gates-false candidate responses as no-op turns
ok 1362 - VibeComfy treats graph-unchanged all-gates-false candidate responses as no-op turns
  ---
  duration_ms: 406.651167
  ...
# Subtest: VibeComfy live submit no-op response shape settles in Ready without review
ok 1363 - VibeComfy live submit no-op response shape settles in Ready without review
  ---
  duration_ms: 347.875083
  ...
# Subtest: VibeComfy answer-only no-op response renders the assistant explanation
ok 1364 - VibeComfy answer-only no-op response renders the assistant explanation
  ---
  duration_ms: 934.262375
  ...
# Subtest: VibeComfy preserves Apply controls for edit+clarify candidates
ok 1365 - VibeComfy preserves Apply controls for edit+clarify candidates
  ---
  duration_ms: 449.529084
  ...
# Subtest: VibeComfy failure bubble uses envelope user_facing_message for MalformedModelJSON
ok 1366 - VibeComfy failure bubble uses envelope user_facing_message for MalformedModelJSON
  ---
  duration_ms: 363.908083
  ...
# Subtest: VibeComfy reads typed candidate and eligibility envelopes without compatibility mirrors
ok 1367 - VibeComfy reads typed candidate and eligibility envelopes without compatibility mirrors
  ---
  duration_ms: 368.446875
  ...
# Subtest: Lifecycle A5 backend accept rejected disables an applyable candidate
ok 1368 - Lifecycle A5 backend accept rejected disables an applyable candidate
  ---
  duration_ms: 357.390417
  ...
# Subtest: V2 candidate routes Apply to prepare and never to legacy accept
ok 1369 - V2 candidate routes Apply to prepare and never to legacy accept
  ---
  duration_ms: 428.701417
  ...
# Subtest: V2 transaction finalizes with the browser structural post-apply hash and no rollback
ok 1370 - V2 transaction finalizes with the browser structural post-apply hash and no rollback
  ---
  duration_ms: 508.229958
  ...
# Subtest: V2 layout transaction applies the exact authoritative layout candidate
ok 1371 - V2 layout transaction applies the exact authoritative layout candidate
  ---
  duration_ms: 729.508541
  ...
# Subtest: prepared transaction keeps a compact pinned Rollback action instead of losing all controls
ok 1372 - prepared transaction keeps a compact pinned Rollback action instead of losing all controls
  ---
  duration_ms: 288.045833
  ...
# Subtest: prepared transaction rehydrate restores candidate-mutated canvas before cancellation and never exposes Undo
ok 1373 - prepared transaction rehydrate restores candidate-mutated canvas before cancellation and never exposes Undo
  ---
  duration_ms: 395.658917
  ...
# Subtest: V2 applies same-batch ImageScale add plus two rewires without whole-graph configure
ok 1374 - V2 applies same-batch ImageScale add plus two rewires without whole-graph configure
  ---
  duration_ms: 559.225041
  ...
# Subtest: V2 finalize failure restores canvas and reports one compensated terminal failure
ok 1375 - V2 finalize failure restores canvas and reports one compensated terminal failure
  ---
  duration_ms: 477.840875
  ...
# Subtest: V2 native mutation throw compensates once, restores canvas, and retains the rollback receipt
ok 1376 - V2 native mutation throw compensates once, restores canvas, and retains the rollback receipt
  ---
  duration_ms: 550.14875
  ...
# Subtest: V2 side-effect-free preflight failure rolls back the lease without inverse canvas mutation
ok 1377 - V2 side-effect-free preflight failure rolls back the lease without inverse canvas mutation
  ---
  duration_ms: 420.356542
  ...
# Subtest: V2 scoped postcheck mismatch compensates with one actionable bubble and a rollback receipt
ok 1378 - V2 scoped postcheck mismatch compensates with one actionable bubble and a rollback receipt
  ---
  duration_ms: 467.161917
  ...
# Subtest: V2 rollback failure after a restored canvas remains RECOVERY_REQUIRED with the prepared lease
ok 1379 - V2 rollback failure after a restored canvas remains RECOVERY_REQUIRED with the prepared lease
  ---
  duration_ms: 433.432625
  ...
# Subtest: superseded rollback diagnostic uses canonical candidate_transaction_v1 compensation
ok 1380 - superseded rollback diagnostic uses canonical candidate_transaction_v1 compensation
  ---
  duration_ms: 2.345125
  ...
# Subtest: same-candidate legacy rehydrate omission preserves receipts through missing-native placeholder apply
ok 1381 - same-candidate legacy rehydrate omission preserves receipts through missing-native placeholder apply
  ---
  duration_ms: 196.7755
  ...
# Subtest: superseded incomplete-restore diagnostic retains canonical recovery state
ok 1382 - superseded incomplete-restore diagnostic retains canonical recovery state
  ---
  duration_ms: 1.561625
  ...
# Subtest: V2 delta candidate missing plan metadata fails locally without legacy accept
ok 1383 - V2 delta candidate missing plan metadata fails locally without legacy accept
  ---
  duration_ms: 310.686084
  ...
# Subtest: V2 candidate missing persisted delta ops fails closed before prepare or canvas mutation
ok 1384 - V2 candidate missing persisted delta ops fails closed before prepare or canvas mutation
  ---
  duration_ms: 323.479084
  ...
# Subtest: Prepare-stage stale mismatch renders one failure bubble and rebaseline-retries the original task
ok 1385 - Prepare-stage stale mismatch renders one failure bubble and rebaseline-retries the original task
  ---
  duration_ms: 485.096042
  ...
# Subtest: VibeComfy ignores raw apply booleans when apply_eligible authorizes Apply
ok 1386 - VibeComfy ignores raw apply booleans when apply_eligible authorizes Apply
  ---
  duration_ms: 437.48675
  ...
# Subtest: VibeComfy disables Apply and warns when a candidate arrives without apply_eligible
ok 1387 - VibeComfy disables Apply and warns when a candidate arrives without apply_eligible
  ---
  duration_ms: 288.316667
  ...
# Subtest: VibeComfy agent panel renders rich candidate and failure states without mutating the canvas on failed or malformed responses
ok 1388 - VibeComfy agent panel renders rich candidate and failure states without mutating the canvas on failed or malformed responses
  ---
  duration_ms: 406.415041
  ...
# Subtest: VibeComfy Apply requires explicit canvas allowance, prepares native mutation, and leaves v2 Undo to the durable journal
ok 1389 - VibeComfy Apply requires explicit canvas allowance, prepares native mutation, and leaves v2 Undo to the durable journal
  ---
  duration_ms: 558.254084
  ...
# Subtest: VibeComfy reorganisation candidates preview and apply authoritative layout without browser Undo authority
ok 1390 - VibeComfy reorganisation candidates preview and apply authoritative layout without browser Undo authority
  ---
  duration_ms: 379.709416
  ...
# Subtest: T27: VibeComfy preview overlay renders group geometry parity — candidate groups with baseline comparison
ok 1391 - T27: VibeComfy preview overlay renders group geometry parity — candidate groups with baseline comparison
  ---
  duration_ms: 189.786125
  ...
# Subtest: T27: VibeComfy preview overlay renders new groups without baseline ghost
ok 1392 - T27: VibeComfy preview overlay renders new groups without baseline ghost
  ---
  duration_ms: 294.751125
  ...
# Subtest: VibeComfy rehydrate restores reorganise latest-candidate layout preview
ok 1393 - VibeComfy rehydrate restores reorganise latest-candidate layout preview
  ---
  duration_ms: 889.506208
  ...
# Subtest: VibeComfy Apply allows nonstructural serialize drift when the live canvas revision is unchanged
ok 1394 - VibeComfy Apply allows nonstructural serialize drift when the live canvas revision is unchanged
  ---
  duration_ms: 574.404459
  ...
# Subtest: VibeComfy Apply allows nonstructural drift even after the live canvas token changes
ok 1395 - VibeComfy Apply allows nonstructural drift even after the live canvas token changes
  ---
  duration_ms: 423.494542
  ...
# Subtest: VibeComfy Apply blocks structural drift against the typed v2 precondition before prepare
ok 1396 - VibeComfy Apply blocks structural drift against the typed v2 precondition before prepare
  ---
  duration_ms: 377.271459
  ...
# Subtest: VibeComfy v2 Apply rolls back when a live-token race lands during prepare before native mutation
ok 1397 - VibeComfy v2 Apply rolls back when a live-token race lands during prepare before native mutation
  ---
  duration_ms: 307.223417
  ...
# Subtest: VibeComfy v2 Apply uses scoped delta mutation, tolerates unrelated post-accept drift, and reports verified canvas changes
ok 1398 - VibeComfy v2 Apply uses scoped delta mutation, tolerates unrelated post-accept drift, and reports verified canvas changes
  ---
  duration_ms: 465.801167
  ...
# Subtest: VibeComfy v2 Apply resolves semantic KSampler fields through native widgets when serialization omits descriptors
ok 1399 - VibeComfy v2 Apply resolves semantic KSampler fields through native widgets when serialization omits descriptors
  ---
  duration_ms: 567.4
  ...
# Subtest: VibeComfy v2 Apply compensates an exception after prepare and before native mutation
ok 1400 - VibeComfy v2 Apply compensates an exception after prepare and before native mutation
  ---
  duration_ms: 660.772
  ...
# Subtest: VibeComfy resumes a durably prepared transaction from an unchanged canvas without preparing again
ok 1401 - VibeComfy resumes a durably prepared transaction from an unchanged canvas without preparing again
  ---
  duration_ms: 584.475833
  ...
# Subtest: VibeComfy v2 Apply blocks when the touched region drifts after backend accept, even if delta ops only exist in panel state
ok 1402 - VibeComfy v2 Apply blocks when the touched region drifts after backend accept, even if delta ops only exist in panel state
  ---
  duration_ms: 561.088458
  ...
# Subtest: VibeComfy v2 Apply refuses a touched-link race before mutation and reports scoped conflict diagnostics
ok 1403 - VibeComfy v2 Apply refuses a touched-link race before mutation and reports scoped conflict diagnostics
  ---
  duration_ms: 465.030959
  ...
# Subtest: legacy accept-path post-apply rollback diagnostics (retired migration coverage; canonical V2 compensation is tested separately)
ok 1404 - legacy accept-path post-apply rollback diagnostics (retired migration coverage; canonical V2 compensation is tested separately) # SKIP
  ---
  duration_ms: 0.195875
  ...
# Subtest: legacy accept-path incomplete restore diagnostics (retired migration coverage; canonical V2 recovery is tested separately)
ok 1405 - legacy accept-path incomplete restore diagnostics (retired migration coverage; canonical V2 recovery is tested separately) # SKIP
  ---
  duration_ms: 0.070875
  ...
# Subtest: VibeComfy keeps the full candidate graph available for preview overlay in scoped review mode
ok 1406 - VibeComfy keeps the full candidate graph available for preview overlay in scoped review mode
  ---
  duration_ms: 295.577459
  ...
# Subtest: VibeComfy falls back to panel-only changed-node and queue warnings when live node lookup or a safe native queue hook is unavailable
ok 1407 - VibeComfy falls back to panel-only changed-node and queue warnings when live node lookup or a safe native queue hook is unavailable
  ---
  duration_ms: 513.526292
  ...
# Subtest: VibeComfy in-place apply decorates intent nodes with persistent styling, typed labels, and read-only previews
ok 1408 - VibeComfy in-place apply decorates intent nodes with persistent styling, typed labels, and read-only previews
  ---
  duration_ms: 550.841083
  ...
# Subtest: VibeComfy provider settings autosave OpenRouter credentials and surface soft rejections without re-rendering raw keys
ok 1409 - VibeComfy provider settings autosave OpenRouter credentials and surface soft rejections without re-rendering raw keys
  ---
  duration_ms: 327.433666
  ...
# Subtest: VibeComfy route/model controls stay explicit across loading, missing-route-options, malformed-status, and unavailable status states
ok 1410 - VibeComfy route/model controls stay explicit across loading, missing-route-options, malformed-status, and unavailable status states
  ---
  duration_ms: 299.92475
  ...
# Subtest: VibeComfy settings live in a toggled popover and keep route-status guidance plus developer diagnostics there
ok 1411 - VibeComfy settings live in a toggled popover and keep route-status guidance plus developer diagnostics there
  ---
  duration_ms: 318.168833
  ...
# Subtest: VibeComfy developer diagnostics fetch runtime identity even when route status is unavailable
ok 1412 - VibeComfy developer diagnostics fetch runtime identity even when route status is unavailable
  ---
  duration_ms: 263.924416
  ...
# Subtest: VibeComfy settings toggle saves and triggers research contribution
ok 1413 - VibeComfy settings toggle saves and triggers research contribution
  ---
  duration_ms: 273.428708
  ...
# Subtest: VibeComfy onboarding asks for research contribution after engine selection
ok 1414 - VibeComfy onboarding asks for research contribution after engine selection
  ---
  duration_ms: 271.168833
  ...
# Subtest: VibeComfy onboarding research/thanks screens survive status refreshes; unset answer re-asks fresh
ok 1415 - VibeComfy onboarding research/thanks screens survive status refreshes; unset answer re-asks fresh
  ---
  duration_ms: 2304.972333
  ...
# Subtest: VibeComfy first open auto-selects DeepSeek when a stored browser key is ready
ok 1416 - VibeComfy first open auto-selects DeepSeek when a stored browser key is ready
  ---
  duration_ms: 424.150209
  ...
# Subtest: VibeComfy does not treat a native DeepSeek key as an OpenRouter credential
ok 1417 - VibeComfy does not treat a native DeepSeek key as an OpenRouter credential
  ---
  duration_ms: 279.406791
  ...
# Subtest: VibeComfy surfaces network and malformed accept failures with retry guidance and without canvas mutation
ok 1418 - VibeComfy surfaces network and malformed accept failures with retry guidance and without canvas mutation
  ---
  duration_ms: 467.100958
  ...
# Subtest: Lifecycle B2/B5 rebaseline sync blocks submit while pending or in flight
ok 1419 - Lifecycle B2/B5 rebaseline sync blocks submit while pending or in flight
  ---
  duration_ms: 240.685208
  ...
# Subtest: VibeComfy renders one stale-state recovery action, retries against updated evidence, and recovers through rebaseline resubmit and apply
ok 1420 - VibeComfy renders one stale-state recovery action, retries against updated evidence, and recovers through rebaseline resubmit and apply
  ---
  duration_ms: 418.2105
  ...
# Subtest: VibeComfy turn audits move from persistent history cards into expanded bubble details
ok 1421 - VibeComfy turn audits move from persistent history cards into expanded bubble details
  ---
  duration_ms: 663.738792
  ...
# Subtest: VibeComfy agent turn websocket listener ignores closed or foreign sessions and reconciles authoritative batch_turns from the submit response
ok 1422 - VibeComfy agent turn websocket listener ignores closed or foreign sessions and reconciles authoritative batch_turns from the submit response
  ---
  duration_ms: 576.780209
  ...
# Subtest: VibeComfy lowered recovery entries are informational and do not block queue, while graph-scan fallback still blocks unlowered intent nodes
ok 1423 - VibeComfy lowered recovery entries are informational and do not block queue, while graph-scan fallback still blocks unlowered intent nodes
  ---
  duration_ms: 336.687084
  ...
# GSDUMP2_START
# VibeComfyReady⚙Closestate: IDLEsession: newturn: pendingbaseline: nonephase: PendingThreadTry an exampleuses your API keyuses your API keyuses your API keyuses your API keyuses your API keySubmitStopApplyResume ApplyRejectCancel interrupted ApplyNew conversation?Settingsautodeepseekanthropicopenai-codexAgent modeChoose agent mode…Staged pipelineThreaded agentStructures each request into multiple steps (Decide → Research → Execute → Review). Works better with smaller models.Test ProviderContribute agent researchYESNOauto → arnold (provider ready)Developer▸ DeveloperAdapter CapabilitiesgraphApply: ✓ (Live graph supports in-place clear + configure.)previewForeground: ✓ (Instance-level app.canvas.onDrawForeground available.)preview strategy: property-interceptorqueueGuard: ✓ (app.queuePrompt is wrapped.)supportsAll: yes (frontend 1.39.x)Queue Guard StatehookInstalled: truehookPath: app.queuePromptactiveContext: nonelastBlockNotice: noneblockedTurnKeys: 0Runtime IdentityinfoRoute: loadinginfoContractVersion: unknownprocessStartId: unknowngitSha: unknowngitState: unknownwebSourceHash: unknownwebSourceState: unknownservedAsset: unknownservedAssetState: unknownHashesbaselineGraphHash: nonecandidateGraphHash: noneserverSubmitGraphHash: noneApply Candidate StaterouteStatus: readystage: nonecandidatePresent: falsecanvasApplyAllowed: falsequeueAllowed: falseapplyAllowed: falseapplyEligibility: nullRaw JSONStatus snapshotok: true; "ok": true; provider_available: true; "provider_available": true; route: arnold; requested_route: auto; route_options: {...}; ready: true; "ready": trueChoose Your EngineChoose who does the thinking. You can change this later.ClaudeThe sharpest hand. Uses your local Claude CLI.VibeComfy drives your local `claude` CLI in headless mode. Anthropic’s terms don’t explicitly sanction automated CLI use — use at your own risk.OpenRouterOpenRouter-backed models. Pay as you go — your key, your bill.Where do I get a key?CodexSanctioned. Uses your local Codex CLI login. This should be okay.Confirm Selection
# VibeComfyReady⚙Closestate: IDLEsession: newturn: pendingbaseline: nonephase: PendingThreadTry an exampleuses your API keyuses your API keyuses your API keyuses your API keyuses your API keySubmitStopApplyResume ApplyRejectCancel interrupted ApplyNew conversation?Settingsautodeepseekanthropicopenai-codexAgent modeChoose agent mode…Staged pipelineThreaded agentStructures each request into multiple steps (Decide → Research → Execute → Review). Works better with smaller models.Test ProviderContribute agent researchYESNOauto → arnold (provider ready)Developer▸ DeveloperAdapter CapabilitiesgraphApply: ✓ (Live graph supports in-place clear + configure.)previewForeground: ✓ (Instance-level app.canvas.onDrawForeground available.)preview strategy: property-interceptorqueueGuard: ✓ (app.queuePrompt is wrapped.)supportsAll: yes (frontend 1.39.x)Queue Guard StatehookInstalled: truehookPath: app.queuePromptactiveContext: nonelastBlockNotice: noneblockedTurnKeys: 0Runtime IdentityinfoRoute: loadinginfoContractVersion: unknownprocessStartId: unknowngitSha: unknowngitState: unknownwebSourceHash: unknownwebSourceState: unknownservedAsset: unknownservedAssetState: unknownHashesbaselineGraphHash: nonecandidateGraphHash: noneserverSubmitGraphHash: noneApply Candidate StaterouteStatus: readystage: nonecandidatePresent: falsecanvasApplyAllowed: falsequeueAllowed: falseapplyAllowed: falseapplyEligibility: nullRaw JSONStatus snapshotok: true; "ok": true; provider_available: true; "provider_available": true; route: arnold; requested_route: auto; route_options: {...}; ready: true; "ready": trueChoose Your EngineChoose who does the thinking. You can change this later.ClaudeThe sharpest hand. Uses your local Claude CLI.VibeComfy drives your local `claude` CLI in headless mode. Anthropic’s terms don’t explicitly sanction automated CLI use — use at your own risk.OpenRouterOpenRouter-backed models. Pay as you go — your key, your bill.Where do I get a key?CodexSanctioned. Uses your local Codex CLI login. This should be okay.Confirm Selection
# VibeComfyReady⚙Closestate: IDLEsession: newturn: pendingbaseline: nonephase: PendingThreadTry an exampleuses your API keyuses your API keyuses your API keyuses your API keyuses your API keySubmitStopApplyResume ApplyRejectCancel interrupted ApplyNew conversation?Settingsautodeepseekanthropicopenai-codexAgent modeChoose agent mode…Staged pipelineThreaded agentStructures each request into multiple steps (Decide → Research → Execute → Review). Works better with smaller models.Test ProviderContribute agent researchYESNOauto → arnold (provider ready)Developer▸ DeveloperAdapter CapabilitiesgraphApply: ✓ (Live graph supports in-place clear + configure.)previewForeground: ✓ (Instance-level app.canvas.onDrawForeground available.)preview strategy: property-interceptorqueueGuard: ✓ (app.queuePrompt is wrapped.)supportsAll: yes (frontend 1.39.x)Queue Guard StatehookInstalled: truehookPath: app.queuePromptactiveContext: nonelastBlockNotice: noneblockedTurnKeys: 0Runtime IdentityinfoRoute: loadinginfoContractVersion: unknownprocessStartId: unknowngitSha: unknowngitState: unknownwebSourceHash: unknownwebSourceState: unknownservedAsset: unknownservedAssetState: unknownHashesbaselineGraphHash: nonecandidateGraphHash: noneserverSubmitGraphHash: noneApply Candidate StaterouteStatus: readystage: nonecandidatePresent: falsecanvasApplyAllowed: falsequeueAllowed: falseapplyAllowed: falseapplyEligibility: nullRaw JSONStatus snapshotok: true; "ok": true; provider_available: true; "provider_available": true; route: arnold; requested_route: auto; route_options: {...}; ready: true; "ready": trueChoose Your EngineChoose who does the thinking. You can change this later.ClaudeThe sharpest hand. Uses your local Claude CLI.VibeComfy drives your local `claude` CLI in headless mode. Anthropic’s terms don’t explicitly sanction automated CLI use — use at your own risk.OpenRouterOpenRouter-backed models. Pay as you go — your key, your bill.Where do I get a key?CodexSanctioned. Uses your local Codex CLI login. This should be okay.Confirm Selection
# VibeComfyReady⚙Close
# VibeComfy
# VibeComfy
# VibeComfy
# Ready⚙Close
# Ready
# ⚙
# Close
# state: IDLEsession: newturn: pendingbaseline: nonephase: Pending
# state: IDLE
# state: 
# IDLE
# session: new
# session: 
# new
# turn: pending
# turn: 
# pending
# baseline: none
# baseline: 
# none
# phase: Pending
# phase: 
# Pending
# ThreadTry an exampleuses your API keyuses your API keyuses your API keyuses your API keyuses your API key
# ThreadTry an exampleuses your API keyuses your API keyuses your API keyuses your API keyuses your API key
# Thread
# Try an exampleuses your API keyuses your API keyuses your API keyuses your API keyuses your API key
# Try an exampleuses your API keyuses your API keyuses your API keyuses your API keyuses your API key
# Try an exampleuses your API keyuses your API keyuses your API keyuses your API keyuses your API key
# Try an exampleuses your API keyuses your API keyuses your API keyuses your API keyuses your API key
# Try an exampleuses your API keyuses your API keyuses your API keyuses your API keyuses your API key
# Try an example
# uses your API key
# uses your API key
# uses your API key
# uses your API key
# uses your API key
# uses your API key
# uses your API key
# uses your API key
# uses your API key
# uses your API key
# SubmitStopApplyResume ApplyRejectCancel interrupted ApplyNew conversation?
# SubmitStopApplyResume ApplyRejectCancel interrupted ApplyNew conversation?
# Submit
# Stop
# Apply
# Resume Apply
# Reject
# Cancel interrupted Apply
# New conversation
# ?
# Settingsautodeepseekanthropicopenai-codexAgent modeChoose agent mode…Staged pipelineThreaded agentStructures each request into multiple steps (Decide → Research → Execute → Review). Works better with smaller models.Test ProviderContribute agent researchYESNOauto → arnold (provider ready)Developer▸ DeveloperAdapter CapabilitiesgraphApply: ✓ (Live graph supports in-place clear + configure.)previewForeground: ✓ (Instance-level app.canvas.onDrawForeground available.)preview strategy: property-interceptorqueueGuard: ✓ (app.queuePrompt is wrapped.)supportsAll: yes (frontend 1.39.x)Queue Guard StatehookInstalled: truehookPath: app.queuePromptactiveContext: nonelastBlockNotice: noneblockedTurnKeys: 0Runtime IdentityinfoRoute: loadinginfoContractVersion: unknownprocessStartId: unknowngitSha: unknowngitState: unknownwebSourceHash: unknownwebSourceState: unknownservedAsset: unknownservedAssetState: unknownHashesbaselineGraphHash: nonecandidateGraphHash: noneserverSubmitGraphHash: noneApply Candidate StaterouteStatus: readystage: nonecandidatePresent: falsecanvasApplyAllowed: falsequeueAllowed: falseapplyAllowed: falseapplyEligibility: nullRaw JSONStatus snapshotok: true; "ok": true; provider_available: true; "provider_available": true; route: arnold; requested_route: auto; route_options: {...}; ready: true; "ready": true
# Settingsautodeepseekanthropicopenai-codexAgent modeChoose agent mode…Staged pipelineThreaded agentStructures each request into multiple steps (Decide → Research → Execute → Review). Works better with smaller models.Test ProviderContribute agent researchYESNOauto → arnold (provider ready)
# Settings
# autodeepseekanthropicopenai-codexAgent modeChoose agent mode…Staged pipelineThreaded agentStructures each request into multiple steps (Decide → Research → Execute → Review). Works better with smaller models.Test ProviderContribute agent researchYESNOauto → arnold (provider ready)
# autodeepseekanthropicopenai-codex
# auto
# deepseek
# anthropic
# openai-codex
# Agent mode
# Choose agent mode…Staged pipelineThreaded agent
# Choose agent mode…
# Staged pipeline
# Threaded agent
# Structures each request into multiple steps (Decide → Research → Execute → Review). Works better with smaller models.
# Test Provider
# Test Provider
# Contribute agent researchYESNO
# Contribute agent research
# YESNO
# YES
# NO
# auto → arnold (provider ready)
# Developer▸ DeveloperAdapter CapabilitiesgraphApply: ✓ (Live graph supports in-place clear + configure.)previewForeground: ✓ (Instance-level app.canvas.onDrawForeground available.)preview strategy: property-interceptorqueueGuard: ✓ (app.queuePrompt is wrapped.)supportsAll: yes (frontend 1.39.x)Queue Guard StatehookInstalled: truehookPath: app.queuePromptactiveContext: nonelastBlockNotice: noneblockedTurnKeys: 0Runtime IdentityinfoRoute: loadinginfoContractVersion: unknownprocessStartId: unknowngitSha: unknowngitState: unknownwebSourceHash: unknownwebSourceState: unknownservedAsset: unknownservedAssetState: unknownHashesbaselineGraphHash: nonecandidateGraphHash: noneserverSubmitGraphHash: noneApply Candidate StaterouteStatus: readystage: nonecandidatePresent: falsecanvasApplyAllowed: falsequeueAllowed: falseapplyAllowed: falseapplyEligibility: nullRaw JSONStatus snapshotok: true; "ok": true; provider_available: true; "provider_available": true; route: arnold; requested_route: auto; route_options: {...}; ready: true; "ready": true
# Developer
# ▸ Developer
# Adapter CapabilitiesgraphApply: ✓ (Live graph supports in-place clear + configure.)previewForeground: ✓ (Instance-level app.canvas.onDrawForeground available.)preview strategy: property-interceptorqueueGuard: ✓ (app.queuePrompt is wrapped.)supportsAll: yes (frontend 1.39.x)Queue Guard StatehookInstalled: truehookPath: app.queuePromptactiveContext: nonelastBlockNotice: noneblockedTurnKeys: 0Runtime IdentityinfoRoute: loadinginfoContractVersion: unknownprocessStartId: unknowngitSha: unknowngitState: unknownwebSourceHash: unknownwebSourceState: unknownservedAsset: unknownservedAssetState: unknownHashesbaselineGraphHash: nonecandidateGraphHash: noneserverSubmitGraphHash: noneApply Candidate StaterouteStatus: readystage: nonecandidatePresent: falsecanvasApplyAllowed: falsequeueAllowed: falseapplyAllowed: falseapplyEligibility: nullRaw JSONStatus snapshotok: true; "ok": true; provider_available: true; "provider_available": true; route: arnold; requested_route: auto; route_options: {...}; ready: true; "ready": true
# Adapter CapabilitiesgraphApply: ✓ (Live graph supports in-place clear + configure.)previewForeground: ✓ (Instance-level app.canvas.onDrawForeground available.)preview strategy: property-interceptorqueueGuard: ✓ (app.queuePrompt is wrapped.)supportsAll: yes (frontend 1.39.x)Queue Guard StatehookInstalled: truehookPath: app.queuePromptactiveContext: nonelastBlockNotice: noneblockedTurnKeys: 0Runtime IdentityinfoRoute: loadinginfoContractVersion: unknownprocessStartId: unknowngitSha: unknowngitState: unknownwebSourceHash: unknownwebSourceState: unknownservedAsset: unknownservedAssetState: unknownHashesbaselineGraphHash: nonecandidateGraphHash: noneserverSubmitGraphHash: noneApply Candidate StaterouteStatus: readystage: nonecandidatePresent: falsecanvasApplyAllowed: falsequeueAllowed: falseapplyAllowed: falseapplyEligibility: nullRaw JSONStatus snapshotok: true; "ok": true; provider_available: true; "provider_available": true; route: arnold; requested_route: auto; route_options: {...}; ready: true; "ready": true
# Adapter CapabilitiesgraphApply: ✓ (Live graph supports in-place clear + configure.)previewForeground: ✓ (Instance-level app.canvas.onDrawForeground available.)preview strategy: property-interceptorqueueGuard: ✓ (app.queuePrompt is wrapped.)supportsAll: yes (frontend 1.39.x)
# Adapter Capabilities
# graphApply: ✓ (Live graph supports in-place clear + configure.)
# previewForeground: ✓ (Instance-level app.canvas.onDrawForeground available.)
# preview strategy: property-interceptor
# queueGuard: ✓ (app.queuePrompt is wrapped.)
# supportsAll: yes (frontend 1.39.x)
# Queue Guard StatehookInstalled: truehookPath: app.queuePromptactiveContext: nonelastBlockNotice: noneblockedTurnKeys: 0
# Queue Guard State
# hookInstalled: true
# hookPath: app.queuePrompt
# activeContext: none
# lastBlockNotice: none
# blockedTurnKeys: 0
# Runtime IdentityinfoRoute: loadinginfoContractVersion: unknownprocessStartId: unknowngitSha: unknowngitState: unknownwebSourceHash: unknownwebSourceState: unknownservedAsset: unknownservedAssetState: unknown
# Runtime Identity
# infoRoute: loading
# infoContractVersion: unknown
# processStartId: unknown
# gitSha: unknown
# gitState: unknown
# webSourceHash: unknown
# webSourceState: unknown
# servedAsset: unknown
# servedAssetState: unknown
# HashesbaselineGraphHash: nonecandidateGraphHash: noneserverSubmitGraphHash: none
# Hashes
# baselineGraphHash: none
# candidateGraphHash: none
# serverSubmitGraphHash: none
# Apply Candidate StaterouteStatus: readystage: nonecandidatePresent: falsecanvasApplyAllowed: falsequeueAllowed: falseapplyAllowed: falseapplyEligibility: null
# Apply Candidate State
# routeStatus: ready
# stage: none
# candidatePresent: false
# canvasApplyAllowed: false
# queueAllowed: false
# applyAllowed: false
# applyEligibility: null
# Raw JSONStatus snapshotok: true; "ok": true; provider_available: true; "provider_available": true; route: arnold; requested_route: auto; route_options: {...}; ready: true; "ready": true
# Raw JSON
# Status snapshotok: true; "ok": true; provider_available: true; "provider_available": true; route: arnold; requested_route: auto; route_options: {...}; ready: true; "ready": true
# Status snapshot
# ok: true; "ok": true; provider_available: true; "provider_available": true; route: arnold; requested_route: auto; route_options: {...}; ready: true; "ready": true
# Choose Your EngineChoose who does the thinking. You can change this later.ClaudeThe sharpest hand. Uses your local Claude CLI.VibeComfy drives your local `claude` CLI in headless mode. Anthropic’s terms don’t explicitly sanction automated CLI use — use at your own risk.OpenRouterOpenRouter-backed models. Pay as you go — your key, your bill.Where do I get a key?CodexSanctioned. Uses your local Codex CLI login. This should be okay.Confirm Selection
# Choose Your EngineChoose who does the thinking. You can change this later.ClaudeThe sharpest hand. Uses your local Claude CLI.VibeComfy drives your local `claude` CLI in headless mode. Anthropic’s terms don’t explicitly sanction automated CLI use — use at your own risk.OpenRouterOpenRouter-backed models. Pay as you go — your key, your bill.Where do I get a key?CodexSanctioned. Uses your local Codex CLI login. This should be okay.Confirm Selection
# Choose Your Engine
# Choose Your Engine
# Choose who does the thinking. You can change this later.
# ClaudeThe sharpest hand. Uses your local Claude CLI.VibeComfy drives your local `claude` CLI in headless mode. Anthropic’s terms don’t explicitly sanction automated CLI use — use at your own risk.
# Claude
# The sharpest hand. Uses your local Claude CLI.
# VibeComfy drives your local `claude` CLI in headless mode. Anthropic’s terms don’t explicitly sanction automated CLI use — use at your own risk.
# VibeComfy drives your local `claude` CLI in headless mode. Anthropic’s terms don’t explicitly sanction automated CLI use — use at your own risk.
# OpenRouterOpenRouter-backed models. Pay as you go — your key, your bill.Where do I get a key?
# OpenRouter
# OpenRouter-backed models. Pay as you go — your key, your bill.
# Where do I get a key?
# Where do I get a key?
# CodexSanctioned. Uses your local Codex CLI login. This should be okay.
# Codex
# Sanctioned. Uses your local Codex CLI login. This should be okay.
# Confirm Selection
# GSDUMP2_END
# GSDUMP2_START
# VibeComfy…⚙Closestate: SUBMITTINGsession: newturn: pendingbaseline: nonephase: DecideThreadYouadd a code intentjust nowVibeComfyDecide->Research->Execute->Reviewjust now▶ detailsWorkingStopApplyResume ApplyRejectCancel interrupted ApplyNew conversation?Settingsautodeepseekanthropicopenai-codexAgent modeChoose agent mode…Staged pipelineThreaded agentStructures each request into multiple steps (Decide → Research → Execute → Review). Works better with smaller models.Test ProviderContribute agent researchYESNOauto → arnold (provider ready)Developer▸ DeveloperAdapter CapabilitiesgraphApply: ✓ (Live graph supports in-place clear + configure.)previewForeground: ✓ (Instance-level app.canvas.onDrawForeground available.)preview strategy: property-interceptorqueueGuard: ✓ (app.queuePrompt is wrapped.)supportsAll: yes (frontend 1.39.x)Queue Guard StatehookInstalled: truehookPath: app.queuePromptactiveContext: nonelastBlockNotice: noneblockedTurnKeys: 0Runtime IdentityinfoRoute: loadinginfoContractVersion: unknownprocessStartId: unknowngitSha: unknowngitState: unknownwebSourceHash: unknownwebSourceState: unknownservedAsset: unknownservedAssetState: unknownHashesbaselineGraphHash: nonecandidateGraphHash: noneserverSubmitGraphHash: noneApply Candidate StaterouteStatus: readystage: nonecandidatePresent: falsecanvasApplyAllowed: falsequeueAllowed: falseapplyAllowed: falseapplyEligibility: nullRaw JSONStatus snapshotok: true; "ok": true; provider_available: true; "provider_available": true; route: arnold; requested_route: auto; route_options: {...}; ready: true; "ready": trueDebug payloadtask: add a code intentChoose Your EngineChoose who does the thinking. You can change this later.ClaudeThe sharpest hand. Uses your local Claude CLI.VibeComfy drives your local `claude` CLI in headless mode. Anthropic’s terms don’t explicitly sanction automated CLI use — use at your own risk.OpenRouterOpenRouter-backed models. Pay as you go — your key, your bill.Where do I get a key?CodexSanctioned. Uses your local Codex CLI login. This should be okay.Confirm Selection
# VibeComfy…⚙Closestate: SUBMITTINGsession: newturn: pendingbaseline: nonephase: DecideThreadYouadd a code intentjust nowVibeComfyDecide->Research->Execute->Reviewjust now▶ detailsWorkingStopApplyResume ApplyRejectCancel interrupted ApplyNew conversation?Settingsautodeepseekanthropicopenai-codexAgent modeChoose agent mode…Staged pipelineThreaded agentStructures each request into multiple steps (Decide → Research → Execute → Review). Works better with smaller models.Test ProviderContribute agent researchYESNOauto → arnold (provider ready)Developer▸ DeveloperAdapter CapabilitiesgraphApply: ✓ (Live graph supports in-place clear + configure.)previewForeground: ✓ (Instance-level app.canvas.onDrawForeground available.)preview strategy: property-interceptorqueueGuard: ✓ (app.queuePrompt is wrapped.)supportsAll: yes (frontend 1.39.x)Queue Guard StatehookInstalled: truehookPath: app.queuePromptactiveContext: nonelastBlockNotice: noneblockedTurnKeys: 0Runtime IdentityinfoRoute: loadinginfoContractVersion: unknownprocessStartId: unknowngitSha: unknowngitState: unknownwebSourceHash: unknownwebSourceState: unknownservedAsset: unknownservedAssetState: unknownHashesbaselineGraphHash: nonecandidateGraphHash: noneserverSubmitGraphHash: noneApply Candidate StaterouteStatus: readystage: nonecandidatePresent: falsecanvasApplyAllowed: falsequeueAllowed: falseapplyAllowed: falseapplyEligibility: nullRaw JSONStatus snapshotok: true; "ok": true; provider_available: true; "provider_available": true; route: arnold; requested_route: auto; route_options: {...}; ready: true; "ready": trueDebug payloadtask: add a code intentChoose Your EngineChoose who does the thinking. You can change this later.ClaudeThe sharpest hand. Uses your local Claude CLI.VibeComfy drives your local `claude` CLI in headless mode. Anthropic’s terms don’t explicitly sanction automated CLI use — use at your own risk.OpenRouterOpenRouter-backed models. Pay as you go — your key, your bill.Where do I get a key?CodexSanctioned. Uses your local Codex CLI login. This should be okay.Confirm Selection
# VibeComfy…⚙Closestate: SUBMITTINGsession: newturn: pendingbaseline: nonephase: DecideThreadYouadd a code intentjust nowVibeComfyDecide->Research->Execute->Reviewjust now▶ detailsWorkingStopApplyResume ApplyRejectCancel interrupted ApplyNew conversation?Settingsautodeepseekanthropicopenai-codexAgent modeChoose agent mode…Staged pipelineThreaded agentStructures each request into multiple steps (Decide → Research → Execute → Review). Works better with smaller models.Test ProviderContribute agent researchYESNOauto → arnold (provider ready)Developer▸ DeveloperAdapter CapabilitiesgraphApply: ✓ (Live graph supports in-place clear + configure.)previewForeground: ✓ (Instance-level app.canvas.onDrawForeground available.)preview strategy: property-interceptorqueueGuard: ✓ (app.queuePrompt is wrapped.)supportsAll: yes (frontend 1.39.x)Queue Guard StatehookInstalled: truehookPath: app.queuePromptactiveContext: nonelastBlockNotice: noneblockedTurnKeys: 0Runtime IdentityinfoRoute: loadinginfoContractVersion: unknownprocessStartId: unknowngitSha: unknowngitState: unknownwebSourceHash: unknownwebSourceState: unknownservedAsset: unknownservedAssetState: unknownHashesbaselineGraphHash: nonecandidateGraphHash: noneserverSubmitGraphHash: noneApply Candidate StaterouteStatus: readystage: nonecandidatePresent: falsecanvasApplyAllowed: falsequeueAllowed: falseapplyAllowed: falseapplyEligibility: nullRaw JSONStatus snapshotok: true; "ok": true; provider_available: true; "provider_available": true; route: arnold; requested_route: auto; route_options: {...}; ready: true; "ready": trueDebug payloadtask: add a code intentChoose Your EngineChoose who does the thinking. You can change this later.ClaudeThe sharpest hand. Uses your local Claude CLI.VibeComfy drives your local `claude` CLI in headless mode. Anthropic’s terms don’t explicitly sanction automated CLI use — use at your own risk.OpenRouterOpenRouter-backed models. Pay as you go — your key, your bill.Where do I get a key?CodexSanctioned. Uses your local Codex CLI login. This should be okay.Confirm Selection
# VibeComfy…⚙Close
# VibeComfy
# VibeComfy
# VibeComfy
# …⚙Close
# …
# ⚙
# Close
# state: SUBMITTINGsession: newturn: pendingbaseline: nonephase: Decide
# state: SUBMITTING
# state: 
# SUBMITTING
# session: new
# session: 
# new
# turn: pending
# turn: 
# pending
# baseline: none
# baseline: 
# none
# phase: Decide
# phase: 
# Decide
# ThreadYouadd a code intentjust nowVibeComfyDecide->Research->Execute->Reviewjust now▶ details
# ThreadYouadd a code intentjust nowVibeComfyDecide->Research->Execute->Reviewjust now▶ details
# Thread
# Youadd a code intentjust nowVibeComfyDecide->Research->Execute->Reviewjust now▶ details
# Youadd a code intentjust nowVibeComfyDecide->Research->Execute->Reviewjust now▶ details
# Youadd a code intentjust nowVibeComfyDecide->Research->Execute->Reviewjust now▶ details
# Youadd a code intentjust nowVibeComfyDecide->Research->Execute->Reviewjust now▶ details
# Youadd a code intentjust now
# You
# add a code intent
# add a code intent
# add a code intent
# just now
# VibeComfyDecide->Research->Execute->Reviewjust now▶ details
# VibeComfy
# Decide->Research->Execute->Review
# Decide->Research->Execute->Review
# Decide
# Decide
# ->
# Research
# Research
# ->
# Execute
# Execute
# ->
# Review
# Review
# just now▶ details
# just now▶ details
# just now
# ▶ details
# WorkingStopApplyResume ApplyRejectCancel interrupted ApplyNew conversation?
# WorkingStopApplyResume ApplyRejectCancel interrupted ApplyNew conversation?
# Working
# Stop
# Apply
# Resume Apply
# Reject
# Cancel interrupted Apply
# New conversation
# ?
# Settingsautodeepseekanthropicopenai-codexAgent modeChoose agent mode…Staged pipelineThreaded agentStructures each request into multiple steps (Decide → Research → Execute → Review). Works better with smaller models.Test ProviderContribute agent researchYESNOauto → arnold (provider ready)Developer▸ DeveloperAdapter CapabilitiesgraphApply: ✓ (Live graph supports in-place clear + configure.)previewForeground: ✓ (Instance-level app.canvas.onDrawForeground available.)preview strategy: property-interceptorqueueGuard: ✓ (app.queuePrompt is wrapped.)supportsAll: yes (frontend 1.39.x)Queue Guard StatehookInstalled: truehookPath: app.queuePromptactiveContext: nonelastBlockNotice: noneblockedTurnKeys: 0Runtime IdentityinfoRoute: loadinginfoContractVersion: unknownprocessStartId: unknowngitSha: unknowngitState: unknownwebSourceHash: unknownwebSourceState: unknownservedAsset: unknownservedAssetState: unknownHashesbaselineGraphHash: nonecandidateGraphHash: noneserverSubmitGraphHash: noneApply Candidate StaterouteStatus: readystage: nonecandidatePresent: falsecanvasApplyAllowed: falsequeueAllowed: falseapplyAllowed: falseapplyEligibility: nullRaw JSONStatus snapshotok: true; "ok": true; provider_available: true; "provider_available": true; route: arnold; requested_route: auto; route_options: {...}; ready: true; "ready": trueDebug payloadtask: add a code intent
# Settingsautodeepseekanthropicopenai-codexAgent modeChoose agent mode…Staged pipelineThreaded agentStructures each request into multiple steps (Decide → Research → Execute → Review). Works better with smaller models.Test ProviderContribute agent researchYESNOauto → arnold (provider ready)
# Settings
# autodeepseekanthropicopenai-codexAgent modeChoose agent mode…Staged pipelineThreaded agentStructures each request into multiple steps (Decide → Research → Execute → Review). Works better with smaller models.Test ProviderContribute agent researchYESNOauto → arnold (provider ready)
# autodeepseekanthropicopenai-codex
# auto
# deepseek
# anthropic
# openai-codex
# Agent mode
# Choose agent mode…Staged pipelineThreaded agent
# Choose agent mode…
# Staged pipeline
# Threaded agent
# Structures each request into multiple steps (Decide → Research → Execute → Review). Works better with smaller models.
# Test Provider
# Test Provider
# Contribute agent researchYESNO
# Contribute agent research
# YESNO
# YES
# NO
# auto → arnold (provider ready)
# Developer▸ DeveloperAdapter CapabilitiesgraphApply: ✓ (Live graph supports in-place clear + configure.)previewForeground: ✓ (Instance-level app.canvas.onDrawForeground available.)preview strategy: property-interceptorqueueGuard: ✓ (app.queuePrompt is wrapped.)supportsAll: yes (frontend 1.39.x)Queue Guard StatehookInstalled: truehookPath: app.queuePromptactiveContext: nonelastBlockNotice: noneblockedTurnKeys: 0Runtime IdentityinfoRoute: loadinginfoContractVersion: unknownprocessStartId: unknowngitSha: unknowngitState: unknownwebSourceHash: unknownwebSourceState: unknownservedAsset: unknownservedAssetState: unknownHashesbaselineGraphHash: nonecandidateGraphHash: noneserverSubmitGraphHash: noneApply Candidate StaterouteStatus: readystage: nonecandidatePresent: falsecanvasApplyAllowed: falsequeueAllowed: falseapplyAllowed: falseapplyEligibility: nullRaw JSONStatus snapshotok: true; "ok": true; provider_available: true; "provider_available": true; route: arnold; requested_route: auto; route_options: {...}; ready: true; "ready": trueDebug payloadtask: add a code intent
# Developer
# ▸ Developer
# Adapter CapabilitiesgraphApply: ✓ (Live graph supports in-place clear + configure.)previewForeground: ✓ (Instance-level app.canvas.onDrawForeground available.)preview strategy: property-interceptorqueueGuard: ✓ (app.queuePrompt is wrapped.)supportsAll: yes (frontend 1.39.x)Queue Guard StatehookInstalled: truehookPath: app.queuePromptactiveContext: nonelastBlockNotice: noneblockedTurnKeys: 0Runtime IdentityinfoRoute: loadinginfoContractVersion: unknownprocessStartId: unknowngitSha: unknowngitState: unknownwebSourceHash: unknownwebSourceState: unknownservedAsset: unknownservedAssetState: unknownHashesbaselineGraphHash: nonecandidateGraphHash: noneserverSubmitGraphHash: noneApply Candidate StaterouteStatus: readystage: nonecandidatePresent: falsecanvasApplyAllowed: falsequeueAllowed: falseapplyAllowed: falseapplyEligibility: nullRaw JSONStatus snapshotok: true; "ok": true; provider_available: true; "provider_available": true; route: arnold; requested_route: auto; route_options: {...}; ready: true; "ready": trueDebug payloadtask: add a code intent
# Adapter CapabilitiesgraphApply: ✓ (Live graph supports in-place clear + configure.)previewForeground: ✓ (Instance-level app.canvas.onDrawForeground available.)preview strategy: property-interceptorqueueGuard: ✓ (app.queuePrompt is wrapped.)supportsAll: yes (frontend 1.39.x)Queue Guard StatehookInstalled: truehookPath: app.queuePromptactiveContext: nonelastBlockNotice: noneblockedTurnKeys: 0Runtime IdentityinfoRoute: loadinginfoContractVersion: unknownprocessStartId: unknowngitSha: unknowngitState: unknownwebSourceHash: unknownwebSourceState: unknownservedAsset: unknownservedAssetState: unknownHashesbaselineGraphHash: nonecandidateGraphHash: noneserverSubmitGraphHash: noneApply Candidate StaterouteStatus: readystage: nonecandidatePresent: falsecanvasApplyAllowed: falsequeueAllowed: falseapplyAllowed: falseapplyEligibility: nullRaw JSONStatus snapshotok: true; "ok": true; provider_available: true; "provider_available": true; route: arnold; requested_route: auto; route_options: {...}; ready: true; "ready": trueDebug payloadtask: add a code intent
# Adapter CapabilitiesgraphApply: ✓ (Live graph supports in-place clear + configure.)previewForeground: ✓ (Instance-level app.canvas.onDrawForeground available.)preview strategy: property-interceptorqueueGuard: ✓ (app.queuePrompt is wrapped.)supportsAll: yes (frontend 1.39.x)
# Adapter Capabilities
# graphApply: ✓ (Live graph supports in-place clear + configure.)
# previewForeground: ✓ (Instance-level app.canvas.onDrawForeground available.)
# preview strategy: property-interceptor
# queueGuard: ✓ (app.queuePrompt is wrapped.)
# supportsAll: yes (frontend 1.39.x)
# Queue Guard StatehookInstalled: truehookPath: app.queuePromptactiveContext: nonelastBlockNotice: noneblockedTurnKeys: 0
# Queue Guard State
# hookInstalled: true
# hookPath: app.queuePrompt
# activeContext: none
# lastBlockNotice: none
# blockedTurnKeys: 0
# Runtime IdentityinfoRoute: loadinginfoContractVersion: unknownprocessStartId: unknowngitSha: unknowngitState: unknownwebSourceHash: unknownwebSourceState: unknownservedAsset: unknownservedAssetState: unknown
# Runtime Identity
# infoRoute: loading
# infoContractVersion: unknown
# processStartId: unknown
# gitSha: unknown
# gitState: unknown
# webSourceHash: unknown
# webSourceState: unknown
# servedAsset: unknown
# servedAssetState: unknown
# HashesbaselineGraphHash: nonecandidateGraphHash: noneserverSubmitGraphHash: none
# Hashes
# baselineGraphHash: none
# candidateGraphHash: none
# serverSubmitGraphHash: none
# Apply Candidate StaterouteStatus: readystage: nonecandidatePresent: falsecanvasApplyAllowed: falsequeueAllowed: falseapplyAllowed: falseapplyEligibility: null
# Apply Candidate State
# routeStatus: ready
# stage: none
# candidatePresent: false
# canvasApplyAllowed: false
# queueAllowed: false
# applyAllowed: false
# applyEligibility: null
# Raw JSONStatus snapshotok: true; "ok": true; provider_available: true; "provider_available": true; route: arnold; requested_route: auto; route_options: {...}; ready: true; "ready": trueDebug payloadtask: add a code intent
# Raw JSON
# Status snapshotok: true; "ok": true; provider_available: true; "provider_available": true; route: arnold; requested_route: auto; route_options: {...}; ready: true; "ready": true
# Status snapshot
# ok: true; "ok": true; provider_available: true; "provider_available": true; route: arnold; requested_route: auto; route_options: {...}; ready: true; "ready": true
# Debug payloadtask: add a code intent
# Debug payload
# task: add a code intent
# Choose Your EngineChoose who does the thinking. You can change this later.ClaudeThe sharpest hand. Uses your local Claude CLI.VibeComfy drives your local `claude` CLI in headless mode. Anthropic’s terms don’t explicitly sanction automated CLI use — use at your own risk.OpenRouterOpenRouter-backed models. Pay as you go — your key, your bill.Where do I get a key?CodexSanctioned. Uses your local Codex CLI login. This should be okay.Confirm Selection
# Choose Your EngineChoose who does the thinking. You can change this later.ClaudeThe sharpest hand. Uses your local Claude CLI.VibeComfy drives your local `claude` CLI in headless mode. Anthropic’s terms don’t explicitly sanction automated CLI use — use at your own risk.OpenRouterOpenRouter-backed models. Pay as you go — your key, your bill.Where do I get a key?CodexSanctioned. Uses your local Codex CLI login. This should be okay.Confirm Selection
# Choose Your Engine
# Choose Your Engine
# Choose who does the thinking. You can change this later.
# ClaudeThe sharpest hand. Uses your local Claude CLI.VibeComfy drives your local `claude` CLI in headless mode. Anthropic’s terms don’t explicitly sanction automated CLI use — use at your own risk.
# Claude
# The sharpest hand. Uses your local Claude CLI.
# VibeComfy drives your local `claude` CLI in headless mode. Anthropic’s terms don’t explicitly sanction automated CLI use — use at your own risk.
# VibeComfy drives your local `claude` CLI in headless mode. Anthropic’s terms don’t explicitly sanction automated CLI use — use at your own risk.
# OpenRouterOpenRouter-backed models. Pay as you go — your key, your bill.Where do I get a key?
# OpenRouter
# OpenRouter-backed models. Pay as you go — your key, your bill.
# Where do I get a key?
# Where do I get a key?
# CodexSanctioned. Uses your local Codex CLI login. This should be okay.
# Codex
# Sanctioned. Uses your local Codex CLI login. This should be okay.
# Confirm Selection
# GSDUMP2_END
# GSDUMP2_START
# VibeComfy…⚙Closestate: SUBMITTINGsession: newturn: pendingbaseline: nonephase: DecideThreadYouadd a code intentjust nowVibeComfyDecide->Research->Execute->Reviewjust now▶ detailsWorkingStopApplyResume ApplyRejectCancel interrupted ApplyNew conversation?Settingsautodeepseekanthropicopenai-codexAgent modeChoose agent mode…Staged pipelineThreaded agentStructures each request into multiple steps (Decide → Research → Execute → Review). Works better with smaller models.Test ProviderContribute agent researchYESNOauto → arnold (provider ready)Developer▸ DeveloperAdapter CapabilitiesgraphApply: ✓ (Live graph supports in-place clear + configure.)previewForeground: ✓ (Instance-level app.canvas.onDrawForeground available.)preview strategy: property-interceptorqueueGuard: ✓ (app.queuePrompt is wrapped.)supportsAll: yes (frontend 1.39.x)Queue Guard StatehookInstalled: truehookPath: app.queuePromptactiveContext: nonelastBlockNotice: noneblockedTurnKeys: 0Runtime IdentityinfoRoute: loadinginfoContractVersion: unknownprocessStartId: unknowngitSha: unknowngitState: unknownwebSourceHash: unknownwebSourceState: unknownservedAsset: unknownservedAssetState: unknownHashesbaselineGraphHash: nonecandidateGraphHash: noneserverSubmitGraphHash: nonelastSubmit.client_graph_hash: 27d70d5478e57fcfb5d7247a233f49d0b7752d71e127cd77ed9986cdffbdccf0lastSubmit.client_structural_graph_hash: 3163b1c89f99155764607ef36fe2c941d34aafc0f26c9ab1cd16c901f1e7ae04Apply Candidate StaterouteStatus: readystage: nonecandidatePresent: falsecanvasApplyAllowed: falsequeueAllowed: falseapplyAllowed: falseapplyEligibility: nullRaw JSONStatus snapshotok: true; "ok": true; provider_available: true; "provider_available": true; route: arnold; requested_route: auto; route_options: {...}; ready: true; "ready": trueDebug payloadtask: add a code intent; route: auto; pipeline_mode: staged; model: null; "model": null; client_graph_hash: 27d70d5478e57fcfb5d7247a233f49d0b7752d71e127cd77ed9986cdffbdccf0; client_structural_graph_hash: 3163b1c89f99155764607ef36fe2c941d34aafc0f26c9ab1cd16c901f1e7ae04; client_live_canvas_token: live:rev:1; idempotency_key: submit:new:auto:default:27d70d5478e5:97314654-a29c-4cce-a102-ab9763da341aChoose Your EngineChoose who does the thinking. You can change this later.ClaudeThe sharpest hand. Uses your local Claude CLI.VibeComfy drives your local `claude` CLI in headless mode. Anthropic’s terms don’t explicitly sanction automated CLI use — use at your own risk.OpenRouterOpenRouter-backed models. Pay as you go — your key, your bill.Where do I get a key?CodexSanctioned. Uses your local Codex CLI login. This should be okay.Confirm Selection
# VibeComfy…⚙Closestate: SUBMITTINGsession: newturn: pendingbaseline: nonephase: DecideThreadYouadd a code intentjust nowVibeComfyDecide->Research->Execute->Reviewjust now▶ detailsWorkingStopApplyResume ApplyRejectCancel interrupted ApplyNew conversation?Settingsautodeepseekanthropicopenai-codexAgent modeChoose agent mode…Staged pipelineThreaded agentStructures each request into multiple steps (Decide → Research → Execute → Review). Works better with smaller models.Test ProviderContribute agent researchYESNOauto → arnold (provider ready)Developer▸ DeveloperAdapter CapabilitiesgraphApply: ✓ (Live graph supports in-place clear + configure.)previewForeground: ✓ (Instance-level app.canvas.onDrawForeground available.)preview strategy: property-interceptorqueueGuard: ✓ (app.queuePrompt is wrapped.)supportsAll: yes (frontend 1.39.x)Queue Guard StatehookInstalled: truehookPath: app.queuePromptactiveContext: nonelastBlockNotice: noneblockedTurnKeys: 0Runtime IdentityinfoRoute: loadinginfoContractVersion: unknownprocessStartId: unknowngitSha: unknowngitState: unknownwebSourceHash: unknownwebSourceState: unknownservedAsset: unknownservedAssetState: unknownHashesbaselineGraphHash: nonecandidateGraphHash: noneserverSubmitGraphHash: nonelastSubmit.client_graph_hash: 27d70d5478e57fcfb5d7247a233f49d0b7752d71e127cd77ed9986cdffbdccf0lastSubmit.client_structural_graph_hash: 3163b1c89f99155764607ef36fe2c941d34aafc0f26c9ab1cd16c901f1e7ae04Apply Candidate StaterouteStatus: readystage: nonecandidatePresent: falsecanvasApplyAllowed: falsequeueAllowed: falseapplyAllowed: falseapplyEligibility: nullRaw JSONStatus snapshotok: true; "ok": true; provider_available: true; "provider_available": true; route: arnold; requested_route: auto; route_options: {...}; ready: true; "ready": trueDebug payloadtask: add a code intent; route: auto; pipeline_mode: staged; model: null; "model": null; client_graph_hash: 27d70d5478e57fcfb5d7247a233f49d0b7752d71e127cd77ed9986cdffbdccf0; client_structural_graph_hash: 3163b1c89f99155764607ef36fe2c941d34aafc0f26c9ab1cd16c901f1e7ae04; client_live_canvas_token: live:rev:1; idempotency_key: submit:new:auto:default:27d70d5478e5:97314654-a29c-4cce-a102-ab9763da341aChoose Your EngineChoose who does the thinking. You can change this later.ClaudeThe sharpest hand. Uses your local Claude CLI.VibeComfy drives your local `claude` CLI in headless mode. Anthropic’s terms don’t explicitly sanction automated CLI use — use at your own risk.OpenRouterOpenRouter-backed models. Pay as you go — your key, your bill.Where do I get a key?CodexSanctioned. Uses your local Codex CLI login. This should be okay.Confirm Selection
# VibeComfy…⚙Closestate: SUBMITTINGsession: newturn: pendingbaseline: nonephase: DecideThreadYouadd a code intentjust nowVibeComfyDecide->Research->Execute->Reviewjust now▶ detailsWorkingStopApplyResume ApplyRejectCancel interrupted ApplyNew conversation?Settingsautodeepseekanthropicopenai-codexAgent modeChoose agent mode…Staged pipelineThreaded agentStructures each request into multiple steps (Decide → Research → Execute → Review). Works better with smaller models.Test ProviderContribute agent researchYESNOauto → arnold (provider ready)Developer▸ DeveloperAdapter CapabilitiesgraphApply: ✓ (Live graph supports in-place clear + configure.)previewForeground: ✓ (Instance-level app.canvas.onDrawForeground available.)preview strategy: property-interceptorqueueGuard: ✓ (app.queuePrompt is wrapped.)supportsAll: yes (frontend 1.39.x)Queue Guard StatehookInstalled: truehookPath: app.queuePromptactiveContext: nonelastBlockNotice: noneblockedTurnKeys: 0Runtime IdentityinfoRoute: loadinginfoContractVersion: unknownprocessStartId: unknowngitSha: unknowngitState: unknownwebSourceHash: unknownwebSourceState: unknownservedAsset: unknownservedAssetState: unknownHashesbaselineGraphHash: nonecandidateGraphHash: noneserverSubmitGraphHash: nonelastSubmit.client_graph_hash: 27d70d5478e57fcfb5d7247a233f49d0b7752d71e127cd77ed9986cdffbdccf0lastSubmit.client_structural_graph_hash: 3163b1c89f99155764607ef36fe2c941d34aafc0f26c9ab1cd16c901f1e7ae04Apply Candidate StaterouteStatus: readystage: nonecandidatePresent: falsecanvasApplyAllowed: falsequeueAllowed: falseapplyAllowed: falseapplyEligibility: nullRaw JSONStatus snapshotok: true; "ok": true; provider_available: true; "provider_available": true; route: arnold; requested_route: auto; route_options: {...}; ready: true; "ready": trueDebug payloadtask: add a code intent; route: auto; pipeline_mode: staged; model: null; "model": null; client_graph_hash: 27d70d5478e57fcfb5d7247a233f49d0b7752d71e127cd77ed9986cdffbdccf0; client_structural_graph_hash: 3163b1c89f99155764607ef36fe2c941d34aafc0f26c9ab1cd16c901f1e7ae04; client_live_canvas_token: live:rev:1; idempotency_key: submit:new:auto:default:27d70d5478e5:97314654-a29c-4cce-a102-ab9763da341aChoose Your EngineChoose who does the thinking. You can change this later.ClaudeThe sharpest hand. Uses your local Claude CLI.VibeComfy drives your local `claude` CLI in headless mode. Anthropic’s terms don’t explicitly sanction automated CLI use — use at your own risk.OpenRouterOpenRouter-backed models. Pay as you go — your key, your bill.Where do I get a key?CodexSanctioned. Uses your local Codex CLI login. This should be okay.Confirm Selection
# VibeComfy…⚙Close
# VibeComfy
# VibeComfy
# VibeComfy
# …⚙Close
# …
# ⚙
# Close
# state: SUBMITTINGsession: newturn: pendingbaseline: nonephase: Decide
# state: SUBMITTING
# state: 
# SUBMITTING
# session: new
# session: 
# new
# turn: pending
# turn: 
# pending
# baseline: none
# baseline: 
# none
# phase: Decide
# phase: 
# Decide
# ThreadYouadd a code intentjust nowVibeComfyDecide->Research->Execute->Reviewjust now▶ details
# ThreadYouadd a code intentjust nowVibeComfyDecide->Research->Execute->Reviewjust now▶ details
# Thread
# Youadd a code intentjust nowVibeComfyDecide->Research->Execute->Reviewjust now▶ details
# Youadd a code intentjust nowVibeComfyDecide->Research->Execute->Reviewjust now▶ details
# Youadd a code intentjust nowVibeComfyDecide->Research->Execute->Reviewjust now▶ details
# Youadd a code intentjust nowVibeComfyDecide->Research->Execute->Reviewjust now▶ details
# Youadd a code intentjust now
# You
# add a code intent
# add a code intent
# add a code intent
# just now
# VibeComfyDecide->Research->Execute->Reviewjust now▶ details
# VibeComfy
# Decide->Research->Execute->Review
# Decide->Research->Execute->Review
# Decide
# Decide
# ->
# Research
# Research
# ->
# Execute
# Execute
# ->
# Review
# Review
# just now▶ details
# just now▶ details
# just now
# ▶ details
# WorkingStopApplyResume ApplyRejectCancel interrupted ApplyNew conversation?
# WorkingStopApplyResume ApplyRejectCancel interrupted ApplyNew conversation?
# Working
# Stop
# Apply
# Resume Apply
# Reject
# Cancel interrupted Apply
# New conversation
# ?
# Settingsautodeepseekanthropicopenai-codexAgent modeChoose agent mode…Staged pipelineThreaded agentStructures each request into multiple steps (Decide → Research → Execute → Review). Works better with smaller models.Test ProviderContribute agent researchYESNOauto → arnold (provider ready)Developer▸ DeveloperAdapter CapabilitiesgraphApply: ✓ (Live graph supports in-place clear + configure.)previewForeground: ✓ (Instance-level app.canvas.onDrawForeground available.)preview strategy: property-interceptorqueueGuard: ✓ (app.queuePrompt is wrapped.)supportsAll: yes (frontend 1.39.x)Queue Guard StatehookInstalled: truehookPath: app.queuePromptactiveContext: nonelastBlockNotice: noneblockedTurnKeys: 0Runtime IdentityinfoRoute: loadinginfoContractVersion: unknownprocessStartId: unknowngitSha: unknowngitState: unknownwebSourceHash: unknownwebSourceState: unknownservedAsset: unknownservedAssetState: unknownHashesbaselineGraphHash: nonecandidateGraphHash: noneserverSubmitGraphHash: nonelastSubmit.client_graph_hash: 27d70d5478e57fcfb5d7247a233f49d0b7752d71e127cd77ed9986cdffbdccf0lastSubmit.client_structural_graph_hash: 3163b1c89f99155764607ef36fe2c941d34aafc0f26c9ab1cd16c901f1e7ae04Apply Candidate StaterouteStatus: readystage: nonecandidatePresent: falsecanvasApplyAllowed: falsequeueAllowed: falseapplyAllowed: falseapplyEligibility: nullRaw JSONStatus snapshotok: true; "ok": true; provider_available: true; "provider_available": true; route: arnold; requested_route: auto; route_options: {...}; ready: true; "ready": trueDebug payloadtask: add a code intent; route: auto; pipeline_mode: staged; model: null; "model": null; client_graph_hash: 27d70d5478e57fcfb5d7247a233f49d0b7752d71e127cd77ed9986cdffbdccf0; client_structural_graph_hash: 3163b1c89f99155764607ef36fe2c941d34aafc0f26c9ab1cd16c901f1e7ae04; client_live_canvas_token: live:rev:1; idempotency_key: submit:new:auto:default:27d70d5478e5:97314654-a29c-4cce-a102-ab9763da341a
# Settingsautodeepseekanthropicopenai-codexAgent modeChoose agent mode…Staged pipelineThreaded agentStructures each request into multiple steps (Decide → Research → Execute → Review). Works better with smaller models.Test ProviderContribute agent researchYESNOauto → arnold (provider ready)
# Settings
# autodeepseekanthropicopenai-codexAgent modeChoose agent mode…Staged pipelineThreaded agentStructures each request into multiple steps (Decide → Research → Execute → Review). Works better with smaller models.Test ProviderContribute agent researchYESNOauto → arnold (provider ready)
# autodeepseekanthropicopenai-codex
# auto
# deepseek
# anthropic
# openai-codex
# Agent mode
# Choose agent mode…Staged pipelineThreaded agent
# Choose agent mode…
# Staged pipeline
# Threaded agent
# Structures each request into multiple steps (Decide → Research → Execute → Review). Works better with smaller models.
# Test Provider
# Test Provider
# Contribute agent researchYESNO
# Contribute agent research
# YESNO
# YES
# NO
# auto → arnold (provider ready)
# Developer▸ DeveloperAdapter CapabilitiesgraphApply: ✓ (Live graph supports in-place clear + configure.)previewForeground: ✓ (Instance-level app.canvas.onDrawForeground available.)preview strategy: property-interceptorqueueGuard: ✓ (app.queuePrompt is wrapped.)supportsAll: yes (frontend 1.39.x)Queue Guard StatehookInstalled: truehookPath: app.queuePromptactiveContext: nonelastBlockNotice: noneblockedTurnKeys: 0Runtime IdentityinfoRoute: loadinginfoContractVersion: unknownprocessStartId: unknowngitSha: unknowngitState: unknownwebSourceHash: unknownwebSourceState: unknownservedAsset: unknownservedAssetState: unknownHashesbaselineGraphHash: nonecandidateGraphHash: noneserverSubmitGraphHash: nonelastSubmit.client_graph_hash: 27d70d5478e57fcfb5d7247a233f49d0b7752d71e127cd77ed9986cdffbdccf0lastSubmit.client_structural_graph_hash: 3163b1c89f99155764607ef36fe2c941d34aafc0f26c9ab1cd16c901f1e7ae04Apply Candidate StaterouteStatus: readystage: nonecandidatePresent: falsecanvasApplyAllowed: falsequeueAllowed: falseapplyAllowed: falseapplyEligibility: nullRaw JSONStatus snapshotok: true; "ok": true; provider_available: true; "provider_available": true; route: arnold; requested_route: auto; route_options: {...}; ready: true; "ready": trueDebug payloadtask: add a code intent; route: auto; pipeline_mode: staged; model: null; "model": null; client_graph_hash: 27d70d5478e57fcfb5d7247a233f49d0b7752d71e127cd77ed9986cdffbdccf0; client_structural_graph_hash: 3163b1c89f99155764607ef36fe2c941d34aafc0f26c9ab1cd16c901f1e7ae04; client_live_canvas_token: live:rev:1; idempotency_key: submit:new:auto:default:27d70d5478e5:97314654-a29c-4cce-a102-ab9763da341a
# Developer
# ▸ Developer
# Adapter CapabilitiesgraphApply: ✓ (Live graph supports in-place clear + configure.)previewForeground: ✓ (Instance-level app.canvas.onDrawForeground available.)preview strategy: property-interceptorqueueGuard: ✓ (app.queuePrompt is wrapped.)supportsAll: yes (frontend 1.39.x)Queue Guard StatehookInstalled: truehookPath: app.queuePromptactiveContext: nonelastBlockNotice: noneblockedTurnKeys: 0Runtime IdentityinfoRoute: loadinginfoContractVersion: unknownprocessStartId: unknowngitSha: unknowngitState: unknownwebSourceHash: unknownwebSourceState: unknownservedAsset: unknownservedAssetState: unknownHashesbaselineGraphHash: nonecandidateGraphHash: noneserverSubmitGraphHash: nonelastSubmit.client_graph_hash: 27d70d5478e57fcfb5d7247a233f49d0b7752d71e127cd77ed9986cdffbdccf0lastSubmit.client_structural_graph_hash: 3163b1c89f99155764607ef36fe2c941d34aafc0f26c9ab1cd16c901f1e7ae04Apply Candidate StaterouteStatus: readystage: nonecandidatePresent: falsecanvasApplyAllowed: falsequeueAllowed: falseapplyAllowed: falseapplyEligibility: nullRaw JSONStatus snapshotok: true; "ok": true; provider_available: true; "provider_available": true; route: arnold; requested_route: auto; route_options: {...}; ready: true; "ready": trueDebug payloadtask: add a code intent; route: auto; pipeline_mode: staged; model: null; "model": null; client_graph_hash: 27d70d5478e57fcfb5d7247a233f49d0b7752d71e127cd77ed9986cdffbdccf0; client_structural_graph_hash: 3163b1c89f99155764607ef36fe2c941d34aafc0f26c9ab1cd16c901f1e7ae04; client_live_canvas_token: live:rev:1; idempotency_key: submit:new:auto:default:27d70d5478e5:97314654-a29c-4cce-a102-ab9763da341a
# Adapter CapabilitiesgraphApply: ✓ (Live graph supports in-place clear + configure.)previewForeground: ✓ (Instance-level app.canvas.onDrawForeground available.)preview strategy: property-interceptorqueueGuard: ✓ (app.queuePrompt is wrapped.)supportsAll: yes (frontend 1.39.x)Queue Guard StatehookInstalled: truehookPath: app.queuePromptactiveContext: nonelastBlockNotice: noneblockedTurnKeys: 0Runtime IdentityinfoRoute: loadinginfoContractVersion: unknownprocessStartId: unknowngitSha: unknowngitState: unknownwebSourceHash: unknownwebSourceState: unknownservedAsset: unknownservedAssetState: unknownHashesbaselineGraphHash: nonecandidateGraphHash: noneserverSubmitGraphHash: nonelastSubmit.client_graph_hash: 27d70d5478e57fcfb5d7247a233f49d0b7752d71e127cd77ed9986cdffbdccf0lastSubmit.client_structural_graph_hash: 3163b1c89f99155764607ef36fe2c941d34aafc0f26c9ab1cd16c901f1e7ae04Apply Candidate StaterouteStatus: readystage: nonecandidatePresent: falsecanvasApplyAllowed: falsequeueAllowed: falseapplyAllowed: falseapplyEligibility: nullRaw JSONStatus snapshotok: true; "ok": true; provider_available: true; "provider_available": true; route: arnold; requested_route: auto; route_options: {...}; ready: true; "ready": trueDebug payloadtask: add a code intent; route: auto; pipeline_mode: staged; model: null; "model": null; client_graph_hash: 27d70d5478e57fcfb5d7247a233f49d0b7752d71e127cd77ed9986cdffbdccf0; client_structural_graph_hash: 3163b1c89f99155764607ef36fe2c941d34aafc0f26c9ab1cd16c901f1e7ae04; client_live_canvas_token: live:rev:1; idempotency_key: submit:new:auto:default:27d70d5478e5:97314654-a29c-4cce-a102-ab9763da341a
# Adapter CapabilitiesgraphApply: ✓ (Live graph supports in-place clear + configure.)previewForeground: ✓ (Instance-level app.canvas.onDrawForeground available.)preview strategy: property-interceptorqueueGuard: ✓ (app.queuePrompt is wrapped.)supportsAll: yes (frontend 1.39.x)
# Adapter Capabilities
# graphApply: ✓ (Live graph supports in-place clear + configure.)
# previewForeground: ✓ (Instance-level app.canvas.onDrawForeground available.)
# preview strategy: property-interceptor
# queueGuard: ✓ (app.queuePrompt is wrapped.)
# supportsAll: yes (frontend 1.39.x)
# Queue Guard StatehookInstalled: truehookPath: app.queuePromptactiveContext: nonelastBlockNotice: noneblockedTurnKeys: 0
# Queue Guard State
# hookInstalled: true
# hookPath: app.queuePrompt
# activeContext: none
# lastBlockNotice: none
# blockedTurnKeys: 0
# Runtime IdentityinfoRoute: loadinginfoContractVersion: unknownprocessStartId: unknowngitSha: unknowngitState: unknownwebSourceHash: unknownwebSourceState: unknownservedAsset: unknownservedAssetState: unknown
# Runtime Identity
# infoRoute: loading
# infoContractVersion: unknown
# processStartId: unknown
# gitSha: unknown
# gitState: unknown
# webSourceHash: unknown
# webSourceState: unknown
# servedAsset: unknown
# servedAssetState: unknown
# HashesbaselineGraphHash: nonecandidateGraphHash: noneserverSubmitGraphHash: nonelastSubmit.client_graph_hash: 27d70d5478e57fcfb5d7247a233f49d0b7752d71e127cd77ed9986cdffbdccf0lastSubmit.client_structural_graph_hash: 3163b1c89f99155764607ef36fe2c941d34aafc0f26c9ab1cd16c901f1e7ae04
# Hashes
# baselineGraphHash: none
# candidateGraphHash: none
# serverSubmitGraphHash: none
# lastSubmit.client_graph_hash: 27d70d5478e57fcfb5d7247a233f49d0b7752d71e127cd77ed9986cdffbdccf0
# lastSubmit.client_structural_graph_hash: 3163b1c89f99155764607ef36fe2c941d34aafc0f26c9ab1cd16c901f1e7ae04
# Apply Candidate StaterouteStatus: readystage: nonecandidatePresent: falsecanvasApplyAllowed: falsequeueAllowed: falseapplyAllowed: falseapplyEligibility: null
# Apply Candidate State
# routeStatus: ready
# stage: none
# candidatePresent: false
# canvasApplyAllowed: false
# queueAllowed: false
# applyAllowed: false
# applyEligibility: null
# Raw JSONStatus snapshotok: true; "ok": true; provider_available: true; "provider_available": true; route: arnold; requested_route: auto; route_options: {...}; ready: true; "ready": trueDebug payloadtask: add a code intent; route: auto; pipeline_mode: staged; model: null; "model": null; client_graph_hash: 27d70d5478e57fcfb5d7247a233f49d0b7752d71e127cd77ed9986cdffbdccf0; client_structural_graph_hash: 3163b1c89f99155764607ef36fe2c941d34aafc0f26c9ab1cd16c901f1e7ae04; client_live_canvas_token: live:rev:1; idempotency_key: submit:new:auto:default:27d70d5478e5:97314654-a29c-4cce-a102-ab9763da341a
# Raw JSON
# Status snapshotok: true; "ok": true; provider_available: true; "provider_available": true; route: arnold; requested_route: auto; route_options: {...}; ready: true; "ready": true
# Status snapshot
# ok: true; "ok": true; provider_available: true; "provider_available": true; route: arnold; requested_route: auto; route_options: {...}; ready: true; "ready": true
# Debug payloadtask: add a code intent; route: auto; pipeline_mode: staged; model: null; "model": null; client_graph_hash: 27d70d5478e57fcfb5d7247a233f49d0b7752d71e127cd77ed9986cdffbdccf0; client_structural_graph_hash: 3163b1c89f99155764607ef36fe2c941d34aafc0f26c9ab1cd16c901f1e7ae04; client_live_canvas_token: live:rev:1; idempotency_key: submit:new:auto:default:27d70d5478e5:97314654-a29c-4cce-a102-ab9763da341a
# Debug payload
# task: add a code intent; route: auto; pipeline_mode: staged; model: null; "model": null; client_graph_hash: 27d70d5478e57fcfb5d7247a233f49d0b7752d71e127cd77ed9986cdffbdccf0; client_structural_graph_hash: 3163b1c89f99155764607ef36fe2c941d34aafc0f26c9ab1cd16c901f1e7ae04; client_live_canvas_token: live:rev:1; idempotency_key: submit:new:auto:default:27d70d5478e5:97314654-a29c-4cce-a102-ab9763da341a
# Choose Your EngineChoose who does the thinking. You can change this later.ClaudeThe sharpest hand. Uses your local Claude CLI.VibeComfy drives your local `claude` CLI in headless mode. Anthropic’s terms don’t explicitly sanction automated CLI use — use at your own risk.OpenRouterOpenRouter-backed models. Pay as you go — your key, your bill.Where do I get a key?CodexSanctioned. Uses your local Codex CLI login. This should be okay.Confirm Selection
# Choose Your EngineChoose who does the thinking. You can change this later.ClaudeThe sharpest hand. Uses your local Claude CLI.VibeComfy drives your local `claude` CLI in headless mode. Anthropic’s terms don’t explicitly sanction automated CLI use — use at your own risk.OpenRouterOpenRouter-backed models. Pay as you go — your key, your bill.Where do I get a key?CodexSanctioned. Uses your local Codex CLI login. This should be okay.Confirm Selection
# Choose Your Engine
# Choose Your Engine
# Choose who does the thinking. You can change this later.
# ClaudeThe sharpest hand. Uses your local Claude CLI.VibeComfy drives your local `claude` CLI in headless mode. Anthropic’s terms don’t explicitly sanction automated CLI use — use at your own risk.
# Claude
# The sharpest hand. Uses your local Claude CLI.
# VibeComfy drives your local `claude` CLI in headless mode. Anthropic’s terms don’t explicitly sanction automated CLI use — use at your own risk.
# VibeComfy drives your local `claude` CLI in headless mode. Anthropic’s terms don’t explicitly sanction automated CLI use — use at your own risk.
# OpenRouterOpenRouter-backed models. Pay as you go — your key, your bill.Where do I get a key?
# OpenRouter
# OpenRouter-backed models. Pay as you go — your key, your bill.
# Where do I get a key?
# Where do I get a key?
# CodexSanctioned. Uses your local Codex CLI login. This should be okay.
# Codex
# Sanctioned. Uses your local Codex CLI login. This should be okay.
# Confirm Selection
# GSDUMP2_END
# Subtest: VibeComfy graph-scan fallback still blocks unlowered intent nodes like vibecomfy.code
ok 1424 - VibeComfy graph-scan fallback still blocks unlowered intent nodes like vibecomfy.code
  ---
  duration_ms: 327.61325
  ...
# Subtest: VibeComfy agent-edit turn progress: client_id submit body, hidden batch_turns, out-of-order live upsert with session filtering, and Apply/Reject controls remain rendered and clickable
ok 1425 - VibeComfy agent-edit turn progress: client_id submit body, hidden batch_turns, out-of-order live upsert with session filtering, and Apply/Reject controls remain rendered and clickable
  ---
  duration_ms: 427.43625
  ...
# Subtest: VibeComfy preview diff computes named-port link deltas and drawPreviewOverlay renders ghost nodes with wire beziers, badges, and text without mutating the live graph
ok 1426 - VibeComfy preview diff computes named-port link deltas and drawPreviewOverlay renders ghost nodes with wire beziers, badges, and text without mutating the live graph
  ---
  duration_ms: 230.075167
  ...
# Subtest: VibeComfy preview overlays omit forbidden audit/debug keys and values from canvas text
ok 1427 - VibeComfy preview overlays omit forbidden audit/debug keys and values from canvas text
  ---
  duration_ms: 269.139583
  ...
# Subtest: VibeComfy preview diff does not mark unchanged links as added when live nodes are missing vibecomfy_uid
ok 1428 - VibeComfy preview diff does not mark unchanged links as added when live nodes are missing vibecomfy_uid
  ---
  duration_ms: 229.729542
  ...
# Subtest: VibeComfy preview overlay caches live UID lookups and ghost measurements across draws
ok 1429 - VibeComfy preview overlay caches live UID lookups and ghost measurements across draws
  ---
  duration_ms: 244.369125
  ...
# Subtest: VibeComfy edited-node overlay box encloses the title bar (LiteGraph pos[1] is body-top, title sits above)
ok 1430 - VibeComfy edited-node overlay box encloses the title bar (LiteGraph pos[1] is body-top, title sits above)
  ---
  duration_ms: 235.293459
  ...
# Subtest: VibeComfy preview field labels use the final value after repeated batch revisions
ok 1431 - VibeComfy preview field labels use the final value after repeated batch revisions
  ---
  duration_ms: 189.205
  ...
# Subtest: VibeComfy edited canvas widget field values render on their widget rows
ok 1432 - VibeComfy edited canvas widget field values render on their widget rows
  ---
  duration_ms: 279.865334
  ...
# Subtest: VibeComfy edited widget overlays remain anchored to negative live graph coordinates
ok 1433 - VibeComfy edited widget overlays remain anchored to negative live graph coordinates
  ---
  duration_ms: 230.26325
  ...
# Subtest: VibeComfy widget value overlays derive fallback bounds and clamp long text inside the visible preview
ok 1434 - VibeComfy widget value overlays derive fallback bounds and clamp long text inside the visible preview
  ---
  duration_ms: 256.87125
  ...
# Subtest: VibeComfy edited canvas text widget preview highlights the edited field area with visible fallback text
ok 1435 - VibeComfy edited canvas text widget preview highlights the edited field area with visible fallback text
  ---
  duration_ms: 272.917791
  ...
# Subtest: VibeComfy edited DOM widget field values do not duplicate as canvas value text
ok 1436 - VibeComfy edited DOM widget field values do not duplicate as canvas value text
  ---
  duration_ms: 258.728584
  ...
# Subtest: VibeComfy edited text widget DOM preview chip sits on top of the edited field
ok 1437 - VibeComfy edited text widget DOM preview chip sits on top of the edited field
  ---
  duration_ms: 245.4135
  ...
# Subtest: VibeComfy edited text widget DOM preview chip uses the widget DOM rect when available
ok 1438 - VibeComfy edited text widget DOM preview chip uses the widget DOM rect when available
  ---
  duration_ms: 230.459708
  ...
# Subtest: VibeComfy preview only draws serialized widget edits that have real live widget geometry
ok 1439 - VibeComfy preview only draws serialized widget edits that have real live widget geometry
  ---
  duration_ms: 202.261583
  ...
# Subtest: VibeComfy edited text widget DOM preview text follows the field visual zoom scale
ok 1440 - VibeComfy edited text widget DOM preview text follows the field visual zoom scale
  ---
  duration_ms: 242.2635
  ...
# Subtest: VibeComfy edited widget DOM preview projects live graph bounds when no widget DOM rect exists
ok 1441 - VibeComfy edited widget DOM preview projects live graph bounds when no widget DOM rect exists
  ---
  duration_ms: 236.101458
  ...
# Subtest: VibeComfy link-rewired target nodes get the full edited-node overlay box
ok 1442 - VibeComfy link-rewired target nodes get the full edited-node overlay box
  ---
  duration_ms: 326.5995
  ...
# Subtest: VibeComfy link rewire promotion ignores identical LiteGraph link re-emissions
ok 1443 - VibeComfy link rewire promotion ignores identical LiteGraph link re-emissions
  ---
  duration_ms: 251.6175
  ...
# Subtest: VibeComfy link diff ignores native-versus-serialized port-name aliases on identical slots
ok 1444 - VibeComfy link diff ignores native-versus-serialized port-name aliases on identical slots
  ---
  duration_ms: 233.488917
  ...
# Subtest: VibeComfy preview diff ignores non-serialized runtime widgets while preserving real widget edits
ok 1445 - VibeComfy preview diff ignores non-serialized runtime widgets while preserving real widget edits
  ---
  duration_ms: 247.900458
  ...
# Subtest: VibeComfy preview diff cache invalidates when the live canvas revision changes
ok 1446 - VibeComfy preview diff cache invalidates when the live canvas revision changes
  ---
  duration_ms: 260.298542
  ...
# Subtest: VibeComfy clearPreviewDomOverlay removes stale fixed DOM preview remnants
ok 1447 - VibeComfy clearPreviewDomOverlay removes stale fixed DOM preview remnants
  ---
  duration_ms: 134.912917
  ...
# Subtest: VibeComfy removed-node overlay fills the full node box and keeps the removed badge
ok 1448 - VibeComfy removed-node overlay fills the full node box and keeps the removed badge
  ---
  duration_ms: 258.414333
  ...
# Subtest: VibeComfy preview diff derives removed nodes for delete-only executor candidates
ok 1449 - VibeComfy preview diff derives removed nodes for delete-only executor candidates
  ---
  duration_ms: 302.528541
  ...
# Subtest: VibeComfy edited-node overlay reads Float32Array node sizes
ok 1450 - VibeComfy edited-node overlay reads Float32Array node sizes
  ---
  duration_ms: 321.964875
  ...
# Subtest: VibeComfy agent panel dispatches chat rehydration fetch with stored session id and preserves localStorage
ok 1451 - VibeComfy agent panel dispatches chat rehydration fetch with stored session id and preserves localStorage
  ---
  duration_ms: 608.905916
  ...
# Subtest: VibeComfy recovers a lost scoped session binding from durable workflow identity
ok 1452 - VibeComfy recovers a lost scoped session binding from durable workflow identity
  ---
  duration_ms: 314.62925
  ...
# Subtest: VibeComfy status resolution after panel open enables Submit and renders rehydrated thread
ok 1453 - VibeComfy status resolution after panel open enables Submit and renders rehydrated thread
  ---
  duration_ms: 217.874917
  ...
# Subtest: VibeComfy launcher and sidebar mounts expose the same agent panel region ids
ok 1454 - VibeComfy launcher and sidebar mounts expose the same agent panel region ids
  ---
  duration_ms: 271.466334
  ...
# Subtest: VibeComfy launcher panel flushes delayed dirty commits without synthetic input
ok 1455 - VibeComfy launcher panel flushes delayed dirty commits without synthetic input
  ---
  duration_ms: 335.813958
  ...
# Subtest: VibeComfy duplicate extension evaluation reuses the same live agent panel singleton
ok 1456 - VibeComfy duplicate extension evaluation reuses the same live agent panel singleton
  ---
  duration_ms: 371.849292
  ...
# Subtest: VibeComfy setup-created panel commits delayed status and chat after sidebar mount move
ok 1457 - VibeComfy setup-created panel commits delayed status and chat after sidebar mount move
  ---
  duration_ms: 395.344167
  ...
# Subtest: VibeComfy current status response commits even if inactive model input changes while in flight
ok 1458 - VibeComfy current status response commits even if inactive model input changes while in flight
  ---
  duration_ms: 253.340958
  ...
# Subtest: VibeComfy production setup keeps the right launcher without a left sidebar tab
ok 1459 - VibeComfy production setup keeps the right launcher without a left sidebar tab
  ---
  duration_ms: 369.188166
  ...
# Subtest: VibeComfy opt-in sidebar tab mount dispatches status fetch and chat rehydrate
ok 1460 - VibeComfy opt-in sidebar tab mount dispatches status fetch and chat rehydrate
  ---
  duration_ms: 373.632042
  ...
# Subtest: VibeComfy agent panel moves one live instance from legacy launcher into sidebar tab mount
ok 1461 - VibeComfy agent panel moves one live instance from legacy launcher into sidebar tab mount
  ---
  duration_ms: 287.134791
  ...
# Subtest: VibeComfy agent panel moves one live instance from sidebar tab mount back to legacy launcher
ok 1462 - VibeComfy agent panel moves one live instance from sidebar tab mount back to legacy launcher
  ---
  duration_ms: 310.279125
  ...
# Subtest: VibeComfy status and rehydrate commits schedule a second flush after an early empty flush
ok 1463 - VibeComfy status and rehydrate commits schedule a second flush after an early empty flush
  ---
  duration_ms: 252.569792
  ...
# Subtest: VibeComfy post-commit chat render survives live DOM selector semantics in launcher mount
ok 1464 - VibeComfy post-commit chat render survives live DOM selector semantics in launcher mount
  ---
  duration_ms: 328.370583
  ...
# Subtest: VibeComfy post-commit chat render survives live DOM selector semantics in sidebar mount
ok 1465 - VibeComfy post-commit chat render survives live DOM selector semantics in sidebar mount
  ---
  duration_ms: 349.655667
  ...
# Subtest: VibeComfy section render errors do not stop later sections and requeue failed dirty sections
ok 1466 - VibeComfy section render errors do not stop later sections and requeue failed dirty sections
  ---
  duration_ms: 196.144625
  ...
# Subtest: VibeComfy stores render:false dirty sections on the panel and consumes them through the scheduled render gateway
ok 1467 - VibeComfy stores render:false dirty sections on the panel and consumes them through the scheduled render gateway
  ---
  duration_ms: 286.131834
  ...
# Subtest: VibeComfy dirty section marking schedules a mounted panel flush without an external event
ok 1468 - VibeComfy dirty section marking schedules a mounted panel flush without an external event
  ---
  duration_ms: 288.1545
  ...
# Subtest: VibeComfy scheduled render flushes through timeout when requestAnimationFrame never fires
ok 1469 - VibeComfy scheduled render flushes through timeout when requestAnimationFrame never fires
  ---
  duration_ms: 475.236834
  ...
# Subtest: VibeComfy thread and notice render from committed panel state sources
ok 1470 - VibeComfy thread and notice render from committed panel state sources
  ---
  duration_ms: 273.117708
  ...
# Subtest: VibeComfy renderAgentPanel defaults to all sections and settings-only renders preserve other section counters and DOM ids
ok 1471 - VibeComfy renderAgentPanel defaults to all sections and settings-only renders preserve other section counters and DOM ids
  ---
  duration_ms: 240.81725
  ...
# Subtest: VibeComfy composer-only update leaves settings/developer DOM identity and render counters unchanged
ok 1472 - VibeComfy composer-only update leaves settings/developer DOM identity and render counters unchanged
  ---
  duration_ms: 482.218958
  ...
# Subtest: Lifecycle E2 page reload rehydrate restores the latest open candidate and Apply controls
ok 1473 - Lifecycle E2 page reload rehydrate restores the latest open candidate and Apply controls
  ---
  duration_ms: 366.6785
  ...
# Subtest: Lifecycle E2 a second review candidate cannot inherit finalized receipts from the first turn
ok 1474 - Lifecycle E2 a second review candidate cannot inherit finalized receipts from the first turn
  ---
  duration_ms: 364.496
  ...
# Subtest: Lifecycle E2 chat rehydrate ignores latest_candidate entries whose public outcome is not candidate
ok 1475 - Lifecycle E2 chat rehydrate ignores latest_candidate entries whose public outcome is not candidate
  ---
  duration_ms: 870.402958
  ...
# Subtest: Lifecycle E2 chat rehydrate refuses discarded latest_candidate payloads with candidate graphs
ok 1476 - Lifecycle E2 chat rehydrate refuses discarded latest_candidate payloads with candidate graphs
  ---
  duration_ms: 249.085542
  ...
# Subtest: Lifecycle E3 same-session rehydrate can commit after an epoch bump until a newer response lands
ok 1477 - Lifecycle E3 same-session rehydrate can commit after an epoch bump until a newer response lands
  ---
  duration_ms: 439.294625
  ...
# Subtest: Lifecycle E3 stale rehydrate responses after an epoch bump do not restore prior candidate state
ok 1478 - Lifecycle E3 stale rehydrate responses after an epoch bump do not restore prior candidate state
  ---
  duration_ms: 402.187333
  ...
# Subtest: VibeComfy clears stored session when chat rehydrate reports exists false
ok 1479 - VibeComfy clears stored session when chat rehydrate reports exists false
  ---
  duration_ms: 916.390334
  ...
# Subtest: VibeComfy chat thread shows the session link, caps collapsed history at the latest 30 messages, and expands older messages in place
ok 1480 - VibeComfy chat thread shows the session link, caps collapsed history at the latest 30 messages, and expands older messages in place
  ---
  duration_ms: 427.866125
  ...
# Subtest: VibeComfy chat thread only auto-scrolls when near the bottom or after rehydrate-style reopen
ok 1481 - VibeComfy chat thread only auto-scrolls when near the bottom or after rehydrate-style reopen
  ---
  duration_ms: 289.326458
  ...
# Subtest: VibeComfy chat bubbles do not duplicate after launcher close/reopen
ok 1482 - VibeComfy chat bubbles do not duplicate after launcher close/reopen
  ---
  duration_ms: 237.084334
  ...
# Subtest: VibeComfy chat bubbles do not duplicate after sidebar close/reopen
ok 1483 - VibeComfy chat bubbles do not duplicate after sidebar close/reopen
  ---
  duration_ms: 374.316291
  ...
# Subtest: VibeComfy chat bubble reconcile removes stray DOM children without rebuilding real bubbles
ok 1484 - VibeComfy chat bubble reconcile removes stray DOM children without rebuilding real bubbles
  ---
  duration_ms: 454.556916
  ...
# Subtest: VibeComfy thread append preserves existing visible bubble DOM nodes and inline candidate controls
ok 1485 - VibeComfy thread append preserves existing visible bubble DOM nodes and inline candidate controls
  ---
  duration_ms: 530.823833
  ...
# Subtest: VibeComfy agent panel re-fetches chat on reopen and localStorage persists across close/reopen
ok 1486 - VibeComfy agent panel re-fetches chat on reopen and localStorage persists across close/reopen
  ---
  duration_ms: 440.500125
  ...
# Subtest: VibeComfy scoped session persistence writes sessionStorage without refreshing legacy localStorage
ok 1487 - VibeComfy scoped session persistence writes sessionStorage without refreshing legacy localStorage
  ---
  duration_ms: 284.739708
  ...
# Subtest: VibeComfy scoped workflow chats keep distinct sessions, rehydrate URLs, and rendered messages
ok 1488 - VibeComfy scoped workflow chats keep distinct sessions, rehydrate URLs, and rendered messages
  ---
  duration_ms: 420.862125
  ...
# Subtest: VibeComfy scoped workflow chats switch when Comfy configures a graph directly
ok 1489 - VibeComfy scoped workflow chats switch when Comfy configures a graph directly
  ---
  duration_ms: 327.091583
  ...
# Subtest: same UUID graph load advances revision without clearing conversation or review state
ok 1490 - same UUID graph load advances revision without clearing conversation or review state
  ---
  duration_ms: 243.869792
  ...
# Subtest: VibeComfy scoped workflow chats switch for empty Comfy workflow tabs with workflow ids
ok 1491 - VibeComfy scoped workflow chats switch for empty Comfy workflow tabs with workflow ids
  ---
  duration_ms: 310.5875
  ...
# Subtest: VibeComfy new empty workflow tab is fresh immediately and ignores a late submit from the departed tab
ok 1492 - VibeComfy new empty workflow tab is fresh immediately and ignores a late submit from the departed tab
  ---
  duration_ms: 301.017292
  ...
# Subtest: VibeComfy scoped workflow rehydrate ignores stale latest candidates after scope switch
ok 1493 - VibeComfy scoped workflow rehydrate ignores stale latest candidates after scope switch
  ---
  duration_ms: 322.650958
  ...
# Subtest: VibeComfy scoped workflow event handlers ignore inactive session events and accept active scope events
ok 1494 - VibeComfy scoped workflow event handlers ignore inactive session events and accept active scope events
  ---
  duration_ms: 390.387416
  ...
# Subtest: Lifecycle C2 new conversation clears state and ignores late submit responses
ok 1495 - Lifecycle C2 new conversation clears state and ignores late submit responses
  ---
  duration_ms: 378.858792
  ...
# Subtest: VibeComfy agent submit on failure path still persists session_id for recovery
ok 1496 - VibeComfy agent submit on failure path still persists session_id for recovery
  ---
  duration_ms: 316.978667
  ...
# Subtest: Lifecycle J3 rehydrated V2 Reject discards candidate and null rehydrate cannot resurrect it
ok 1497 - Lifecycle J3 rehydrated V2 Reject discards candidate and null rehydrate cannot resurrect it
  ---
  duration_ms: 362.581458
  ...
# Subtest: V2 terminal rehydrate disables stale Apply then exposes rollback disposition atomically
ok 1498 - V2 terminal rehydrate disables stale Apply then exposes rollback disposition atomically
  ---
  duration_ms: 359.797667
  ...
# Subtest: Lifecycle J3 reject success leaves no applyable candidate
ok 1499 - Lifecycle J3 reject success leaves no applyable candidate
  ---
  duration_ms: 406.774208
  ...
# Subtest: VibeComfy comfy_adapter detects all capabilities on a supported 1.39.x harness shape
ok 1500 - VibeComfy comfy_adapter detects all capabilities on a supported 1.39.x harness shape
  ---
  duration_ms: 150.931083
  ...
# Subtest: VibeComfy comfy_adapter detects degraded capabilities when hooks are missing
ok 1501 - VibeComfy comfy_adapter detects degraded capabilities when hooks are missing
  ---
  duration_ms: 139.524958
  ...
# Subtest: VibeComfy comfy_adapter applies candidate graphs in place with clear-before-configure, decoration hooks, and repaint
ok 1502 - VibeComfy comfy_adapter applies candidate graphs in place with clear-before-configure, decoration hooks, and repaint
  ---
  duration_ms: 150.495292
  ...
# Subtest: VibeComfy comfy_adapter projects preview geometry from native widgets and reflows new overlaps
ok 1503 - VibeComfy comfy_adapter projects preview geometry from native widgets and reflows new overlaps
  ---
  duration_ms: 162.461667
  ...
# Subtest: VibeComfy comfy_adapter hydrates add-node candidate links after native node construction
ok 1504 - VibeComfy comfy_adapter hydrates add-node candidate links after native node construction
  ---
  duration_ms: 181.404417
  ...
# Subtest: VibeComfy intent_graph_adapter reports harness-only delta apply fallback when real LiteGraph mutation hooks are absent
ok 1505 - VibeComfy intent_graph_adapter reports harness-only delta apply fallback when real LiteGraph mutation hooks are absent
  ---
  duration_ms: 153.932917
  ...
# Subtest: VibeComfy comfy_adapter uses native LLink APIs for Proxy Map link stores
ok 1506 - VibeComfy comfy_adapter uses native LLink APIs for Proxy Map link stores
  ---
  duration_ms: 160.408458
  ...
# Subtest: VibeComfy comfy_adapter resolves native link slots by port name rather than candidate array position
ok 1507 - VibeComfy comfy_adapter resolves native link slots by port name rather than candidate array position
  ---
  duration_ms: 157.608333
  ...
# Subtest: VibeComfy rollback inverse identifies root-scoped added nodes by uid
ok 1508 - VibeComfy rollback inverse identifies root-scoped added nodes by uid
  ---
  duration_ms: 231.212292
  ...
# Subtest: VibeComfy comfy_adapter delta apply preflights all supported ops, resolves UID before id, and materializes candidate payloads
ok 1509 - VibeComfy comfy_adapter delta apply preflights all supported ops, resolves UID before id, and materializes candidate payloads
  ---
  duration_ms: 140.5975
  ...
# Subtest: VibeComfy comfy_adapter delta apply fails closed before mutation when preflight cannot materialize a candidate payload
ok 1510 - VibeComfy comfy_adapter delta apply fails closed before mutation when preflight cannot materialize a candidate payload
  ---
  duration_ms: 147.604209
  ...
# Subtest: VibeComfy comfy_adapter delta apply set_node_field mutates only the target widget value and preserves unrelated nodes/fields/positions
ok 1511 - VibeComfy comfy_adapter delta apply set_node_field mutates only the target widget value and preserves unrelated nodes/fields/positions
  ---
  duration_ms: 165.149084
  ...
# Subtest: VibeComfy comfy_adapter resolves logical widget fields before getter-only LiteGraph properties
ok 1512 - VibeComfy comfy_adapter resolves logical widget fields before getter-only LiteGraph properties
  ---
  duration_ms: 269.8705
  ...
# Subtest: VibeComfy comfy_adapter resolves semantic fields across auxiliary native widgets omitted from serialized inputs
ok 1513 - VibeComfy comfy_adapter resolves semantic fields across auxiliary native widgets omitted from serialized inputs
  ---
  duration_ms: 560.848709
  ...
# Subtest: VibeComfy comfy_adapter applies the complete real KSampler img2img delta without dropping nodes
ok 1514 - VibeComfy comfy_adapter applies the complete real KSampler img2img delta without dropping nodes
  ---
  duration_ms: 408.117458
  ...
# Subtest: VibeComfy comfy_adapter fails closed for unresolved or contradictory semantic fields
ok 1515 - VibeComfy comfy_adapter fails closed for unresolved or contradictory semantic fields
  ---
  duration_ms: 138.499042
  ...
# Subtest: VibeComfy comfy_adapter delta apply set_mode mutates only mode and preserves unrelated fields
ok 1516 - VibeComfy comfy_adapter delta apply set_mode mutates only mode and preserves unrelated fields
  ---
  duration_ms: 166.361333
  ...
# Subtest: VibeComfy comfy_adapter delta apply upsert_link adds a new link and preserves unrelated links
ok 1517 - VibeComfy comfy_adapter delta apply upsert_link adds a new link and preserves unrelated links
  ---
  duration_ms: 132.738
  ...
# Subtest: VibeComfy comfy_adapter delta apply remove_link removes only the target link and preserves unrelated links
ok 1518 - VibeComfy comfy_adapter delta apply remove_link removes only the target link and preserves unrelated links
  ---
  duration_ms: 134.743625
  ...
# Subtest: VibeComfy comfy_adapter delta apply add_node adds the node and preserves existing nodes
ok 1519 - VibeComfy comfy_adapter delta apply add_node adds the node and preserves existing nodes
  ---
  duration_ms: 148.611
  ...
# Subtest: VibeComfy comfy_adapter applies exact registry-backed missing classes as typed non-runnable placeholders
ok 1520 - VibeComfy comfy_adapter applies exact registry-backed missing classes as typed non-runnable placeholders
  ---
  duration_ms: 129.781125
  ...
# Subtest: VibeComfy comfy_adapter rejects unevidenced missing classes before any canvas mutation
ok 1521 - VibeComfy comfy_adapter rejects unevidenced missing classes before any canvas mutation
  ---
  duration_ms: 140.000666
  ...
# Subtest: VibeComfy comfy_adapter delta apply remove_node removes the node and preserves unrelated nodes
ok 1522 - VibeComfy comfy_adapter delta apply remove_node removes the node and preserves unrelated nodes
  ---
  duration_ms: 275.963292
  ...
# Subtest: VibeComfy comfy_adapter delta apply throws before mutation when set_node_field targets a non-existent node
ok 1523 - VibeComfy comfy_adapter delta apply throws before mutation when set_node_field targets a non-existent node
  ---
  duration_ms: 226.5355
  ...
# Subtest: VibeComfy comfy_adapter delta apply throws before mutation when set_mode targets a non-existent node
ok 1524 - VibeComfy comfy_adapter delta apply throws before mutation when set_mode targets a non-existent node
  ---
  duration_ms: 100.848291
  ...
# Subtest: VibeComfy comfy_adapter delta apply throws before mutation when add_node collides with an existing UID
ok 1525 - VibeComfy comfy_adapter delta apply throws before mutation when add_node collides with an existing UID
  ---
  duration_ms: 97.173334
  ...
# Subtest: VibeComfy comfy_adapter delta apply throws before mutation when unsupported delta op kind is used
ok 1526 - VibeComfy comfy_adapter delta apply throws before mutation when unsupported delta op kind is used
  ---
  duration_ms: 490.51125
  ...
# Subtest: VibeComfy comfy_adapter delta apply preserves unrelated node positions, sizes, and top-level properties across multi-op mutation
ok 1527 - VibeComfy comfy_adapter delta apply preserves unrelated node positions, sizes, and top-level properties across multi-op mutation
  ---
  duration_ms: 202.455166
  ...
# Subtest: VibeComfy comfy_adapter canonical add_node materializes payload from explicit uid and node_id
ok 1528 - VibeComfy comfy_adapter canonical add_node materializes payload from explicit uid and node_id
  ---
  duration_ms: 139.95225
  ...
# Subtest: VibeComfy comfy_adapter canonical add_node missing identity rejects before any graph mutation
ok 1529 - VibeComfy comfy_adapter canonical add_node missing identity rejects before any graph mutation
  ---
  duration_ms: 211.77575
  ...
# Subtest: VibeComfy comfy_adapter add_node with only node_id (no uid) materializes identity correctly
ok 1530 - VibeComfy comfy_adapter add_node with only node_id (no uid) materializes identity correctly
  ---
  duration_ms: 142.602833
  ...
# Subtest: VibeComfy comfy_adapter non-root scoped set_node_field throws DeltaDiagnosticError with unsupported_scoped_apply
ok 1531 - VibeComfy comfy_adapter non-root scoped set_node_field throws DeltaDiagnosticError with unsupported_scoped_apply
  ---
  duration_ms: 474.419916
  ...
# Subtest: VibeComfy comfy_adapter non-root scoped upsert_link throws DeltaDiagnosticError with unsupported_scoped_apply
ok 1532 - VibeComfy comfy_adapter non-root scoped upsert_link throws DeltaDiagnosticError with unsupported_scoped_apply
  ---
  duration_ms: 151.628833
  ...
# Subtest: VibeComfy comfy_adapter upsert_link and remove_link share centralized endpoint resolution
ok 1533 - VibeComfy comfy_adapter upsert_link and remove_link share centralized endpoint resolution
  ---
  duration_ms: 160.264375
  ...
# Subtest: VibeComfy comfy_adapter applyGraphDeltaInPlace rejects non-array deltaOps with DeltaDiagnosticError
ok 1534 - VibeComfy comfy_adapter applyGraphDeltaInPlace rejects non-array deltaOps with DeltaDiagnosticError
  ---
  duration_ms: 163.69975
  ...
# Subtest: VibeComfy comfy_adapter applyGraphDeltaInPlace rejects invalid op entries with DeltaDiagnosticError
ok 1535 - VibeComfy comfy_adapter applyGraphDeltaInPlace rejects invalid op entries with DeltaDiagnosticError
  ---
  duration_ms: 156.680792
  ...
# Subtest: VibeComfy comfy_adapter non-root scoped add_node throws DeltaDiagnosticError with unsupported_scoped_apply
ok 1536 - VibeComfy comfy_adapter non-root scoped add_node throws DeltaDiagnosticError with unsupported_scoped_apply
  ---
  duration_ms: 187.78525
  ...
# Subtest: VibeComfy comfy_adapter non-root scoped remove_node throws DeltaDiagnosticError with unsupported_scoped_apply
ok 1537 - VibeComfy comfy_adapter non-root scoped remove_node throws DeltaDiagnosticError with unsupported_scoped_apply
  ---
  duration_ms: 154.492708
  ...
# Subtest: VibeComfy comfy_adapter non-root scoped set_mode throws DeltaDiagnosticError with unsupported_scoped_apply
ok 1538 - VibeComfy comfy_adapter non-root scoped set_mode throws DeltaDiagnosticError with unsupported_scoped_apply
  ---
  duration_ms: 156.06025
  ...
# Subtest: VibeComfy comfy_adapter non-root scoped remove_link throws DeltaDiagnosticError with unsupported_scoped_apply
ok 1539 - VibeComfy comfy_adapter non-root scoped remove_link throws DeltaDiagnosticError with unsupported_scoped_apply
  ---
  duration_ms: 127.093792
  ...
# Subtest: VibeComfy comfy_adapter add_node with uid only (no node_id) materializes identity correctly
ok 1540 - VibeComfy comfy_adapter add_node with uid only (no node_id) materializes identity correctly
  ---
  duration_ms: 170.495041
  ...
# Subtest: VibeComfy comfy_adapter upsert_link and remove_link canonical key adaptation is centralized in success paths
ok 1541 - VibeComfy comfy_adapter upsert_link and remove_link canonical key adaptation is centralized in success paths
  ---
  duration_ms: 154.076084
  ...
# Subtest: VibeComfy comfy_adapter installs preview overlay via direct interceptor without polling and preserves later canvas reassignments
ok 1542 - VibeComfy comfy_adapter installs preview overlay via direct interceptor without polling and preserves later canvas reassignments
  ---
  duration_ms: 130.916875
  ...
# Subtest: VibeComfy comfy_adapter preview overlay survives external rechaining and reinstall without recursion
ok 1543 - VibeComfy comfy_adapter preview overlay survives external rechaining and reinstall without recursion
  ---
  duration_ms: 150.516167
  ...
# Subtest: VibeComfy preview overlay warning details stay bounded so console inspection cannot break preview drawing
ok 1544 - VibeComfy preview overlay warning details stay bounded so console inspection cannot break preview drawing
  ---
  duration_ms: 2.844
  ...
# Subtest: VibeComfy comfy_adapter reports polling fallback when preview foreground cannot be intercepted directly
ok 1545 - VibeComfy comfy_adapter reports polling fallback when preview foreground cannot be intercepted directly
  ---
  duration_ms: 191.391583
  ...
# Subtest: VibeComfy comfy_adapter registerExtensionWithCapabilities reports install state and attaches capabilities
ok 1546 - VibeComfy comfy_adapter registerExtensionWithCapabilities reports install state and attaches capabilities
  ---
  duration_ms: 160.790875
  ...
# Subtest: VibeComfy comfy_adapter registerExtensionWithCapabilities warns on degraded hooks
ok 1547 - VibeComfy comfy_adapter registerExtensionWithCapabilities warns on degraded hooks
  ---
  duration_ms: 212.674167
  ...
# Subtest: VibeComfy harness profiles are immutable and contain expected capability shapes
ok 1548 - VibeComfy harness profiles are immutable and contain expected capability shapes
  ---
  duration_ms: 164.6335
  ...
# Subtest: VibeComfy roundtrip canonical submit fixture is valid with allowLegacy=false
ok 1549 - VibeComfy roundtrip canonical submit fixture is valid with allowLegacy=false
  ---
  duration_ms: 12.637375
  ...
# Subtest: VibeComfy roundtrip old persisted/session fixtures normalize only through legacy adapter
ok 1550 - VibeComfy roundtrip old persisted/session fixtures normalize only through legacy adapter
  ---
  duration_ms: 2.814875
  ...
# Subtest: VibeComfy submit normalizes field changes from outcome.changes and batch_turns field_changes
ok 1551 - VibeComfy submit normalizes field changes from outcome.changes and batch_turns field_changes
  ---
  duration_ms: 474.634
  ...
# Subtest: VibeComfy candidate bubble renders revision evidence scoped diff rows without legacy content edits
ok 1552 - VibeComfy candidate bubble renders revision evidence scoped diff rows without legacy content edits
  ---
  duration_ms: 397.001208
  ...
# Subtest: VibeComfy preview overlay renders normalized FieldChange labels with the new value text
ok 1553 - VibeComfy preview overlay renders normalized FieldChange labels with the new value text
  ---
  duration_ms: 231.677042
  ...
# Subtest: VibeComfy rehydrate attaches field_changes to chat messages with outcome.changes
ok 1554 - VibeComfy rehydrate attaches field_changes to chat messages with outcome.changes
  ---
  duration_ms: 308.46275
  ...
# Subtest: VibeComfy agent bubble details stay collapsed by default and preserve expansion across submit-to-rehydrate replacement
ok 1555 - VibeComfy agent bubble details stay collapsed by default and preserve expansion across submit-to-rehydrate replacement
  ---
  duration_ms: 430.182958
  ...
# Subtest: VibeComfy humanizes agent bubble text and keeps gate and op details behind the expander
ok 1556 - VibeComfy humanizes agent bubble text and keeps gate and op details behind the expander
  ---
  duration_ms: 272.362834
  ...
# Subtest: VibeComfy developer/debug details do not stringify full graphs while collapsed
ok 1557 - VibeComfy developer/debug details do not stringify full graphs while collapsed
  ---
  duration_ms: 241.736875
  ...
# Subtest: VibeComfy hides final batch row from the live log when ok response has a candidate without done_summary
ok 1558 - VibeComfy hides final batch row from the live log when ok response has a candidate without done_summary
  ---
  duration_ms: 328.87925
  ...
# Subtest: VibeComfy keeps aggregate-free historical candidates read-only while enabling the latest canonical candidate
ok 1559 - VibeComfy keeps aggregate-free historical candidates read-only while enabling the latest canonical candidate
  ---
  duration_ms: 587.526458
  ...
# Subtest: VibeComfy keeps aggregate-free superseded history read-only at the migration boundary
ok 1560 - VibeComfy keeps aggregate-free superseded history read-only at the migration boundary
  ---
  duration_ms: 866.462958
  ...
# Subtest: VibeComfy empty-state examples are clickable and fill the composer prompt
ok 1561 - VibeComfy empty-state examples are clickable and fill the composer prompt
  ---
  duration_ms: 296.378167
  ...
# Subtest: VibeComfy clarify questions render inline and follow-up submit continues the same session
ok 1562 - VibeComfy clarify questions render inline and follow-up submit continues the same session
  ---
  duration_ms: 319.756667
  ...
# Subtest: VibeComfy blocks submit until status.ready is true and shows composer readiness text
ok 1563 - VibeComfy blocks submit until status.ready is true and shows composer readiness text
  ---
  duration_ms: 234.517125
  ...
# Subtest: Lifecycle C1 stop aborts the in-flight submit, leaves no candidate, and never exposes browser Undo for v2
ok 1564 - Lifecycle C1 stop aborts the in-flight submit, leaves no candidate, and never exposes browser Undo for v2
  ---
  duration_ms: 1023.082708
  ...
# Subtest: VibeComfy submit watchdog times out stalled submits with diagnostics and allows a later submit
ok 1565 - VibeComfy submit watchdog times out stalled submits with diagnostics and allows a later submit
  ---
  duration_ms: 1050.135709
  ...
# Subtest: VibeComfy submit watchdog renews on executor activity instead of aborting a healthy slow request
ok 1566 - VibeComfy submit watchdog renews on executor activity instead of aborting a healthy slow request
  ---
  duration_ms: 735.398667
  ...
# Subtest: VibeComfy submit auto-retries exactly once for retryable backend failures and preserves request context
ok 1567 - VibeComfy submit auto-retries exactly once for retryable backend failures and preserves request context
  ---
  duration_ms: 383.661333
  ...
# Subtest: VibeComfy submit does not auto-retry retryable false backend failures
ok 1568 - VibeComfy submit does not auto-retry retryable false backend failures
  ---
  duration_ms: 352.912458
  ...
# Subtest: VibeComfy submit does not auto-retry validation failures even when marked retryable
ok 1569 - VibeComfy submit does not auto-retry validation failures even when marked retryable
  ---
  duration_ms: 299.425625
  ...
# Subtest: VibeComfy submit surfaces the exhausted retry failure after one automatic retry
ok 1570 - VibeComfy submit surfaces the exhausted retry failure after one automatic retry
  ---
  duration_ms: 348.70425
  ...
# Subtest: VibeComfy stale inFlightSubmit metadata is recovered before promise reuse
ok 1571 - VibeComfy stale inFlightSubmit metadata is recovered before promise reuse
  ---
  duration_ms: 299.414417
  ...
# Subtest: VibeComfy late submit response and finally cannot clear or overwrite a newer attempt
ok 1572 - VibeComfy late submit response and finally cannot clear or overwrite a newer attempt
  ---
  duration_ms: 362.427542
  ...
# Subtest: VibeComfy messageStableKey produces deterministic keys, uses local_id and synthetic fallback, and messageSignature detects content changes
ok 1573 - VibeComfy messageStableKey produces deterministic keys, uses local_id and synthetic fallback, and messageSignature detects content changes
  ---
  duration_ms: 222.034125
  ...
# Subtest: VibeComfy resetThreadRenderState clears all threadState fields and is called on new conversation
ok 1574 - VibeComfy resetThreadRenderState clears all threadState fields and is called on new conversation
  ---
  duration_ms: 257.117458
  ...
# Subtest: VibeComfy threadState is reset on chat rehydrate replacement (message array replaced)
ok 1575 - VibeComfy threadState is reset on chat rehydrate replacement (message array replaced)
  ---
  duration_ms: 336.813375
  ...
# Subtest: VibeComfy collapsed agent bubble does not prebuild detail pane (T13 lazy detail)
ok 1576 - VibeComfy collapsed agent bubble does not prebuild detail pane (T13 lazy detail)
  ---
  duration_ms: 266.94725
  ...
# Subtest: VibeComfy shared activity section renders turn-progress rows once, not per bubble (T13 dedup)
ok 1577 - VibeComfy shared activity section renders turn-progress rows once, not per bubble (T13 dedup)
  ---
  duration_ms: 311.043916
  ...
# Subtest: VibeComfy threadState tracks bubbleDetailSignatures and clears them on reset (T13)
ok 1578 - VibeComfy threadState tracks bubbleDetailSignatures and clears them on reset (T13)
  ---
  duration_ms: 586.364084
  ...
# Subtest: VibeComfy chat thread mounts have containment styles to prevent horizontal overflow (T18)
ok 1579 - VibeComfy chat thread mounts have containment styles to prevent horizontal overflow (T18)
  ---
  duration_ms: 298.843375
  ...
# Subtest: VibeComfy detail pane body uses auto overflow and maxHeight instead of hidden (T18)
ok 1580 - VibeComfy detail pane body uses auto overflow and maxHeight instead of hidden (T18)
  ---
  duration_ms: 286.029083
  ...
# Subtest: VibeComfy status strip uses human-friendly labels for all phases (T18)
ok 1581 - VibeComfy status strip uses human-friendly labels for all phases (T18)
  ---
  duration_ms: 258.264708
  ...
# Subtest: VibeComfy detail row has overflowWrap containment (T18)
ok 1582 - VibeComfy detail row has overflowWrap containment (T18)
  ---
  duration_ms: 294.678417
  ...
# Subtest: diagnostic report rebuilds turn history from explicit rehydrate diagnostics and surfaces agent reasoning + engine diagnostics
ok 1583 - diagnostic report rebuilds turn history from explicit rehydrate diagnostics and surfaces agent reasoning + engine diagnostics
  ---
  duration_ms: 237.1395
  ...
# Subtest: diagnostic report recovers structured batch turns from durable chat messages
ok 1584 - diagnostic report recovers structured batch turns from durable chat messages
  ---
  duration_ms: 341.189083
  ...
# Subtest: noop and clarify turns are not labeled failures; real errors still are
ok 1585 - noop and clarify turns are not labeled failures; real errors still are
  ---
  duration_ms: 432.206834
  ...
# Subtest: issue-report zip bundles the actual session artifacts (self-contained)
ok 1586 - issue-report zip bundles the actual session artifacts (self-contained)
  ---
  duration_ms: 505.987917
  ...
# Subtest: VibeComfy durable workflow: two messages → candidate → apply → rehydrate → live-token-drift with structural hash unchanged
ok 1587 - VibeComfy durable workflow: two messages → candidate → apply → rehydrate → live-token-drift with structural hash unchanged
  ---
  duration_ms: 842.358166
  ...
# Subtest: VibeComfy respond route renders answer-only without candidate controls and no internal leak
ok 1588 - VibeComfy respond route renders answer-only without candidate controls and no internal leak
  ---
  duration_ms: 268.868375
  ...
# Subtest: VibeComfy research route renders answer-only with research evidence, no candidate controls
ok 1589 - VibeComfy research route renders answer-only with research evidence, no candidate controls
  ---
  duration_ms: 269.120209
  ...
# Subtest: VibeComfy multi-turn: respond → revise → research preserves candidate controls only for revise
ok 1590 - VibeComfy multi-turn: respond → revise → research preserves candidate controls only for revise
  ---
  duration_ms: 440.597667
  ...
# Subtest: VibeComfy developer disclosure persists expanded state across settings popover close and reopen
ok 1591 - VibeComfy developer disclosure persists expanded state across settings popover close and reopen
  ---
  duration_ms: 314.935375
  ...
# Subtest: VibeComfy settings route switching covers all four canonical providers (deepseek, openrouter, openai-codex, anthropic)
ok 1592 - VibeComfy settings route switching covers all four canonical providers (deepseek, openrouter, openai-codex, anthropic)
  ---
  duration_ms: 675.525958
  ...
# Subtest: VibeComfy status readiness and settings message are coupled across loading → ready → unavailable transitions
ok 1593 - VibeComfy status readiness and settings message are coupled across loading → ready → unavailable transitions
  ---
  duration_ms: 468.939125
  ...
# Subtest: production-POST parity: only roundtrip references accept/reject routes; preview and replay never do
ok 1594 - production-POST parity: only roundtrip references accept/reject routes; preview and replay never do
  ---
  duration_ms: 4.191208
  ...
# Subtest: preview delta-ops parity: same ops produce equivalent node highlights (added/edited/removed) and apply plan entries
ok 1595 - preview delta-ops parity: same ops produce equivalent node highlights (added/edited/removed) and apply plan entries
  ---
  duration_ms: 381.220583
  ...
# Subtest: preview delta-ops parity: same ops produce equivalent link highlights (added/removed) and apply plan entries
ok 1596 - preview delta-ops parity: same ops produce equivalent link highlights (added/removed) and apply plan entries
  ---
  duration_ms: 384.289166
  ...
# Subtest: preview delta-ops parity: set_node_field op yields correct field-level overlay highlight
ok 1597 - preview delta-ops parity: set_node_field op yields correct field-level overlay highlight
  ---
  duration_ms: 330.285958
  ...
# Subtest: preview delta planner uses native auxiliary widget carriers for the full img2img node delta
ok 1598 - preview delta planner uses native auxiliary widget carriers for the full img2img node delta
  ---
  duration_ms: 338.704708
  ...
# Subtest: preview delta-ops parity: legacy graph-diff fallback cannot override normalized delta-op-derived highlights
ok 1599 - preview delta-ops parity: legacy graph-diff fallback cannot override normalized delta-op-derived highlights
  ---
  duration_ms: 290.640167
  ...
# Subtest: preview delta-ops parity: overlay draw operations render correct colors and labels for delta-derived node highlights
ok 1600 - preview delta-ops parity: overlay draw operations render correct colors and labels for delta-derived node highlights
  ---
  duration_ms: 348.575333
  ...
# Subtest: preview delta-ops parity: delta-derived overlay renders link wire operations for added and removed links
ok 1601 - preview delta-ops parity: delta-derived overlay renders link wire operations for added and removed links
  ---
  duration_ms: 310.7215
  ...
# Subtest: preview link wires suppress duplicate serialized endpoint badges but preserve real non-widget fields
ok 1602 - preview link wires suppress duplicate serialized endpoint badges but preserve real non-widget fields
  ---
  duration_ms: 306.82875
  ...
# Subtest: preview delta-ops parity: legacy fallback does not override delta-derived diff even with misleading report content_edits
ok 1603 - preview delta-ops parity: legacy fallback does not override delta-derived diff even with misleading report content_edits
  ---
  duration_ms: 318.390917
  ...
# Subtest: Family B: roundtrip submit JSON clones drop undefined and function members from response fields
ok 1604 - Family B: roundtrip submit JSON clones drop undefined and function members from response fields
  ---
  duration_ms: 383.359125
  ...
# Subtest: fingerprint is stable for identical graphs
ok 1605 - fingerprint is stable for identical graphs
  ---
  duration_ms: 129.7765
  ...
# Subtest: fingerprint is stable across repeated calls
ok 1606 - fingerprint is stable across repeated calls
  ---
  duration_ms: 13.32475
  ...
# Subtest: fingerprint is hex string of correct length
ok 1607 - fingerprint is hex string of correct length
  ---
  duration_ms: 8.039917
  ...
# Subtest: fingerprint is insensitive to node position changes
ok 1608 - fingerprint is insensitive to node position changes
  ---
  duration_ms: 13.283041
  ...
# Subtest: fingerprint is insensitive to node color/boxcolor/bgcolor changes
ok 1609 - fingerprint is insensitive to node color/boxcolor/bgcolor changes
  ---
  duration_ms: 8.563417
  ...
# Subtest: fingerprint is insensitive to node size changes
ok 1610 - fingerprint is insensitive to node size changes
  ---
  duration_ms: 7.957583
  ...
# Subtest: fingerprint is insensitive to widget value churn (prompt text change)
ok 1611 - fingerprint is insensitive to widget value churn (prompt text change)
  ---
  duration_ms: 6.451666
  ...
# Subtest: fingerprint is insensitive to widget value churn (seed change)
ok 1612 - fingerprint is insensitive to widget value churn (seed change)
  ---
  duration_ms: 8.007833
  ...
# Subtest: fingerprint is insensitive to extra properties on nodes
ok 1613 - fingerprint is insensitive to extra properties on nodes
  ---
  duration_ms: 38.820792
  ...
# Subtest: fingerprint changes when node IDs differ
ok 1614 - fingerprint changes when node IDs differ
  ---
  duration_ms: 17.256875
  ...
# Subtest: fingerprint changes when a node is added
ok 1615 - fingerprint changes when a node is added
  ---
  duration_ms: 10.753917
  ...
# Subtest: fingerprint changes when a node is removed
ok 1616 - fingerprint changes when a node is removed
  ---
  duration_ms: 5.787458
  ...
# Subtest: fingerprint changes when node type changes
ok 1617 - fingerprint changes when node type changes
  ---
  duration_ms: 6.871875
  ...
# Subtest: fingerprint changes when node mode changes
ok 1618 - fingerprint changes when node mode changes
  ---
  duration_ms: 17.885792
  ...
# Subtest: fingerprint changes when a link is added
ok 1619 - fingerprint changes when a link is added
  ---
  duration_ms: 4.669542
  ...
# Subtest: fingerprint changes when a link is removed
ok 1620 - fingerprint changes when a link is removed
  ---
  duration_ms: 7.785667
  ...
# Subtest: fingerprint changes when link source changes
ok 1621 - fingerprint changes when link source changes
  ---
  duration_ms: 26.514
  ...
# Subtest: fingerprint changes when link type changes
ok 1622 - fingerprint changes when link type changes
  ---
  duration_ms: 169.115417
  ...
# Subtest: fingerprint handles empty graph (no nodes)
ok 1623 - fingerprint handles empty graph (no nodes)
  ---
  duration_ms: 55.082625
  ...
# Subtest: fingerprint handles null/undefined graph gracefully
ok 1624 - fingerprint handles null/undefined graph gracefully
  ---
  duration_ms: 17.997834
  ...
# Subtest: computeScopeId produces valid scope id for non-empty graph
ok 1625 - computeScopeId produces valid scope id for non-empty graph
  ---
  duration_ms: 6.556833
  ...
# Subtest: computeScopeId returns same scope for same graph in same tab
ok 1626 - computeScopeId returns same scope for same graph in same tab
  ---
  duration_ms: 8.2055
  ...
# Subtest: computeScopeId returns different scope for different graphs in same tab
ok 1627 - computeScopeId returns different scope for different graphs in same tab
  ---
  duration_ms: 4.20175
  ...
# Subtest: computeScopeId returns null for empty graph
ok 1628 - computeScopeId returns null for empty graph
  ---
  duration_ms: 5.566084
  ...
# Subtest: computeScopeId uses workflow id to scope empty Comfy workflow tabs
ok 1629 - computeScopeId uses workflow id to scope empty Comfy workflow tabs
  ---
  duration_ms: 4.997167
  ...
# Subtest: computeScopeId separates identical graphs in different Comfy workflow tabs
ok 1630 - computeScopeId separates identical graphs in different Comfy workflow tabs
  ---
  duration_ms: 6.803125
  ...
# Subtest: computeScopeId keeps one identified workflow scoped across structural edits
ok 1631 - computeScopeId keeps one identified workflow scoped across structural edits
  ---
  duration_ms: 4.894792
  ...
# Subtest: captureInitialScopeId treats structural edits to an identified workflow as the same scope
ok 1632 - captureInitialScopeId treats structural edits to an identified workflow as the same scope
  ---
  duration_ms: 5.589375
  ...
# Subtest: captureInitialScopeId migrates the current fingerprint-qualified session binding
ok 1633 - captureInitialScopeId migrates the current fingerprint-qualified session binding
  ---
  duration_ms: 4.859167
  ...
# Subtest: captureInitialScopeId returns scope info with isNew=true on first call
ok 1634 - captureInitialScopeId returns scope info with isNew=true on first call
  ---
  duration_ms: 4.453916
  ...
# Subtest: captureInitialScopeId returns isNew=false on second call with same graph
ok 1635 - captureInitialScopeId returns isNew=false on second call with same graph
  ---
  duration_ms: 5.533
  ...
# Subtest: captureInitialScopeId returns null for empty graph
ok 1636 - captureInitialScopeId returns null for empty graph
  ---
  duration_ms: 2.810667
  ...
# Subtest: captureInitialScopeId with forceRefresh bypasses cache
ok 1637 - captureInitialScopeId with forceRefresh bypasses cache
  ---
  duration_ms: 5.3
  ...
# Subtest: graph replacement (load new workflow) produces new scope
ok 1638 - graph replacement (load new workflow) produces new scope
  ---
  duration_ms: 4.465542
  ...
# Subtest: workflow open simulation: same graph re-opened gets same scope
ok 1639 - workflow open simulation: same graph re-opened gets same scope
  ---
  duration_ms: 17.864042
  ...
# Subtest: duplicate-tab: same graph in different tabs gets different scope ids
ok 1640 - duplicate-tab: same graph in different tabs gets different scope ids
  ---
  duration_ms: 26.245417
  ...
# Subtest: duplicate-tab: each tab maintains independent scope sessions
ok 1641 - duplicate-tab: each tab maintains independent scope sessions
  ---
  duration_ms: 9.183041
  ...
# Subtest: duplicate-tab: different fingerprints produce different scopes even with tab isolation
ok 1642 - duplicate-tab: different fingerprints produce different scopes even with tab isolation
  ---
  duration_ms: 5.333833
  ...
# Subtest: single node graph produces valid scope
ok 1643 - single node graph produces valid scope
  ---
  duration_ms: 4.397291
  ...
# Subtest: fingerprint survives JSON round-trip
ok 1644 - fingerprint survives JSON round-trip
  ---
  duration_ms: 3.959291
  ...
# Subtest: fingerprint is insensitive to object key ordering
ok 1645 - fingerprint is insensitive to object key ordering
  ---
  duration_ms: 4.882709
  ...
# Subtest: fingerprint handles object-form links (not just arrays)
ok 1646 - fingerprint handles object-form links (not just arrays)
  ---
  duration_ms: 3.684583
  ...
# Subtest: fingerprint changes when vibecomfy intent node class differs
ok 1647 - fingerprint changes when vibecomfy intent node class differs
  ---
  duration_ms: 3.124542
  ...
# Subtest: scopeId contains only safe characters
ok 1648 - scopeId contains only safe characters
  ---
  duration_ms: 2.782875
  ...
# Subtest: different single-node graphs produce different scope ids
ok 1649 - different single-node graphs produce different scope ids
  ---
  duration_ms: 2.243458
  ...
# Subtest: sessionStorage wrappers set and get values
ok 1650 - sessionStorage wrappers set and get values
  ---
  duration_ms: 12.392042
  ...
# Subtest: sessionStorage wrappers return null for missing keys
ok 1651 - sessionStorage wrappers return null for missing keys
  ---
  duration_ms: 6.494334
  ...
# Subtest: setScopedSessionId with null/empty clears the binding
ok 1652 - setScopedSessionId with null/empty clears the binding
  ---
  duration_ms: 4.806792
  ...
# Subtest: forgetScopedSessionId removes the binding
ok 1653 - forgetScopedSessionId removes the binding
  ---
  duration_ms: 21.537667
  ...
# Subtest: different scopes have independent session bindings
ok 1654 - different scopes have independent session bindings
  ---
  duration_ms: 10.40175
  ...
# Subtest: per-tab nonce is stable within a module lifetime
ok 1655 - per-tab nonce is stable within a module lifetime
  ---
  duration_ms: 10.729291
  ...
# Subtest: per-tab nonce differs when sessionStorage is cleared (simulating new tab)
ok 1656 - per-tab nonce differs when sessionStorage is cleared (simulating new tab)
  ---
  duration_ms: 10.701125
  ...
# Subtest: resolveScopeSessionId returns null when no binding and no legacy
ok 1657 - resolveScopeSessionId returns null when no binding and no legacy
  ---
  duration_ms: 4.683375
  ...
# Subtest: resolveScopeSessionId returns scoped binding when set
ok 1658 - resolveScopeSessionId returns scoped binding when set
  ---
  duration_ms: 13.205125
  ...
# Subtest: legacy migration migrates localStorage scalar into scope once
ok 1659 - legacy migration migrates localStorage scalar into scope once
  ---
  duration_ms: 9.140166
  ...
# Subtest: legacy migration only happens once — second scope does not see legacy
ok 1660 - legacy migration only happens once — second scope does not see legacy
  ---
  duration_ms: 5.676375
  ...
# Subtest: duplicate-tab fork: same scopeId in different tabs gets different sessions
ok 1661 - duplicate-tab fork: same scopeId in different tabs gets different sessions
  ---
  duration_ms: 14.253084
  ...
# Subtest: scopeId validation rejects non-string and empty values
ok 1662 - scopeId validation rejects non-string and empty values
  ---
  duration_ms: 7.482333
  ...
# Subtest: scoped session survives within tab across multiple resolutions
ok 1663 - scoped session survives within tab across multiple resolutions
  ---
  duration_ms: 13.34425
  ...
# Subtest: distinct workflow scopes keep independent session bindings (scope isolation)
ok 1664 - distinct workflow scopes keep independent session bindings (scope isolation)
  ---
  duration_ms: 10.269625
  ...
# Subtest: submit flow factory keeps exactly TWO consumer-owned WeakMaps and one scalar deps object (S12)
ok 1665 - submit flow factory keeps exactly TWO consumer-owned WeakMaps and one scalar deps object (S12)
  ---
  duration_ms: 5.289292
  ...
# Subtest: submit watchdog deps seam behaves as a consumer-owned plain object (behavioral via harness)
ok 1666 - submit watchdog deps seam behaves as a consumer-owned plain object (behavioral via harness)
  ---
  duration_ms: 1507.691542
  ...
# Subtest: preview cache stays on panel.state keyed by primitive strings (S13)
ok 1667 - preview cache stays on panel.state keyed by primitive strings (S13)
  ---
  duration_ms: 10.295375
  ...
# Subtest: lifecycle module is the authority and roundtrip delegates (no duplicate factory)
ok 1668 - lifecycle module is the authority and roundtrip delegates (no duplicate factory)
  ---
  duration_ms: 6.921458
  ...
# Subtest: lifecycle-owned-by-clear removes the preview diff cache fields (behavioral)
ok 1669 - lifecycle-owned-by-clear removes the preview diff cache fields (behavioral)
  ---
  duration_ms: 1.267542
  ...
# Subtest: lifecycle authority exports are behaviorally present
ok 1670 - lifecycle authority exports are behaviorally present
  ---
  duration_ms: 0.269875
  ...
1..1670
# tests 1670
# suites 0
# pass 1668
# fail 0
# cancelled 0
# skipped 2
# todo 0
# duration_ms 111562.573459
